rank,candidate_id,caller_symbol,source_file,source_line_number,callee_symbol,callsite_family,candidate_level_proof,ready_to_reopen_domain,source_patch_authorized
1,0aaa76206517,ChaseCamera,GAME/CAMERA.C,77,angle,combat-camera-context,no,no,no
2,0aaa76206517,ChaseCamera,GAME/CAMERA.C,1108,InitialiseCamera,combat-camera-context,no,no,no
3,0aaa76206517,ChaseCamera,GAME/CAMERA.C,1110,SECTOR,combat-camera-context,no,no,no
4,0aaa76206517,ChaseCamera,GAME/CAMERA.C,1115,SECTOR,combat-camera-context,no,no,no
5,0aaa76206517,ChaseCamera,GAME/CAMERA.C,1118,SECTOR,combat-camera-context,no,no,no
6,0aaa76206517,ChaseCamera,GAME/CAMERA.C,1121,SECTOR,combat-camera-context,no,no,no
7,0aaa76206517,ChaseCamera,GAME/CAMERA.C,1124,SECTOR,combat-camera-context,no,no,no
8,0aaa76206517,ChaseCamera,GAME/CAMERA.C,1136,AlterFOV,combat-camera-context,no,no,no
9,0aaa76206517,ChaseCamera,GAME/CAMERA.C,1136,ANGLE,combat-camera-context,no,no,no
10,0aaa76206517,ChaseCamera,GAME/CAMERA.C,1138,CalculateCamera,combat-camera-context,no,no,no
11,0aaa76206517,ChaseCamera,GAME/CAMERA.C,1143,AlterFOV,combat-camera-context,no,no,no
12,0aaa76206517,ChaseCamera,GAME/CAMERA.C,1148,COS,combat-camera-context,no,no,no
13,0aaa76206517,ChaseCamera,GAME/CAMERA.C,1148,SIN,combat-camera-context,no,no,no
14,0aaa76206517,ChaseCamera,GAME/CAMERA.C,1157,COS,combat-camera-context,no,no,no
15,0aaa76206517,ChaseCamera,GAME/CAMERA.C,1157,SIN,combat-camera-context,no,no,no
16,0aaa76206517,ChaseCamera,GAME/CAMERA.C,1161,gte_SetGeomScreen,combat-camera-context,no,no,no
17,0aaa76206517,ChaseCamera,GAME/CAMERA.C,1167,CalculateCamera,combat-camera-context,no,no,no
18,0aaa76206517,ChaseCamera,GAME/CAMERA.C,1170,Log,combat-camera-context,no,no,no
19,0aaa76206517,ChaseCamera,GAME/CAMERA.C,1196,BinocularCamera,combat-camera-context,no,no,no
20,0aaa76206517,ChaseCamera,GAME/CAMERA.C,1225,CDDA_SetMasterVolume,combat-camera-context,no,no,no
21,0aaa76206517,ChaseCamera,GAME/CAMERA.C,1248,SoundEffect,combat-camera-context,no,no,no
22,0aaa76206517,ChaseCamera,GAME/CAMERA.C,1253,CDDA_SetMasterVolume,combat-camera-context,no,no,no
23,0aaa76206517,ChaseCamera,GAME/CAMERA.C,1267,CDDA_SetMasterVolume,combat-camera-context,no,no,no
24,0aaa76206517,ChaseCamera,GAME/CAMERA.C,1279,do_new_cutscene_camera,combat-camera-context,no,no,no
25,0aaa76206517,ChaseCamera,GAME/CAMERA.C,1308,GetBoundsAccurate,combat-camera-context,no,no,no
26,0aaa76206517,ChaseCamera,GAME/CAMERA.C,1314,mSqrt,combat-camera-context,no,no,no
27,0aaa76206517,ChaseCamera,GAME/CAMERA.C,1315,phd_atan_asm,combat-camera-context,no,no,no
28,0aaa76206517,ChaseCamera,GAME/CAMERA.C,1318,GetBoundsAccurate,combat-camera-context,no,no,no
29,0aaa76206517,ChaseCamera,GAME/CAMERA.C,1319,phd_atan_asm,combat-camera-context,no,no,no
30,0aaa76206517,ChaseCamera,GAME/CAMERA.C,1329,S_Warn,combat-camera-context,no,no,no
31,0aaa76206517,ChaseCamera,GAME/CAMERA.C,1330,assert,combat-camera-context,no,no,no
32,0aaa76206517,ChaseCamera,GAME/CAMERA.C,1446,LookCamera,combat-camera-context,no,no,no
33,0aaa76206517,ChaseCamera,GAME/CAMERA.C,1450,CombatCamera,combat-camera-context,no,no,no
34,0aaa76206517,ChaseCamera,GAME/CAMERA.C,1479,GetLaraJointPos,combat-camera-context,no,no,no
35,0aaa76206517,ChaseCamera,GAME/CAMERA.C,1493,SIN,combat-camera-context,no,no,no
36,0aaa76206517,ChaseCamera,GAME/CAMERA.C,1494,COS,combat-camera-context,no,no,no
37,0aaa76206517,ChaseCamera,GAME/CAMERA.C,1498,ConfirmCameraTargetPos,combat-camera-context,no,no,no
38,0aaa76206517,ChaseCamera,GAME/CAMERA.C,1532,GetFloor,combat-camera-context,no,no,no
39,0aaa76206517,ChaseCamera,GAME/CAMERA.C,1539,ABS,combat-camera-context,no,no,no
40,0aaa76206517,ChaseCamera,GAME/CAMERA.C,1542,ABS,combat-camera-context,no,no,no
41,0aaa76206517,ChaseCamera,GAME/CAMERA.C,1544,ABS,combat-camera-context,no,no,no
42,0aaa76206517,ChaseCamera,GAME/CAMERA.C,1546,ABS,combat-camera-context,no,no,no
43,0aaa76206517,ChaseCamera,GAME/CAMERA.C,1558,ChaseCamera,combat-camera-context,no,no,no
44,0aaa76206517,ChaseCamera,GAME/CAMERA.C,1562,FixedCamera,combat-camera-context,no,no,no
45,0aaa76206517,ChaseCamera,GAME/CAMERA.C,1590,UNIMPLEMENTED,combat-camera-context,no,no,no
46,0aaa76206517,ChaseCamera,GAME/CAMERA.C,1596,LookCamera,combat-camera-context,no,no,no
47,0aaa76206517,ChaseCamera,GAME/CAMERA.C,1598,UNIMPLEMENTED,combat-camera-context,no,no,no
48,0aaa76206517,ChaseCamera,GAME/CAMERA.C,1601,CombatCamera,combat-camera-context,no,no,no
49,0aaa76206517,ChaseCamera,GAME/CAMERA.C,1642,GetFloor,combat-camera-context,no,no,no
50,0aaa76206517,ChaseCamera,GAME/CAMERA.C,1643,GetHeight,combat-camera-context,no,no,no
51,0aaa76206517,ChaseCamera,GAME/CAMERA.C,1644,GetCeiling,combat-camera-context,no,no,no
52,0aaa76206517,ChaseCamera,GAME/CAMERA.C,1681,loc_269A0,combat-camera-context,no,no,no
53,0aaa76206517,ChaseCamera,GAME/CAMERA.C,1683,UNIMPLEMENTED,combat-camera-context,no,no,no
54,0aaa76206517,ChaseCamera,GAME/CAMERA.C,1687,FixedCamera,combat-camera-context,no,no,no
55,0aaa76206517,ChaseCamera,GAME/CAMERA.C,1689,UNIMPLEMENTED,combat-camera-context,no,no,no
56,0aaa76206517,ChaseCamera,GAME/CAMERA.C,1692,ChaseCamera,combat-camera-context,no,no,no
57,0aaa76206517,ChaseCamera,GAME/CAMERA.C,1719,UpdateCameraElevation,combat-camera-context,no,no,no
58,0aaa76206517,ChaseCamera,GAME/CAMERA.C,1735,COS,combat-camera-context,no,no,no
59,0aaa76206517,ChaseCamera,GAME/CAMERA.C,1736,GetFloor,combat-camera-context,no,no,no
60,0aaa76206517,ChaseCamera,GAME/CAMERA.C,1743,GetFloor,combat-camera-context,no,no,no
61,0aaa76206517,ChaseCamera,GAME/CAMERA.C,1744,GetHeight,combat-camera-context,no,no,no
62,0aaa76206517,ChaseCamera,GAME/CAMERA.C,1745,GetCeiling,combat-camera-context,no,no,no
63,0aaa76206517,ChaseCamera,GAME/CAMERA.C,1766,SIN,combat-camera-context,no,no,no
64,0aaa76206517,ChaseCamera,GAME/CAMERA.C,1785,SIN,combat-camera-context,no,no,no
65,0aaa76206517,ChaseCamera,GAME/CAMERA.C,1786,COS,combat-camera-context,no,no,no
66,0aaa76206517,ChaseCamera,GAME/CAMERA.C,1789,mgLOS,combat-camera-context,no,no,no
67,0aaa76206517,ChaseCamera,GAME/CAMERA.C,1800,mgLOS,combat-camera-context,no,no,no
68,0aaa76206517,ChaseCamera,GAME/CAMERA.C,1829,mgLOS,combat-camera-context,no,no,no
69,0aaa76206517,ChaseCamera,GAME/CAMERA.C,1849,CameraCollisionBounds,combat-camera-context,no,no,no
70,0aaa76206517,ChaseCamera,GAME/CAMERA.C,1865,MoveCamera,combat-camera-context,no,no,no
71,0aaa76206517,ChaseCamera,GAME/CAMERA.C,1868,BinocularCamera,combat-camera-context,no,no,no
72,0aaa76206517,ChaseCamera,GAME/CAMERA.C,1870,UNIMPLEMENTED,combat-camera-context,no,no,no
73,0aaa76206517,ChaseCamera,GAME/CAMERA.C,1873,ConfirmCameraTargetPos,combat-camera-context,no,no,no
74,0aaa76206517,ChaseCamera,GAME/CAMERA.C,1888,GetJointAbsPosition,combat-camera-context,no,no,no
75,0aaa76206517,ChaseCamera,GAME/CAMERA.C,1908,GetFloor,combat-camera-context,no,no,no
76,0aaa76206517,ChaseCamera,GAME/CAMERA.C,1909,GetHeight,combat-camera-context,no,no,no
77,0aaa76206517,ChaseCamera,GAME/CAMERA.C,1910,GetCeiling,combat-camera-context,no,no,no
78,0aaa76206517,ChaseCamera,GAME/CAMERA.C,1920,ScreenShake,combat-camera-context,no,no,no
79,0aaa76206517,ChaseCamera,GAME/CAMERA.C,1930,phd_sqrt_asm,combat-camera-context,no,no,no
80,0aaa76206517,ChaseCamera,GAME/CAMERA.C,1948,UpdateCameraElevation,combat-camera-context,no,no,no
81,0aaa76206517,ChaseCamera,GAME/CAMERA.C,1958,GetLaraJointPos,combat-camera-context,no,no,no
82,0aaa76206517,ChaseCamera,GAME/CAMERA.C,1961,SECTOR,combat-camera-context,no,no,no
83,0aaa76206517,ChaseCamera,GAME/CAMERA.C,1962,SECTOR,combat-camera-context,no,no,no
84,0aaa76206517,ChaseCamera,GAME/CAMERA.C,1963,GetLaraJointPos,combat-camera-context,no,no,no
85,0aaa76206517,ChaseCamera,GAME/CAMERA.C,1967,phd_atan_asm,combat-camera-context,no,no,no
86,0aaa76206517,ChaseCamera,GAME/CAMERA.C,1979,LaraTorch,combat-camera-context,no,no,no
87,0aaa76206517,ChaseCamera,GAME/CAMERA.C,1997,TriggerDynamic,combat-camera-context,no,no,no
88,0aaa76206517,ChaseCamera,GAME/CAMERA.C,1999,LOS,combat-camera-context,no,no,no
89,0aaa76206517,ChaseCamera,GAME/CAMERA.C,2001,phd_sqrt_asm,combat-camera-context,no,no,no
90,0aaa76206517,ChaseCamera,GAME/CAMERA.C,2011,TriggerDynamic,combat-camera-context,no,no,no
91,0aaa76206517,ChaseCamera,GAME/CAMERA.C,2015,mgLOS,combat-camera-context,no,no,no
92,0aaa76206517,ChaseCamera,GAME/CAMERA.C,2051,GetFloor,combat-camera-context,no,no,no
93,0aaa76206517,ChaseCamera,GAME/CAMERA.C,2052,GetHeight,combat-camera-context,no,no,no
94,0aaa76206517,ChaseCamera,GAME/CAMERA.C,2053,GetCeiling,combat-camera-context,no,no,no
95,0aaa76206517,ChaseCamera,GAME/CAMERA.C,2114,GetFloor,combat-camera-context,no,no,no
96,0aaa76206517,ChaseCamera,GAME/CAMERA.C,2119,CameraCollisionBounds,combat-camera-context,no,no,no
97,0aaa76206517,ChaseCamera,GAME/CAMERA.C,2136,GetFloor,combat-camera-context,no,no,no
98,0aaa76206517,ChaseCamera,GAME/CAMERA.C,2137,GetHeight,combat-camera-context,no,no,no
99,0aaa76206517,ChaseCamera,GAME/CAMERA.C,2138,GetCeiling,combat-camera-context,no,no,no
100,0aaa76206517,ChaseCamera,GAME/CAMERA.C,2157,GetFloor,combat-camera-context,no,no,no
101,0aaa76206517,ChaseCamera,GAME/CAMERA.C,2158,GetHeight,combat-camera-context,no,no,no
102,0aaa76206517,ChaseCamera,GAME/CAMERA.C,2159,GetCeiling,combat-camera-context,no,no,no
103,0aaa76206517,ChaseCamera,GAME/CAMERA.C,2168,GetFloor,combat-camera-context,no,no,no
104,0aaa76206517,ChaseCamera,GAME/CAMERA.C,2169,GetHeight,combat-camera-context,no,no,no
105,0aaa76206517,ChaseCamera,GAME/CAMERA.C,2170,GetCeiling,combat-camera-context,no,no,no
106,0aaa76206517,ChaseCamera,GAME/CAMERA.C,2180,GetFloor,combat-camera-context,no,no,no
107,0aaa76206517,ChaseCamera,GAME/CAMERA.C,2181,GetHeight,combat-camera-context,no,no,no
108,0aaa76206517,ChaseCamera,GAME/CAMERA.C,2182,GetCeiling,combat-camera-context,no,no,no
109,0aaa76206517,ChaseCamera,GAME/CAMERA.C,2194,GetFloor,combat-camera-context,no,no,no
110,0aaa76206517,ChaseCamera,GAME/CAMERA.C,2195,GetHeight,combat-camera-context,no,no,no
111,0aaa76206517,ChaseCamera,GAME/CAMERA.C,2196,GetCeiling,combat-camera-context,no,no,no
112,0aaa76206517,ChaseCamera,GAME/CAMERA.C,2208,GetFloor,combat-camera-context,no,no,no
113,0aaa76206517,ChaseCamera,GAME/CAMERA.C,2209,GetHeight,combat-camera-context,no,no,no
114,0aaa76206517,ChaseCamera,GAME/CAMERA.C,2210,GetCeiling,combat-camera-context,no,no,no
115,0aaa76206517,ChaseCamera,GAME/CAMERA.C,2227,GetFloor,combat-camera-context,no,no,no
116,0aaa76206517,ChaseCamera,GAME/CAMERA.C,2228,GetHeight,combat-camera-context,no,no,no
117,0aaa76206517,ChaseCamera,GAME/CAMERA.C,2229,GetCeiling,combat-camera-context,no,no,no
118,0aaa76206517,ChaseCamera,GAME/CAMERA.C,2236,GetFloor,combat-camera-context,no,no,no
119,0aaa76206517,ChaseCamera,GAME/CAMERA.C,2244,MoveCamera,combat-camera-context,no,no,no
120,0aaa76206517,ChaseCamera,GAME/CAMERA.C,2247,Log,combat-camera-context,no,no,no
121,0aaa76206517,ChaseCamera,GAME/CAMERA.C,2350,GetRandomControl,combat-camera-context,no,no,no
122,0aaa76206517,ChaseCamera,GAME/CAMERA.C,2352,GetRandomControl,combat-camera-context,no,no,no
123,0aaa76206517,ChaseCamera,GAME/CAMERA.C,2354,GetRandomControl,combat-camera-context,no,no,no
124,0aaa76206517,ChaseCamera,GAME/CAMERA.C,2364,GetFloor,combat-camera-context,no,no,no
125,0aaa76206517,ChaseCamera,GAME/CAMERA.C,2365,GetHeight,combat-camera-context,no,no,no
126,0aaa76206517,ChaseCamera,GAME/CAMERA.C,2366,GetCeiling,combat-camera-context,no,no,no
127,0aaa76206517,ChaseCamera,GAME/CAMERA.C,2371,mgLOS,combat-camera-context,no,no,no
128,0aaa76206517,ChaseCamera,GAME/CAMERA.C,2373,ABS,combat-camera-context,no,no,no
129,0aaa76206517,ChaseCamera,GAME/CAMERA.C,2374,ABS,combat-camera-context,no,no,no
130,0aaa76206517,ChaseCamera,GAME/CAMERA.C,2375,ABS,combat-camera-context,no,no,no
131,0aaa76206517,ChaseCamera,GAME/CAMERA.C,2389,mgLOS,combat-camera-context,no,no,no
132,0aaa76206517,ChaseCamera,GAME/CAMERA.C,2413,GetFloor,combat-camera-context,no,no,no
133,0aaa76206517,ChaseCamera,GAME/CAMERA.C,2414,GetHeight,combat-camera-context,no,no,no
134,0aaa76206517,ChaseCamera,GAME/CAMERA.C,2415,GetCeiling,combat-camera-context,no,no,no
135,0aaa76206517,ChaseCamera,GAME/CAMERA.C,2445,GetFloor,combat-camera-context,no,no,no
136,0aaa76206517,ChaseCamera,GAME/CAMERA.C,2451,var_70,combat-camera-context,no,no,no
137,0aaa76206517,ChaseCamera,GAME/CAMERA.C,2452,var_6C,combat-camera-context,no,no,no
138,0aaa76206517,ChaseCamera,GAME/CAMERA.C,2455,phd_LookAt,combat-camera-context,no,no,no
139,0aaa76206517,ChaseCamera,GAME/CAMERA.C,2457,phd_LookAt,combat-camera-context,no,no,no
140,0aaa76206517,ChaseCamera,GAME/CAMERA.C,2461,phd_QuickW2VMatrix,combat-camera-context,no,no,no
141,0aaa76206517,ChaseCamera,GAME/CAMERA.C,2475,SIN,combat-camera-context,no,no,no
142,0aaa76206517,ChaseCamera,GAME/CAMERA.C,2475,phd_atan_asm,combat-camera-context,no,no,no
143,0aaa76206517,ChaseCamera,GAME/CAMERA.C,2477,COS,combat-camera-context,no,no,no
144,0aaa76206517,ChaseCamera,GAME/CAMERA.C,2477,phd_atan_asm,combat-camera-context,no,no,no
145,0aaa76206517,ChaseCamera,GAME/CAMERA.C,2481,CheckForRichesIllegalDiagonalWalls,combat-camera-context,no,no,no
146,0aaa76206517,ChaseCamera,GAME/CAMERA.C,2483,UNIMPLEMENTED,combat-camera-context,no,no,no
147,0aaa76206517,CombatCamera,GAME/CAMERA.C,77,angle,combat-camera-context,no,no,no
148,0aaa76206517,CombatCamera,GAME/CAMERA.C,1108,InitialiseCamera,combat-camera-context,no,no,no
149,0aaa76206517,CombatCamera,GAME/CAMERA.C,1110,SECTOR,combat-camera-context,no,no,no
150,0aaa76206517,CombatCamera,GAME/CAMERA.C,1115,SECTOR,combat-camera-context,no,no,no
151,0aaa76206517,CombatCamera,GAME/CAMERA.C,1118,SECTOR,combat-camera-context,no,no,no
152,0aaa76206517,CombatCamera,GAME/CAMERA.C,1121,SECTOR,combat-camera-context,no,no,no
153,0aaa76206517,CombatCamera,GAME/CAMERA.C,1124,SECTOR,combat-camera-context,no,no,no
154,0aaa76206517,CombatCamera,GAME/CAMERA.C,1136,AlterFOV,combat-camera-context,no,no,no
155,0aaa76206517,CombatCamera,GAME/CAMERA.C,1136,ANGLE,combat-camera-context,no,no,no
156,0aaa76206517,CombatCamera,GAME/CAMERA.C,1138,CalculateCamera,combat-camera-context,no,no,no
157,0aaa76206517,CombatCamera,GAME/CAMERA.C,1143,AlterFOV,combat-camera-context,no,no,no
158,0aaa76206517,CombatCamera,GAME/CAMERA.C,1148,COS,combat-camera-context,no,no,no
159,0aaa76206517,CombatCamera,GAME/CAMERA.C,1148,SIN,combat-camera-context,no,no,no
160,0aaa76206517,CombatCamera,GAME/CAMERA.C,1157,COS,combat-camera-context,no,no,no
161,0aaa76206517,CombatCamera,GAME/CAMERA.C,1157,SIN,combat-camera-context,no,no,no
162,0aaa76206517,CombatCamera,GAME/CAMERA.C,1161,gte_SetGeomScreen,combat-camera-context,no,no,no
163,0aaa76206517,CombatCamera,GAME/CAMERA.C,1167,CalculateCamera,combat-camera-context,no,no,no
164,0aaa76206517,CombatCamera,GAME/CAMERA.C,1170,Log,combat-camera-context,no,no,no
165,0aaa76206517,CombatCamera,GAME/CAMERA.C,1196,BinocularCamera,combat-camera-context,no,no,no
166,0aaa76206517,CombatCamera,GAME/CAMERA.C,1225,CDDA_SetMasterVolume,combat-camera-context,no,no,no
167,0aaa76206517,CombatCamera,GAME/CAMERA.C,1248,SoundEffect,combat-camera-context,no,no,no
168,0aaa76206517,CombatCamera,GAME/CAMERA.C,1253,CDDA_SetMasterVolume,combat-camera-context,no,no,no
169,0aaa76206517,CombatCamera,GAME/CAMERA.C,1267,CDDA_SetMasterVolume,combat-camera-context,no,no,no
170,0aaa76206517,CombatCamera,GAME/CAMERA.C,1279,do_new_cutscene_camera,combat-camera-context,no,no,no
171,0aaa76206517,CombatCamera,GAME/CAMERA.C,1308,GetBoundsAccurate,combat-camera-context,no,no,no
172,0aaa76206517,CombatCamera,GAME/CAMERA.C,1314,mSqrt,combat-camera-context,no,no,no
173,0aaa76206517,CombatCamera,GAME/CAMERA.C,1315,phd_atan_asm,combat-camera-context,no,no,no
174,0aaa76206517,CombatCamera,GAME/CAMERA.C,1318,GetBoundsAccurate,combat-camera-context,no,no,no
175,0aaa76206517,CombatCamera,GAME/CAMERA.C,1319,phd_atan_asm,combat-camera-context,no,no,no
176,0aaa76206517,CombatCamera,GAME/CAMERA.C,1329,S_Warn,combat-camera-context,no,no,no
177,0aaa76206517,CombatCamera,GAME/CAMERA.C,1330,assert,combat-camera-context,no,no,no
178,0aaa76206517,CombatCamera,GAME/CAMERA.C,1446,LookCamera,combat-camera-context,no,no,no
179,0aaa76206517,CombatCamera,GAME/CAMERA.C,1450,CombatCamera,combat-camera-context,no,no,no
180,0aaa76206517,CombatCamera,GAME/CAMERA.C,1479,GetLaraJointPos,combat-camera-context,no,no,no
181,0aaa76206517,CombatCamera,GAME/CAMERA.C,1493,SIN,combat-camera-context,no,no,no
182,0aaa76206517,CombatCamera,GAME/CAMERA.C,1494,COS,combat-camera-context,no,no,no
183,0aaa76206517,CombatCamera,GAME/CAMERA.C,1498,ConfirmCameraTargetPos,combat-camera-context,no,no,no
184,0aaa76206517,CombatCamera,GAME/CAMERA.C,1532,GetFloor,combat-camera-context,no,no,no
185,0aaa76206517,CombatCamera,GAME/CAMERA.C,1539,ABS,combat-camera-context,no,no,no
186,0aaa76206517,CombatCamera,GAME/CAMERA.C,1542,ABS,combat-camera-context,no,no,no
187,0aaa76206517,CombatCamera,GAME/CAMERA.C,1544,ABS,combat-camera-context,no,no,no
188,0aaa76206517,CombatCamera,GAME/CAMERA.C,1546,ABS,combat-camera-context,no,no,no
189,0aaa76206517,CombatCamera,GAME/CAMERA.C,1558,ChaseCamera,combat-camera-context,no,no,no
190,0aaa76206517,CombatCamera,GAME/CAMERA.C,1562,FixedCamera,combat-camera-context,no,no,no
191,0aaa76206517,CombatCamera,GAME/CAMERA.C,1590,UNIMPLEMENTED,combat-camera-context,no,no,no
192,0aaa76206517,CombatCamera,GAME/CAMERA.C,1596,LookCamera,combat-camera-context,no,no,no
193,0aaa76206517,CombatCamera,GAME/CAMERA.C,1598,UNIMPLEMENTED,combat-camera-context,no,no,no
194,0aaa76206517,CombatCamera,GAME/CAMERA.C,1601,CombatCamera,combat-camera-context,no,no,no
195,0aaa76206517,CombatCamera,GAME/CAMERA.C,1642,GetFloor,combat-camera-context,no,no,no
196,0aaa76206517,CombatCamera,GAME/CAMERA.C,1643,GetHeight,combat-camera-context,no,no,no
197,0aaa76206517,CombatCamera,GAME/CAMERA.C,1644,GetCeiling,combat-camera-context,no,no,no
198,0aaa76206517,CombatCamera,GAME/CAMERA.C,1681,loc_269A0,combat-camera-context,no,no,no
199,0aaa76206517,CombatCamera,GAME/CAMERA.C,1683,UNIMPLEMENTED,combat-camera-context,no,no,no
200,0aaa76206517,CombatCamera,GAME/CAMERA.C,1687,FixedCamera,combat-camera-context,no,no,no
201,0aaa76206517,CombatCamera,GAME/CAMERA.C,1689,UNIMPLEMENTED,combat-camera-context,no,no,no
202,0aaa76206517,CombatCamera,GAME/CAMERA.C,1692,ChaseCamera,combat-camera-context,no,no,no
203,0aaa76206517,CombatCamera,GAME/CAMERA.C,1719,UpdateCameraElevation,combat-camera-context,no,no,no
204,0aaa76206517,CombatCamera,GAME/CAMERA.C,1735,COS,combat-camera-context,no,no,no
205,0aaa76206517,CombatCamera,GAME/CAMERA.C,1736,GetFloor,combat-camera-context,no,no,no
206,0aaa76206517,CombatCamera,GAME/CAMERA.C,1743,GetFloor,combat-camera-context,no,no,no
207,0aaa76206517,CombatCamera,GAME/CAMERA.C,1744,GetHeight,combat-camera-context,no,no,no
208,0aaa76206517,CombatCamera,GAME/CAMERA.C,1745,GetCeiling,combat-camera-context,no,no,no
209,0aaa76206517,CombatCamera,GAME/CAMERA.C,1766,SIN,combat-camera-context,no,no,no
210,0aaa76206517,CombatCamera,GAME/CAMERA.C,1785,SIN,combat-camera-context,no,no,no
211,0aaa76206517,CombatCamera,GAME/CAMERA.C,1786,COS,combat-camera-context,no,no,no
212,0aaa76206517,CombatCamera,GAME/CAMERA.C,1789,mgLOS,combat-camera-context,no,no,no
213,0aaa76206517,CombatCamera,GAME/CAMERA.C,1800,mgLOS,combat-camera-context,no,no,no
214,0aaa76206517,CombatCamera,GAME/CAMERA.C,1829,mgLOS,combat-camera-context,no,no,no
215,0aaa76206517,CombatCamera,GAME/CAMERA.C,1849,CameraCollisionBounds,combat-camera-context,no,no,no
216,0aaa76206517,CombatCamera,GAME/CAMERA.C,1865,MoveCamera,combat-camera-context,no,no,no
217,0aaa76206517,CombatCamera,GAME/CAMERA.C,1868,BinocularCamera,combat-camera-context,no,no,no
218,0aaa76206517,CombatCamera,GAME/CAMERA.C,1870,UNIMPLEMENTED,combat-camera-context,no,no,no
219,0aaa76206517,CombatCamera,GAME/CAMERA.C,1873,ConfirmCameraTargetPos,combat-camera-context,no,no,no
220,0aaa76206517,CombatCamera,GAME/CAMERA.C,1888,GetJointAbsPosition,combat-camera-context,no,no,no
221,0aaa76206517,CombatCamera,GAME/CAMERA.C,1908,GetFloor,combat-camera-context,no,no,no
222,0aaa76206517,CombatCamera,GAME/CAMERA.C,1909,GetHeight,combat-camera-context,no,no,no
223,0aaa76206517,CombatCamera,GAME/CAMERA.C,1910,GetCeiling,combat-camera-context,no,no,no
224,0aaa76206517,CombatCamera,GAME/CAMERA.C,1920,ScreenShake,combat-camera-context,no,no,no
225,0aaa76206517,CombatCamera,GAME/CAMERA.C,1930,phd_sqrt_asm,combat-camera-context,no,no,no
226,0aaa76206517,CombatCamera,GAME/CAMERA.C,1948,UpdateCameraElevation,combat-camera-context,no,no,no
227,0aaa76206517,CombatCamera,GAME/CAMERA.C,1958,GetLaraJointPos,combat-camera-context,no,no,no
228,0aaa76206517,CombatCamera,GAME/CAMERA.C,1961,SECTOR,combat-camera-context,no,no,no
229,0aaa76206517,CombatCamera,GAME/CAMERA.C,1962,SECTOR,combat-camera-context,no,no,no
230,0aaa76206517,CombatCamera,GAME/CAMERA.C,1963,GetLaraJointPos,combat-camera-context,no,no,no
231,0aaa76206517,CombatCamera,GAME/CAMERA.C,1967,phd_atan_asm,combat-camera-context,no,no,no
232,0aaa76206517,CombatCamera,GAME/CAMERA.C,1979,LaraTorch,combat-camera-context,no,no,no
233,0aaa76206517,CombatCamera,GAME/CAMERA.C,1997,TriggerDynamic,combat-camera-context,no,no,no
234,0aaa76206517,CombatCamera,GAME/CAMERA.C,1999,LOS,combat-camera-context,no,no,no
235,0aaa76206517,CombatCamera,GAME/CAMERA.C,2001,phd_sqrt_asm,combat-camera-context,no,no,no
236,0aaa76206517,CombatCamera,GAME/CAMERA.C,2011,TriggerDynamic,combat-camera-context,no,no,no
237,0aaa76206517,CombatCamera,GAME/CAMERA.C,2015,mgLOS,combat-camera-context,no,no,no
238,0aaa76206517,CombatCamera,GAME/CAMERA.C,2051,GetFloor,combat-camera-context,no,no,no
239,0aaa76206517,CombatCamera,GAME/CAMERA.C,2052,GetHeight,combat-camera-context,no,no,no
240,0aaa76206517,CombatCamera,GAME/CAMERA.C,2053,GetCeiling,combat-camera-context,no,no,no
241,0aaa76206517,CombatCamera,GAME/CAMERA.C,2114,GetFloor,combat-camera-context,no,no,no
242,0aaa76206517,CombatCamera,GAME/CAMERA.C,2119,CameraCollisionBounds,combat-camera-context,no,no,no
243,0aaa76206517,CombatCamera,GAME/CAMERA.C,2136,GetFloor,combat-camera-context,no,no,no
244,0aaa76206517,CombatCamera,GAME/CAMERA.C,2137,GetHeight,combat-camera-context,no,no,no
245,0aaa76206517,CombatCamera,GAME/CAMERA.C,2138,GetCeiling,combat-camera-context,no,no,no
246,0aaa76206517,CombatCamera,GAME/CAMERA.C,2157,GetFloor,combat-camera-context,no,no,no
247,0aaa76206517,CombatCamera,GAME/CAMERA.C,2158,GetHeight,combat-camera-context,no,no,no
248,0aaa76206517,CombatCamera,GAME/CAMERA.C,2159,GetCeiling,combat-camera-context,no,no,no
249,0aaa76206517,CombatCamera,GAME/CAMERA.C,2168,GetFloor,combat-camera-context,no,no,no
250,0aaa76206517,CombatCamera,GAME/CAMERA.C,2169,GetHeight,combat-camera-context,no,no,no
251,0aaa76206517,CombatCamera,GAME/CAMERA.C,2170,GetCeiling,combat-camera-context,no,no,no
252,0aaa76206517,CombatCamera,GAME/CAMERA.C,2180,GetFloor,combat-camera-context,no,no,no
253,0aaa76206517,CombatCamera,GAME/CAMERA.C,2181,GetHeight,combat-camera-context,no,no,no
254,0aaa76206517,CombatCamera,GAME/CAMERA.C,2182,GetCeiling,combat-camera-context,no,no,no
255,0aaa76206517,CombatCamera,GAME/CAMERA.C,2194,GetFloor,combat-camera-context,no,no,no
256,0aaa76206517,CombatCamera,GAME/CAMERA.C,2195,GetHeight,combat-camera-context,no,no,no
257,0aaa76206517,CombatCamera,GAME/CAMERA.C,2196,GetCeiling,combat-camera-context,no,no,no
258,0aaa76206517,CombatCamera,GAME/CAMERA.C,2208,GetFloor,combat-camera-context,no,no,no
259,0aaa76206517,CombatCamera,GAME/CAMERA.C,2209,GetHeight,combat-camera-context,no,no,no
260,0aaa76206517,CombatCamera,GAME/CAMERA.C,2210,GetCeiling,combat-camera-context,no,no,no
261,0aaa76206517,CombatCamera,GAME/CAMERA.C,2227,GetFloor,combat-camera-context,no,no,no
262,0aaa76206517,CombatCamera,GAME/CAMERA.C,2228,GetHeight,combat-camera-context,no,no,no
263,0aaa76206517,CombatCamera,GAME/CAMERA.C,2229,GetCeiling,combat-camera-context,no,no,no
264,0aaa76206517,CombatCamera,GAME/CAMERA.C,2236,GetFloor,combat-camera-context,no,no,no
265,0aaa76206517,CombatCamera,GAME/CAMERA.C,2244,MoveCamera,combat-camera-context,no,no,no
266,0aaa76206517,CombatCamera,GAME/CAMERA.C,2247,Log,combat-camera-context,no,no,no
267,0aaa76206517,CombatCamera,GAME/CAMERA.C,2350,GetRandomControl,combat-camera-context,no,no,no
268,0aaa76206517,CombatCamera,GAME/CAMERA.C,2352,GetRandomControl,combat-camera-context,no,no,no
269,0aaa76206517,CombatCamera,GAME/CAMERA.C,2354,GetRandomControl,combat-camera-context,no,no,no
270,0aaa76206517,CombatCamera,GAME/CAMERA.C,2364,GetFloor,combat-camera-context,no,no,no
271,0aaa76206517,CombatCamera,GAME/CAMERA.C,2365,GetHeight,combat-camera-context,no,no,no
272,0aaa76206517,CombatCamera,GAME/CAMERA.C,2366,GetCeiling,combat-camera-context,no,no,no
273,0aaa76206517,CombatCamera,GAME/CAMERA.C,2371,mgLOS,combat-camera-context,no,no,no
274,0aaa76206517,CombatCamera,GAME/CAMERA.C,2373,ABS,combat-camera-context,no,no,no
275,0aaa76206517,CombatCamera,GAME/CAMERA.C,2374,ABS,combat-camera-context,no,no,no
276,0aaa76206517,CombatCamera,GAME/CAMERA.C,2375,ABS,combat-camera-context,no,no,no
277,0aaa76206517,CombatCamera,GAME/CAMERA.C,2389,mgLOS,combat-camera-context,no,no,no
278,0aaa76206517,CombatCamera,GAME/CAMERA.C,2413,GetFloor,combat-camera-context,no,no,no
279,0aaa76206517,CombatCamera,GAME/CAMERA.C,2414,GetHeight,combat-camera-context,no,no,no
280,0aaa76206517,CombatCamera,GAME/CAMERA.C,2415,GetCeiling,combat-camera-context,no,no,no
281,0aaa76206517,CombatCamera,GAME/CAMERA.C,2445,GetFloor,combat-camera-context,no,no,no
282,0aaa76206517,CombatCamera,GAME/CAMERA.C,2451,var_70,combat-camera-context,no,no,no
283,0aaa76206517,CombatCamera,GAME/CAMERA.C,2452,var_6C,combat-camera-context,no,no,no
284,0aaa76206517,CombatCamera,GAME/CAMERA.C,2455,phd_LookAt,combat-camera-context,no,no,no
285,0aaa76206517,CombatCamera,GAME/CAMERA.C,2457,phd_LookAt,combat-camera-context,no,no,no
286,0aaa76206517,CombatCamera,GAME/CAMERA.C,2461,phd_QuickW2VMatrix,combat-camera-context,no,no,no
287,0aaa76206517,CombatCamera,GAME/CAMERA.C,2475,SIN,combat-camera-context,no,no,no
288,0aaa76206517,CombatCamera,GAME/CAMERA.C,2475,phd_atan_asm,combat-camera-context,no,no,no
289,0aaa76206517,CombatCamera,GAME/CAMERA.C,2477,COS,combat-camera-context,no,no,no
290,0aaa76206517,CombatCamera,GAME/CAMERA.C,2477,phd_atan_asm,combat-camera-context,no,no,no
291,0aaa76206517,CombatCamera,GAME/CAMERA.C,2481,CheckForRichesIllegalDiagonalWalls,combat-camera-context,no,no,no
292,0aaa76206517,CombatCamera,GAME/CAMERA.C,2483,UNIMPLEMENTED,combat-camera-context,no,no,no
293,0aaa76206517,ConfirmCameraTargetPos,GAME/CAMERA.C,77,angle,combat-camera-context,no,no,no
294,0aaa76206517,ConfirmCameraTargetPos,GAME/CAMERA.C,1108,InitialiseCamera,combat-camera-context,no,no,no
295,0aaa76206517,ConfirmCameraTargetPos,GAME/CAMERA.C,1110,SECTOR,combat-camera-context,no,no,no
296,0aaa76206517,ConfirmCameraTargetPos,GAME/CAMERA.C,1115,SECTOR,combat-camera-context,no,no,no
297,0aaa76206517,ConfirmCameraTargetPos,GAME/CAMERA.C,1118,SECTOR,combat-camera-context,no,no,no
298,0aaa76206517,ConfirmCameraTargetPos,GAME/CAMERA.C,1121,SECTOR,combat-camera-context,no,no,no
299,0aaa76206517,ConfirmCameraTargetPos,GAME/CAMERA.C,1124,SECTOR,combat-camera-context,no,no,no
300,0aaa76206517,ConfirmCameraTargetPos,GAME/CAMERA.C,1136,AlterFOV,combat-camera-context,no,no,no
301,0aaa76206517,ConfirmCameraTargetPos,GAME/CAMERA.C,1136,ANGLE,combat-camera-context,no,no,no
302,0aaa76206517,ConfirmCameraTargetPos,GAME/CAMERA.C,1138,CalculateCamera,combat-camera-context,no,no,no
303,0aaa76206517,ConfirmCameraTargetPos,GAME/CAMERA.C,1143,AlterFOV,combat-camera-context,no,no,no
304,0aaa76206517,ConfirmCameraTargetPos,GAME/CAMERA.C,1148,COS,combat-camera-context,no,no,no
305,0aaa76206517,ConfirmCameraTargetPos,GAME/CAMERA.C,1148,SIN,combat-camera-context,no,no,no
306,0aaa76206517,ConfirmCameraTargetPos,GAME/CAMERA.C,1157,COS,combat-camera-context,no,no,no
307,0aaa76206517,ConfirmCameraTargetPos,GAME/CAMERA.C,1157,SIN,combat-camera-context,no,no,no
308,0aaa76206517,ConfirmCameraTargetPos,GAME/CAMERA.C,1161,gte_SetGeomScreen,combat-camera-context,no,no,no
309,0aaa76206517,ConfirmCameraTargetPos,GAME/CAMERA.C,1167,CalculateCamera,combat-camera-context,no,no,no
310,0aaa76206517,ConfirmCameraTargetPos,GAME/CAMERA.C,1170,Log,combat-camera-context,no,no,no
311,0aaa76206517,ConfirmCameraTargetPos,GAME/CAMERA.C,1196,BinocularCamera,combat-camera-context,no,no,no
312,0aaa76206517,ConfirmCameraTargetPos,GAME/CAMERA.C,1225,CDDA_SetMasterVolume,combat-camera-context,no,no,no
313,0aaa76206517,ConfirmCameraTargetPos,GAME/CAMERA.C,1248,SoundEffect,combat-camera-context,no,no,no
314,0aaa76206517,ConfirmCameraTargetPos,GAME/CAMERA.C,1253,CDDA_SetMasterVolume,combat-camera-context,no,no,no
315,0aaa76206517,ConfirmCameraTargetPos,GAME/CAMERA.C,1267,CDDA_SetMasterVolume,combat-camera-context,no,no,no
316,0aaa76206517,ConfirmCameraTargetPos,GAME/CAMERA.C,1279,do_new_cutscene_camera,combat-camera-context,no,no,no
317,0aaa76206517,ConfirmCameraTargetPos,GAME/CAMERA.C,1308,GetBoundsAccurate,combat-camera-context,no,no,no
318,0aaa76206517,ConfirmCameraTargetPos,GAME/CAMERA.C,1314,mSqrt,combat-camera-context,no,no,no
319,0aaa76206517,ConfirmCameraTargetPos,GAME/CAMERA.C,1315,phd_atan_asm,combat-camera-context,no,no,no
320,0aaa76206517,ConfirmCameraTargetPos,GAME/CAMERA.C,1318,GetBoundsAccurate,combat-camera-context,no,no,no
321,0aaa76206517,ConfirmCameraTargetPos,GAME/CAMERA.C,1319,phd_atan_asm,combat-camera-context,no,no,no
322,0aaa76206517,ConfirmCameraTargetPos,GAME/CAMERA.C,1329,S_Warn,combat-camera-context,no,no,no
323,0aaa76206517,ConfirmCameraTargetPos,GAME/CAMERA.C,1330,assert,combat-camera-context,no,no,no
324,0aaa76206517,ConfirmCameraTargetPos,GAME/CAMERA.C,1446,LookCamera,combat-camera-context,no,no,no
325,0aaa76206517,ConfirmCameraTargetPos,GAME/CAMERA.C,1450,CombatCamera,combat-camera-context,no,no,no
326,0aaa76206517,ConfirmCameraTargetPos,GAME/CAMERA.C,1479,GetLaraJointPos,combat-camera-context,no,no,no
327,0aaa76206517,ConfirmCameraTargetPos,GAME/CAMERA.C,1493,SIN,combat-camera-context,no,no,no
328,0aaa76206517,ConfirmCameraTargetPos,GAME/CAMERA.C,1494,COS,combat-camera-context,no,no,no
329,0aaa76206517,ConfirmCameraTargetPos,GAME/CAMERA.C,1498,ConfirmCameraTargetPos,combat-camera-context,no,no,no
330,0aaa76206517,ConfirmCameraTargetPos,GAME/CAMERA.C,1532,GetFloor,combat-camera-context,no,no,no
331,0aaa76206517,ConfirmCameraTargetPos,GAME/CAMERA.C,1539,ABS,combat-camera-context,no,no,no
332,0aaa76206517,ConfirmCameraTargetPos,GAME/CAMERA.C,1542,ABS,combat-camera-context,no,no,no
333,0aaa76206517,ConfirmCameraTargetPos,GAME/CAMERA.C,1544,ABS,combat-camera-context,no,no,no
334,0aaa76206517,ConfirmCameraTargetPos,GAME/CAMERA.C,1546,ABS,combat-camera-context,no,no,no
335,0aaa76206517,ConfirmCameraTargetPos,GAME/CAMERA.C,1558,ChaseCamera,combat-camera-context,no,no,no
336,0aaa76206517,ConfirmCameraTargetPos,GAME/CAMERA.C,1562,FixedCamera,combat-camera-context,no,no,no
337,0aaa76206517,ConfirmCameraTargetPos,GAME/CAMERA.C,1590,UNIMPLEMENTED,combat-camera-context,no,no,no
338,0aaa76206517,ConfirmCameraTargetPos,GAME/CAMERA.C,1596,LookCamera,combat-camera-context,no,no,no
339,0aaa76206517,ConfirmCameraTargetPos,GAME/CAMERA.C,1598,UNIMPLEMENTED,combat-camera-context,no,no,no
340,0aaa76206517,ConfirmCameraTargetPos,GAME/CAMERA.C,1601,CombatCamera,combat-camera-context,no,no,no
341,0aaa76206517,ConfirmCameraTargetPos,GAME/CAMERA.C,1642,GetFloor,combat-camera-context,no,no,no
342,0aaa76206517,ConfirmCameraTargetPos,GAME/CAMERA.C,1643,GetHeight,combat-camera-context,no,no,no
343,0aaa76206517,ConfirmCameraTargetPos,GAME/CAMERA.C,1644,GetCeiling,combat-camera-context,no,no,no
344,0aaa76206517,ConfirmCameraTargetPos,GAME/CAMERA.C,1681,loc_269A0,combat-camera-context,no,no,no
345,0aaa76206517,ConfirmCameraTargetPos,GAME/CAMERA.C,1683,UNIMPLEMENTED,combat-camera-context,no,no,no
346,0aaa76206517,ConfirmCameraTargetPos,GAME/CAMERA.C,1687,FixedCamera,combat-camera-context,no,no,no
347,0aaa76206517,ConfirmCameraTargetPos,GAME/CAMERA.C,1689,UNIMPLEMENTED,combat-camera-context,no,no,no
348,0aaa76206517,ConfirmCameraTargetPos,GAME/CAMERA.C,1692,ChaseCamera,combat-camera-context,no,no,no
349,0aaa76206517,ConfirmCameraTargetPos,GAME/CAMERA.C,1719,UpdateCameraElevation,combat-camera-context,no,no,no
350,0aaa76206517,ConfirmCameraTargetPos,GAME/CAMERA.C,1735,COS,combat-camera-context,no,no,no
351,0aaa76206517,ConfirmCameraTargetPos,GAME/CAMERA.C,1736,GetFloor,combat-camera-context,no,no,no
352,0aaa76206517,ConfirmCameraTargetPos,GAME/CAMERA.C,1743,GetFloor,combat-camera-context,no,no,no
353,0aaa76206517,ConfirmCameraTargetPos,GAME/CAMERA.C,1744,GetHeight,combat-camera-context,no,no,no
354,0aaa76206517,ConfirmCameraTargetPos,GAME/CAMERA.C,1745,GetCeiling,combat-camera-context,no,no,no
355,0aaa76206517,ConfirmCameraTargetPos,GAME/CAMERA.C,1766,SIN,combat-camera-context,no,no,no
356,0aaa76206517,ConfirmCameraTargetPos,GAME/CAMERA.C,1785,SIN,combat-camera-context,no,no,no
357,0aaa76206517,ConfirmCameraTargetPos,GAME/CAMERA.C,1786,COS,combat-camera-context,no,no,no
358,0aaa76206517,ConfirmCameraTargetPos,GAME/CAMERA.C,1789,mgLOS,combat-camera-context,no,no,no
359,0aaa76206517,ConfirmCameraTargetPos,GAME/CAMERA.C,1800,mgLOS,combat-camera-context,no,no,no
360,0aaa76206517,ConfirmCameraTargetPos,GAME/CAMERA.C,1829,mgLOS,combat-camera-context,no,no,no
361,0aaa76206517,ConfirmCameraTargetPos,GAME/CAMERA.C,1849,CameraCollisionBounds,combat-camera-context,no,no,no
362,0aaa76206517,ConfirmCameraTargetPos,GAME/CAMERA.C,1865,MoveCamera,combat-camera-context,no,no,no
363,0aaa76206517,ConfirmCameraTargetPos,GAME/CAMERA.C,1868,BinocularCamera,combat-camera-context,no,no,no
364,0aaa76206517,ConfirmCameraTargetPos,GAME/CAMERA.C,1870,UNIMPLEMENTED,combat-camera-context,no,no,no
365,0aaa76206517,ConfirmCameraTargetPos,GAME/CAMERA.C,1873,ConfirmCameraTargetPos,combat-camera-context,no,no,no
366,0aaa76206517,ConfirmCameraTargetPos,GAME/CAMERA.C,1888,GetJointAbsPosition,combat-camera-context,no,no,no
367,0aaa76206517,ConfirmCameraTargetPos,GAME/CAMERA.C,1908,GetFloor,combat-camera-context,no,no,no
368,0aaa76206517,ConfirmCameraTargetPos,GAME/CAMERA.C,1909,GetHeight,combat-camera-context,no,no,no
369,0aaa76206517,ConfirmCameraTargetPos,GAME/CAMERA.C,1910,GetCeiling,combat-camera-context,no,no,no
370,0aaa76206517,ConfirmCameraTargetPos,GAME/CAMERA.C,1920,ScreenShake,combat-camera-context,no,no,no
371,0aaa76206517,ConfirmCameraTargetPos,GAME/CAMERA.C,1930,phd_sqrt_asm,combat-camera-context,no,no,no
372,0aaa76206517,ConfirmCameraTargetPos,GAME/CAMERA.C,1948,UpdateCameraElevation,combat-camera-context,no,no,no
373,0aaa76206517,ConfirmCameraTargetPos,GAME/CAMERA.C,1958,GetLaraJointPos,combat-camera-context,no,no,no
374,0aaa76206517,ConfirmCameraTargetPos,GAME/CAMERA.C,1961,SECTOR,combat-camera-context,no,no,no
375,0aaa76206517,ConfirmCameraTargetPos,GAME/CAMERA.C,1962,SECTOR,combat-camera-context,no,no,no
376,0aaa76206517,ConfirmCameraTargetPos,GAME/CAMERA.C,1963,GetLaraJointPos,combat-camera-context,no,no,no
377,0aaa76206517,ConfirmCameraTargetPos,GAME/CAMERA.C,1967,phd_atan_asm,combat-camera-context,no,no,no
378,0aaa76206517,ConfirmCameraTargetPos,GAME/CAMERA.C,1979,LaraTorch,combat-camera-context,no,no,no
379,0aaa76206517,ConfirmCameraTargetPos,GAME/CAMERA.C,1997,TriggerDynamic,combat-camera-context,no,no,no
380,0aaa76206517,ConfirmCameraTargetPos,GAME/CAMERA.C,1999,LOS,combat-camera-context,no,no,no
381,0aaa76206517,ConfirmCameraTargetPos,GAME/CAMERA.C,2001,phd_sqrt_asm,combat-camera-context,no,no,no
382,0aaa76206517,ConfirmCameraTargetPos,GAME/CAMERA.C,2011,TriggerDynamic,combat-camera-context,no,no,no
383,0aaa76206517,ConfirmCameraTargetPos,GAME/CAMERA.C,2015,mgLOS,combat-camera-context,no,no,no
384,0aaa76206517,ConfirmCameraTargetPos,GAME/CAMERA.C,2051,GetFloor,combat-camera-context,no,no,no
385,0aaa76206517,ConfirmCameraTargetPos,GAME/CAMERA.C,2052,GetHeight,combat-camera-context,no,no,no
386,0aaa76206517,ConfirmCameraTargetPos,GAME/CAMERA.C,2053,GetCeiling,combat-camera-context,no,no,no
387,0aaa76206517,ConfirmCameraTargetPos,GAME/CAMERA.C,2114,GetFloor,combat-camera-context,no,no,no
388,0aaa76206517,ConfirmCameraTargetPos,GAME/CAMERA.C,2119,CameraCollisionBounds,combat-camera-context,no,no,no
389,0aaa76206517,ConfirmCameraTargetPos,GAME/CAMERA.C,2136,GetFloor,combat-camera-context,no,no,no
390,0aaa76206517,ConfirmCameraTargetPos,GAME/CAMERA.C,2137,GetHeight,combat-camera-context,no,no,no
391,0aaa76206517,ConfirmCameraTargetPos,GAME/CAMERA.C,2138,GetCeiling,combat-camera-context,no,no,no
392,0aaa76206517,ConfirmCameraTargetPos,GAME/CAMERA.C,2157,GetFloor,combat-camera-context,no,no,no
393,0aaa76206517,ConfirmCameraTargetPos,GAME/CAMERA.C,2158,GetHeight,combat-camera-context,no,no,no
394,0aaa76206517,ConfirmCameraTargetPos,GAME/CAMERA.C,2159,GetCeiling,combat-camera-context,no,no,no
395,0aaa76206517,ConfirmCameraTargetPos,GAME/CAMERA.C,2168,GetFloor,combat-camera-context,no,no,no
396,0aaa76206517,ConfirmCameraTargetPos,GAME/CAMERA.C,2169,GetHeight,combat-camera-context,no,no,no
397,0aaa76206517,ConfirmCameraTargetPos,GAME/CAMERA.C,2170,GetCeiling,combat-camera-context,no,no,no
398,0aaa76206517,ConfirmCameraTargetPos,GAME/CAMERA.C,2180,GetFloor,combat-camera-context,no,no,no
399,0aaa76206517,ConfirmCameraTargetPos,GAME/CAMERA.C,2181,GetHeight,combat-camera-context,no,no,no
400,0aaa76206517,ConfirmCameraTargetPos,GAME/CAMERA.C,2182,GetCeiling,combat-camera-context,no,no,no
401,0aaa76206517,ConfirmCameraTargetPos,GAME/CAMERA.C,2194,GetFloor,combat-camera-context,no,no,no
402,0aaa76206517,ConfirmCameraTargetPos,GAME/CAMERA.C,2195,GetHeight,combat-camera-context,no,no,no
403,0aaa76206517,ConfirmCameraTargetPos,GAME/CAMERA.C,2196,GetCeiling,combat-camera-context,no,no,no
404,0aaa76206517,ConfirmCameraTargetPos,GAME/CAMERA.C,2208,GetFloor,combat-camera-context,no,no,no
405,0aaa76206517,ConfirmCameraTargetPos,GAME/CAMERA.C,2209,GetHeight,combat-camera-context,no,no,no
406,0aaa76206517,ConfirmCameraTargetPos,GAME/CAMERA.C,2210,GetCeiling,combat-camera-context,no,no,no
407,0aaa76206517,ConfirmCameraTargetPos,GAME/CAMERA.C,2227,GetFloor,combat-camera-context,no,no,no
408,0aaa76206517,ConfirmCameraTargetPos,GAME/CAMERA.C,2228,GetHeight,combat-camera-context,no,no,no
409,0aaa76206517,ConfirmCameraTargetPos,GAME/CAMERA.C,2229,GetCeiling,combat-camera-context,no,no,no
410,0aaa76206517,ConfirmCameraTargetPos,GAME/CAMERA.C,2236,GetFloor,combat-camera-context,no,no,no
411,0aaa76206517,ConfirmCameraTargetPos,GAME/CAMERA.C,2244,MoveCamera,combat-camera-context,no,no,no
412,0aaa76206517,ConfirmCameraTargetPos,GAME/CAMERA.C,2247,Log,combat-camera-context,no,no,no
413,0aaa76206517,ConfirmCameraTargetPos,GAME/CAMERA.C,2350,GetRandomControl,combat-camera-context,no,no,no
414,0aaa76206517,ConfirmCameraTargetPos,GAME/CAMERA.C,2352,GetRandomControl,combat-camera-context,no,no,no
415,0aaa76206517,ConfirmCameraTargetPos,GAME/CAMERA.C,2354,GetRandomControl,combat-camera-context,no,no,no
416,0aaa76206517,ConfirmCameraTargetPos,GAME/CAMERA.C,2364,GetFloor,combat-camera-context,no,no,no
417,0aaa76206517,ConfirmCameraTargetPos,GAME/CAMERA.C,2365,GetHeight,combat-camera-context,no,no,no
418,0aaa76206517,ConfirmCameraTargetPos,GAME/CAMERA.C,2366,GetCeiling,combat-camera-context,no,no,no
419,0aaa76206517,ConfirmCameraTargetPos,GAME/CAMERA.C,2371,mgLOS,combat-camera-context,no,no,no
420,0aaa76206517,ConfirmCameraTargetPos,GAME/CAMERA.C,2373,ABS,combat-camera-context,no,no,no
421,0aaa76206517,ConfirmCameraTargetPos,GAME/CAMERA.C,2374,ABS,combat-camera-context,no,no,no
422,0aaa76206517,ConfirmCameraTargetPos,GAME/CAMERA.C,2375,ABS,combat-camera-context,no,no,no
423,0aaa76206517,ConfirmCameraTargetPos,GAME/CAMERA.C,2389,mgLOS,combat-camera-context,no,no,no
424,0aaa76206517,ConfirmCameraTargetPos,GAME/CAMERA.C,2413,GetFloor,combat-camera-context,no,no,no
425,0aaa76206517,ConfirmCameraTargetPos,GAME/CAMERA.C,2414,GetHeight,combat-camera-context,no,no,no
426,0aaa76206517,ConfirmCameraTargetPos,GAME/CAMERA.C,2415,GetCeiling,combat-camera-context,no,no,no
427,0aaa76206517,ConfirmCameraTargetPos,GAME/CAMERA.C,2445,GetFloor,combat-camera-context,no,no,no
428,0aaa76206517,ConfirmCameraTargetPos,GAME/CAMERA.C,2451,var_70,combat-camera-context,no,no,no
429,0aaa76206517,ConfirmCameraTargetPos,GAME/CAMERA.C,2452,var_6C,combat-camera-context,no,no,no
430,0aaa76206517,ConfirmCameraTargetPos,GAME/CAMERA.C,2455,phd_LookAt,combat-camera-context,no,no,no
431,0aaa76206517,ConfirmCameraTargetPos,GAME/CAMERA.C,2457,phd_LookAt,combat-camera-context,no,no,no
432,0aaa76206517,ConfirmCameraTargetPos,GAME/CAMERA.C,2461,phd_QuickW2VMatrix,combat-camera-context,no,no,no
433,0aaa76206517,ConfirmCameraTargetPos,GAME/CAMERA.C,2475,SIN,combat-camera-context,no,no,no
434,0aaa76206517,ConfirmCameraTargetPos,GAME/CAMERA.C,2475,phd_atan_asm,combat-camera-context,no,no,no
435,0aaa76206517,ConfirmCameraTargetPos,GAME/CAMERA.C,2477,COS,combat-camera-context,no,no,no
436,0aaa76206517,ConfirmCameraTargetPos,GAME/CAMERA.C,2477,phd_atan_asm,combat-camera-context,no,no,no
437,0aaa76206517,ConfirmCameraTargetPos,GAME/CAMERA.C,2481,CheckForRichesIllegalDiagonalWalls,combat-camera-context,no,no,no
438,0aaa76206517,ConfirmCameraTargetPos,GAME/CAMERA.C,2483,UNIMPLEMENTED,combat-camera-context,no,no,no
439,0aaa76206517,MoveCamera,GAME/CAMERA.C,77,angle,combat-camera-context,no,no,no
440,0aaa76206517,MoveCamera,GAME/CAMERA.C,1108,InitialiseCamera,combat-camera-context,no,no,no
441,0aaa76206517,MoveCamera,GAME/CAMERA.C,1110,SECTOR,combat-camera-context,no,no,no
442,0aaa76206517,MoveCamera,GAME/CAMERA.C,1115,SECTOR,combat-camera-context,no,no,no
443,0aaa76206517,MoveCamera,GAME/CAMERA.C,1118,SECTOR,combat-camera-context,no,no,no
444,0aaa76206517,MoveCamera,GAME/CAMERA.C,1121,SECTOR,combat-camera-context,no,no,no
445,0aaa76206517,MoveCamera,GAME/CAMERA.C,1124,SECTOR,combat-camera-context,no,no,no
446,0aaa76206517,MoveCamera,GAME/CAMERA.C,1136,AlterFOV,combat-camera-context,no,no,no
447,0aaa76206517,MoveCamera,GAME/CAMERA.C,1136,ANGLE,combat-camera-context,no,no,no
448,0aaa76206517,MoveCamera,GAME/CAMERA.C,1138,CalculateCamera,combat-camera-context,no,no,no
449,0aaa76206517,MoveCamera,GAME/CAMERA.C,1143,AlterFOV,combat-camera-context,no,no,no
450,0aaa76206517,MoveCamera,GAME/CAMERA.C,1148,COS,combat-camera-context,no,no,no
451,0aaa76206517,MoveCamera,GAME/CAMERA.C,1148,SIN,combat-camera-context,no,no,no
452,0aaa76206517,MoveCamera,GAME/CAMERA.C,1157,COS,combat-camera-context,no,no,no
453,0aaa76206517,MoveCamera,GAME/CAMERA.C,1157,SIN,combat-camera-context,no,no,no
454,0aaa76206517,MoveCamera,GAME/CAMERA.C,1161,gte_SetGeomScreen,combat-camera-context,no,no,no
455,0aaa76206517,MoveCamera,GAME/CAMERA.C,1167,CalculateCamera,combat-camera-context,no,no,no
456,0aaa76206517,MoveCamera,GAME/CAMERA.C,1170,Log,combat-camera-context,no,no,no
457,0aaa76206517,MoveCamera,GAME/CAMERA.C,1196,BinocularCamera,combat-camera-context,no,no,no
458,0aaa76206517,MoveCamera,GAME/CAMERA.C,1225,CDDA_SetMasterVolume,combat-camera-context,no,no,no
459,0aaa76206517,MoveCamera,GAME/CAMERA.C,1248,SoundEffect,combat-camera-context,no,no,no
460,0aaa76206517,MoveCamera,GAME/CAMERA.C,1253,CDDA_SetMasterVolume,combat-camera-context,no,no,no
461,0aaa76206517,MoveCamera,GAME/CAMERA.C,1267,CDDA_SetMasterVolume,combat-camera-context,no,no,no
462,0aaa76206517,MoveCamera,GAME/CAMERA.C,1279,do_new_cutscene_camera,combat-camera-context,no,no,no
463,0aaa76206517,MoveCamera,GAME/CAMERA.C,1308,GetBoundsAccurate,combat-camera-context,no,no,no
464,0aaa76206517,MoveCamera,GAME/CAMERA.C,1314,mSqrt,combat-camera-context,no,no,no
465,0aaa76206517,MoveCamera,GAME/CAMERA.C,1315,phd_atan_asm,combat-camera-context,no,no,no
466,0aaa76206517,MoveCamera,GAME/CAMERA.C,1318,GetBoundsAccurate,combat-camera-context,no,no,no
467,0aaa76206517,MoveCamera,GAME/CAMERA.C,1319,phd_atan_asm,combat-camera-context,no,no,no
468,0aaa76206517,MoveCamera,GAME/CAMERA.C,1329,S_Warn,combat-camera-context,no,no,no
469,0aaa76206517,MoveCamera,GAME/CAMERA.C,1330,assert,combat-camera-context,no,no,no
470,0aaa76206517,MoveCamera,GAME/CAMERA.C,1446,LookCamera,combat-camera-context,no,no,no
471,0aaa76206517,MoveCamera,GAME/CAMERA.C,1450,CombatCamera,combat-camera-context,no,no,no
472,0aaa76206517,MoveCamera,GAME/CAMERA.C,1479,GetLaraJointPos,combat-camera-context,no,no,no
473,0aaa76206517,MoveCamera,GAME/CAMERA.C,1493,SIN,combat-camera-context,no,no,no
474,0aaa76206517,MoveCamera,GAME/CAMERA.C,1494,COS,combat-camera-context,no,no,no
475,0aaa76206517,MoveCamera,GAME/CAMERA.C,1498,ConfirmCameraTargetPos,combat-camera-context,no,no,no
476,0aaa76206517,MoveCamera,GAME/CAMERA.C,1532,GetFloor,combat-camera-context,no,no,no
477,0aaa76206517,MoveCamera,GAME/CAMERA.C,1539,ABS,combat-camera-context,no,no,no
478,0aaa76206517,MoveCamera,GAME/CAMERA.C,1542,ABS,combat-camera-context,no,no,no
479,0aaa76206517,MoveCamera,GAME/CAMERA.C,1544,ABS,combat-camera-context,no,no,no
480,0aaa76206517,MoveCamera,GAME/CAMERA.C,1546,ABS,combat-camera-context,no,no,no
481,0aaa76206517,MoveCamera,GAME/CAMERA.C,1558,ChaseCamera,combat-camera-context,no,no,no
482,0aaa76206517,MoveCamera,GAME/CAMERA.C,1562,FixedCamera,combat-camera-context,no,no,no
483,0aaa76206517,MoveCamera,GAME/CAMERA.C,1590,UNIMPLEMENTED,combat-camera-context,no,no,no
484,0aaa76206517,MoveCamera,GAME/CAMERA.C,1596,LookCamera,combat-camera-context,no,no,no
485,0aaa76206517,MoveCamera,GAME/CAMERA.C,1598,UNIMPLEMENTED,combat-camera-context,no,no,no
486,0aaa76206517,MoveCamera,GAME/CAMERA.C,1601,CombatCamera,combat-camera-context,no,no,no
487,0aaa76206517,MoveCamera,GAME/CAMERA.C,1642,GetFloor,combat-camera-context,no,no,no
488,0aaa76206517,MoveCamera,GAME/CAMERA.C,1643,GetHeight,combat-camera-context,no,no,no
489,0aaa76206517,MoveCamera,GAME/CAMERA.C,1644,GetCeiling,combat-camera-context,no,no,no
490,0aaa76206517,MoveCamera,GAME/CAMERA.C,1681,loc_269A0,combat-camera-context,no,no,no
491,0aaa76206517,MoveCamera,GAME/CAMERA.C,1683,UNIMPLEMENTED,combat-camera-context,no,no,no
492,0aaa76206517,MoveCamera,GAME/CAMERA.C,1687,FixedCamera,combat-camera-context,no,no,no
493,0aaa76206517,MoveCamera,GAME/CAMERA.C,1689,UNIMPLEMENTED,combat-camera-context,no,no,no
494,0aaa76206517,MoveCamera,GAME/CAMERA.C,1692,ChaseCamera,combat-camera-context,no,no,no
495,0aaa76206517,MoveCamera,GAME/CAMERA.C,1719,UpdateCameraElevation,combat-camera-context,no,no,no
496,0aaa76206517,MoveCamera,GAME/CAMERA.C,1735,COS,combat-camera-context,no,no,no
497,0aaa76206517,MoveCamera,GAME/CAMERA.C,1736,GetFloor,combat-camera-context,no,no,no
498,0aaa76206517,MoveCamera,GAME/CAMERA.C,1743,GetFloor,combat-camera-context,no,no,no
499,0aaa76206517,MoveCamera,GAME/CAMERA.C,1744,GetHeight,combat-camera-context,no,no,no
500,0aaa76206517,MoveCamera,GAME/CAMERA.C,1745,GetCeiling,combat-camera-context,no,no,no
501,0aaa76206517,MoveCamera,GAME/CAMERA.C,1766,SIN,combat-camera-context,no,no,no
502,0aaa76206517,MoveCamera,GAME/CAMERA.C,1785,SIN,combat-camera-context,no,no,no
503,0aaa76206517,MoveCamera,GAME/CAMERA.C,1786,COS,combat-camera-context,no,no,no
504,0aaa76206517,MoveCamera,GAME/CAMERA.C,1789,mgLOS,combat-camera-context,no,no,no
505,0aaa76206517,MoveCamera,GAME/CAMERA.C,1800,mgLOS,combat-camera-context,no,no,no
506,0aaa76206517,MoveCamera,GAME/CAMERA.C,1829,mgLOS,combat-camera-context,no,no,no
507,0aaa76206517,MoveCamera,GAME/CAMERA.C,1849,CameraCollisionBounds,combat-camera-context,no,no,no
508,0aaa76206517,MoveCamera,GAME/CAMERA.C,1865,MoveCamera,combat-camera-context,no,no,no
509,0aaa76206517,MoveCamera,GAME/CAMERA.C,1868,BinocularCamera,combat-camera-context,no,no,no
510,0aaa76206517,MoveCamera,GAME/CAMERA.C,1870,UNIMPLEMENTED,combat-camera-context,no,no,no
511,0aaa76206517,MoveCamera,GAME/CAMERA.C,1873,ConfirmCameraTargetPos,combat-camera-context,no,no,no
512,0aaa76206517,MoveCamera,GAME/CAMERA.C,1888,GetJointAbsPosition,combat-camera-context,no,no,no
513,0aaa76206517,MoveCamera,GAME/CAMERA.C,1908,GetFloor,combat-camera-context,no,no,no
514,0aaa76206517,MoveCamera,GAME/CAMERA.C,1909,GetHeight,combat-camera-context,no,no,no
515,0aaa76206517,MoveCamera,GAME/CAMERA.C,1910,GetCeiling,combat-camera-context,no,no,no
516,0aaa76206517,MoveCamera,GAME/CAMERA.C,1920,ScreenShake,combat-camera-context,no,no,no
517,0aaa76206517,MoveCamera,GAME/CAMERA.C,1930,phd_sqrt_asm,combat-camera-context,no,no,no
518,0aaa76206517,MoveCamera,GAME/CAMERA.C,1948,UpdateCameraElevation,combat-camera-context,no,no,no
519,0aaa76206517,MoveCamera,GAME/CAMERA.C,1958,GetLaraJointPos,combat-camera-context,no,no,no
520,0aaa76206517,MoveCamera,GAME/CAMERA.C,1961,SECTOR,combat-camera-context,no,no,no
521,0aaa76206517,MoveCamera,GAME/CAMERA.C,1962,SECTOR,combat-camera-context,no,no,no
522,0aaa76206517,MoveCamera,GAME/CAMERA.C,1963,GetLaraJointPos,combat-camera-context,no,no,no
523,0aaa76206517,MoveCamera,GAME/CAMERA.C,1967,phd_atan_asm,combat-camera-context,no,no,no
524,0aaa76206517,MoveCamera,GAME/CAMERA.C,1979,LaraTorch,combat-camera-context,no,no,no
525,0aaa76206517,MoveCamera,GAME/CAMERA.C,1997,TriggerDynamic,combat-camera-context,no,no,no
526,0aaa76206517,MoveCamera,GAME/CAMERA.C,1999,LOS,combat-camera-context,no,no,no
527,0aaa76206517,MoveCamera,GAME/CAMERA.C,2001,phd_sqrt_asm,combat-camera-context,no,no,no
528,0aaa76206517,MoveCamera,GAME/CAMERA.C,2011,TriggerDynamic,combat-camera-context,no,no,no
529,0aaa76206517,MoveCamera,GAME/CAMERA.C,2015,mgLOS,combat-camera-context,no,no,no
530,0aaa76206517,MoveCamera,GAME/CAMERA.C,2051,GetFloor,combat-camera-context,no,no,no
531,0aaa76206517,MoveCamera,GAME/CAMERA.C,2052,GetHeight,combat-camera-context,no,no,no
532,0aaa76206517,MoveCamera,GAME/CAMERA.C,2053,GetCeiling,combat-camera-context,no,no,no
533,0aaa76206517,MoveCamera,GAME/CAMERA.C,2114,GetFloor,combat-camera-context,no,no,no
534,0aaa76206517,MoveCamera,GAME/CAMERA.C,2119,CameraCollisionBounds,combat-camera-context,no,no,no
535,0aaa76206517,MoveCamera,GAME/CAMERA.C,2136,GetFloor,combat-camera-context,no,no,no
536,0aaa76206517,MoveCamera,GAME/CAMERA.C,2137,GetHeight,combat-camera-context,no,no,no
537,0aaa76206517,MoveCamera,GAME/CAMERA.C,2138,GetCeiling,combat-camera-context,no,no,no
538,0aaa76206517,MoveCamera,GAME/CAMERA.C,2157,GetFloor,combat-camera-context,no,no,no
539,0aaa76206517,MoveCamera,GAME/CAMERA.C,2158,GetHeight,combat-camera-context,no,no,no
540,0aaa76206517,MoveCamera,GAME/CAMERA.C,2159,GetCeiling,combat-camera-context,no,no,no
541,0aaa76206517,MoveCamera,GAME/CAMERA.C,2168,GetFloor,combat-camera-context,no,no,no
542,0aaa76206517,MoveCamera,GAME/CAMERA.C,2169,GetHeight,combat-camera-context,no,no,no
543,0aaa76206517,MoveCamera,GAME/CAMERA.C,2170,GetCeiling,combat-camera-context,no,no,no
544,0aaa76206517,MoveCamera,GAME/CAMERA.C,2180,GetFloor,combat-camera-context,no,no,no
545,0aaa76206517,MoveCamera,GAME/CAMERA.C,2181,GetHeight,combat-camera-context,no,no,no
546,0aaa76206517,MoveCamera,GAME/CAMERA.C,2182,GetCeiling,combat-camera-context,no,no,no
547,0aaa76206517,MoveCamera,GAME/CAMERA.C,2194,GetFloor,combat-camera-context,no,no,no
548,0aaa76206517,MoveCamera,GAME/CAMERA.C,2195,GetHeight,combat-camera-context,no,no,no
549,0aaa76206517,MoveCamera,GAME/CAMERA.C,2196,GetCeiling,combat-camera-context,no,no,no
550,0aaa76206517,MoveCamera,GAME/CAMERA.C,2208,GetFloor,combat-camera-context,no,no,no
551,0aaa76206517,MoveCamera,GAME/CAMERA.C,2209,GetHeight,combat-camera-context,no,no,no
552,0aaa76206517,MoveCamera,GAME/CAMERA.C,2210,GetCeiling,combat-camera-context,no,no,no
553,0aaa76206517,MoveCamera,GAME/CAMERA.C,2227,GetFloor,combat-camera-context,no,no,no
554,0aaa76206517,MoveCamera,GAME/CAMERA.C,2228,GetHeight,combat-camera-context,no,no,no
555,0aaa76206517,MoveCamera,GAME/CAMERA.C,2229,GetCeiling,combat-camera-context,no,no,no
556,0aaa76206517,MoveCamera,GAME/CAMERA.C,2236,GetFloor,combat-camera-context,no,no,no
557,0aaa76206517,MoveCamera,GAME/CAMERA.C,2244,MoveCamera,combat-camera-context,no,no,no
558,0aaa76206517,MoveCamera,GAME/CAMERA.C,2247,Log,combat-camera-context,no,no,no
559,0aaa76206517,MoveCamera,GAME/CAMERA.C,2350,GetRandomControl,combat-camera-context,no,no,no
560,0aaa76206517,MoveCamera,GAME/CAMERA.C,2352,GetRandomControl,combat-camera-context,no,no,no
561,0aaa76206517,MoveCamera,GAME/CAMERA.C,2354,GetRandomControl,combat-camera-context,no,no,no
562,0aaa76206517,MoveCamera,GAME/CAMERA.C,2364,GetFloor,combat-camera-context,no,no,no
563,0aaa76206517,MoveCamera,GAME/CAMERA.C,2365,GetHeight,combat-camera-context,no,no,no
564,0aaa76206517,MoveCamera,GAME/CAMERA.C,2366,GetCeiling,combat-camera-context,no,no,no
565,0aaa76206517,MoveCamera,GAME/CAMERA.C,2371,mgLOS,combat-camera-context,no,no,no
566,0aaa76206517,MoveCamera,GAME/CAMERA.C,2373,ABS,combat-camera-context,no,no,no
567,0aaa76206517,MoveCamera,GAME/CAMERA.C,2374,ABS,combat-camera-context,no,no,no
568,0aaa76206517,MoveCamera,GAME/CAMERA.C,2375,ABS,combat-camera-context,no,no,no
569,0aaa76206517,MoveCamera,GAME/CAMERA.C,2389,mgLOS,combat-camera-context,no,no,no
570,0aaa76206517,MoveCamera,GAME/CAMERA.C,2413,GetFloor,combat-camera-context,no,no,no
571,0aaa76206517,MoveCamera,GAME/CAMERA.C,2414,GetHeight,combat-camera-context,no,no,no
572,0aaa76206517,MoveCamera,GAME/CAMERA.C,2415,GetCeiling,combat-camera-context,no,no,no
573,0aaa76206517,MoveCamera,GAME/CAMERA.C,2445,GetFloor,combat-camera-context,no,no,no
574,0aaa76206517,MoveCamera,GAME/CAMERA.C,2451,var_70,combat-camera-context,no,no,no
575,0aaa76206517,MoveCamera,GAME/CAMERA.C,2452,var_6C,combat-camera-context,no,no,no
576,0aaa76206517,MoveCamera,GAME/CAMERA.C,2455,phd_LookAt,combat-camera-context,no,no,no
577,0aaa76206517,MoveCamera,GAME/CAMERA.C,2457,phd_LookAt,combat-camera-context,no,no,no
578,0aaa76206517,MoveCamera,GAME/CAMERA.C,2461,phd_QuickW2VMatrix,combat-camera-context,no,no,no
579,0aaa76206517,MoveCamera,GAME/CAMERA.C,2475,SIN,combat-camera-context,no,no,no
580,0aaa76206517,MoveCamera,GAME/CAMERA.C,2475,phd_atan_asm,combat-camera-context,no,no,no
581,0aaa76206517,MoveCamera,GAME/CAMERA.C,2477,COS,combat-camera-context,no,no,no
582,0aaa76206517,MoveCamera,GAME/CAMERA.C,2477,phd_atan_asm,combat-camera-context,no,no,no
583,0aaa76206517,MoveCamera,GAME/CAMERA.C,2481,CheckForRichesIllegalDiagonalWalls,combat-camera-context,no,no,no
584,0aaa76206517,MoveCamera,GAME/CAMERA.C,2483,UNIMPLEMENTED,combat-camera-context,no,no,no
585,0aaa76206517,IsRoomOutside,GAME/CONTROL.C,175,CDEF,combat-camera-context,no,no,no
586,0aaa76206517,IsRoomOutside,GAME/CONTROL.C,177,CDEF,combat-camera-context,no,no,no
587,0aaa76206517,IsRoomOutside,GAME/CONTROL.C,182,CDEF,combat-camera-context,no,no,no
588,0aaa76206517,IsRoomOutside,GAME/CONTROL.C,183,CDEF,combat-camera-context,no,no,no
589,0aaa76206517,IsRoomOutside,GAME/CONTROL.C,184,CDEF,combat-camera-context,no,no,no
590,0aaa76206517,IsRoomOutside,GAME/CONTROL.C,185,CDEF,combat-camera-context,no,no,no
591,0aaa76206517,IsRoomOutside,GAME/CONTROL.C,186,CDEF,combat-camera-context,no,no,no
592,0aaa76206517,IsRoomOutside,GAME/CONTROL.C,187,CDEF,combat-camera-context,no,no,no
593,0aaa76206517,IsRoomOutside,GAME/CONTROL.C,188,CDEF,combat-camera-context,no,no,no
594,0aaa76206517,IsRoomOutside,GAME/CONTROL.C,189,CDEF,combat-camera-context,no,no,no
595,0aaa76206517,IsRoomOutside,GAME/CONTROL.C,190,CDEF,combat-camera-context,no,no,no
596,0aaa76206517,IsRoomOutside,GAME/CONTROL.C,191,CDEF,combat-camera-context,no,no,no
597,0aaa76206517,IsRoomOutside,GAME/CONTROL.C,192,CDEF,combat-camera-context,no,no,no
598,0aaa76206517,IsRoomOutside,GAME/CONTROL.C,193,CDEF,combat-camera-context,no,no,no
599,0aaa76206517,IsRoomOutside,GAME/CONTROL.C,194,CDEF,combat-camera-context,no,no,no
600,0aaa76206517,IsRoomOutside,GAME/CONTROL.C,195,CDEF,combat-camera-context,no,no,no
601,0aaa76206517,IsRoomOutside,GAME/CONTROL.C,196,CDEF,combat-camera-context,no,no,no
602,0aaa76206517,IsRoomOutside,GAME/CONTROL.C,197,CDEF,combat-camera-context,no,no,no
603,0aaa76206517,IsRoomOutside,GAME/CONTROL.C,198,CDEF,combat-camera-context,no,no,no
604,0aaa76206517,IsRoomOutside,GAME/CONTROL.C,199,CDEF,combat-camera-context,no,no,no
605,0aaa76206517,IsRoomOutside,GAME/CONTROL.C,200,CDEF,combat-camera-context,no,no,no
606,0aaa76206517,IsRoomOutside,GAME/CONTROL.C,201,CDEF,combat-camera-context,no,no,no
607,0aaa76206517,IsRoomOutside,GAME/CONTROL.C,202,CDEF,combat-camera-context,no,no,no
608,0aaa76206517,IsRoomOutside,GAME/CONTROL.C,203,CDEF,combat-camera-context,no,no,no
609,0aaa76206517,IsRoomOutside,GAME/CONTROL.C,204,CDEF,combat-camera-context,no,no,no
610,0aaa76206517,IsRoomOutside,GAME/CONTROL.C,205,CDEF,combat-camera-context,no,no,no
611,0aaa76206517,IsRoomOutside,GAME/CONTROL.C,206,CDEF,combat-camera-context,no,no,no
612,0aaa76206517,IsRoomOutside,GAME/CONTROL.C,207,CDEF,combat-camera-context,no,no,no
613,0aaa76206517,IsRoomOutside,GAME/CONTROL.C,208,CDEF,combat-camera-context,no,no,no
614,0aaa76206517,IsRoomOutside,GAME/CONTROL.C,209,CDEF,combat-camera-context,no,no,no
615,0aaa76206517,IsRoomOutside,GAME/CONTROL.C,210,CDEF,combat-camera-context,no,no,no
616,0aaa76206517,IsRoomOutside,GAME/CONTROL.C,211,CDEF,combat-camera-context,no,no,no
617,0aaa76206517,IsRoomOutside,GAME/CONTROL.C,212,CDEF,combat-camera-context,no,no,no
618,0aaa76206517,IsRoomOutside,GAME/CONTROL.C,213,CDEF,combat-camera-context,no,no,no
619,0aaa76206517,IsRoomOutside,GAME/CONTROL.C,214,CDEF,combat-camera-context,no,no,no
620,0aaa76206517,IsRoomOutside,GAME/CONTROL.C,215,CDEF,combat-camera-context,no,no,no
621,0aaa76206517,IsRoomOutside,GAME/CONTROL.C,216,CDEF,combat-camera-context,no,no,no
622,0aaa76206517,IsRoomOutside,GAME/CONTROL.C,217,CDEF,combat-camera-context,no,no,no
623,0aaa76206517,IsRoomOutside,GAME/CONTROL.C,218,CDEF,combat-camera-context,no,no,no
624,0aaa76206517,IsRoomOutside,GAME/CONTROL.C,219,CDEF,combat-camera-context,no,no,no
625,0aaa76206517,IsRoomOutside,GAME/CONTROL.C,220,CDEF,combat-camera-context,no,no,no
626,0aaa76206517,IsRoomOutside,GAME/CONTROL.C,221,CDEF,combat-camera-context,no,no,no
627,0aaa76206517,IsRoomOutside,GAME/CONTROL.C,222,CDEF,combat-camera-context,no,no,no
628,0aaa76206517,IsRoomOutside,GAME/CONTROL.C,223,CDEF,combat-camera-context,no,no,no
629,0aaa76206517,IsRoomOutside,GAME/CONTROL.C,224,CDEF,combat-camera-context,no,no,no
630,0aaa76206517,IsRoomOutside,GAME/CONTROL.C,225,CDEF,combat-camera-context,no,no,no
631,0aaa76206517,IsRoomOutside,GAME/CONTROL.C,226,CDEF,combat-camera-context,no,no,no
632,0aaa76206517,IsRoomOutside,GAME/CONTROL.C,227,CDEF,combat-camera-context,no,no,no
633,0aaa76206517,IsRoomOutside,GAME/CONTROL.C,228,CDEF,combat-camera-context,no,no,no
634,0aaa76206517,IsRoomOutside,GAME/CONTROL.C,229,CDEF,combat-camera-context,no,no,no
635,0aaa76206517,IsRoomOutside,GAME/CONTROL.C,230,CDEF,combat-camera-context,no,no,no
636,0aaa76206517,IsRoomOutside,GAME/CONTROL.C,231,CDEF,combat-camera-context,no,no,no
637,0aaa76206517,IsRoomOutside,GAME/CONTROL.C,232,CDEF,combat-camera-context,no,no,no
638,0aaa76206517,IsRoomOutside,GAME/CONTROL.C,233,CDEF,combat-camera-context,no,no,no
639,0aaa76206517,IsRoomOutside,GAME/CONTROL.C,234,CDEF,combat-camera-context,no,no,no
640,0aaa76206517,IsRoomOutside,GAME/CONTROL.C,235,CDEF,combat-camera-context,no,no,no
641,0aaa76206517,IsRoomOutside,GAME/CONTROL.C,236,CDEF,combat-camera-context,no,no,no
642,0aaa76206517,IsRoomOutside,GAME/CONTROL.C,237,CDEF,combat-camera-context,no,no,no
643,0aaa76206517,IsRoomOutside,GAME/CONTROL.C,238,CDEF,combat-camera-context,no,no,no
644,0aaa76206517,IsRoomOutside,GAME/CONTROL.C,239,CDEF,combat-camera-context,no,no,no
645,0aaa76206517,IsRoomOutside,GAME/CONTROL.C,240,CDEF,combat-camera-context,no,no,no
646,0aaa76206517,IsRoomOutside,GAME/CONTROL.C,241,CDEF,combat-camera-context,no,no,no
647,0aaa76206517,IsRoomOutside,GAME/CONTROL.C,242,CDEF,combat-camera-context,no,no,no
648,0aaa76206517,IsRoomOutside,GAME/CONTROL.C,243,CDEF,combat-camera-context,no,no,no
649,0aaa76206517,IsRoomOutside,GAME/CONTROL.C,244,CDEF,combat-camera-context,no,no,no
650,0aaa76206517,IsRoomOutside,GAME/CONTROL.C,245,CDEF,combat-camera-context,no,no,no
651,0aaa76206517,IsRoomOutside,GAME/CONTROL.C,246,CDEF,combat-camera-context,no,no,no
652,0aaa76206517,IsRoomOutside,GAME/CONTROL.C,247,CDEF,combat-camera-context,no,no,no
653,0aaa76206517,IsRoomOutside,GAME/CONTROL.C,248,CDEF,combat-camera-context,no,no,no
654,0aaa76206517,IsRoomOutside,GAME/CONTROL.C,249,CDEF,combat-camera-context,no,no,no
655,0aaa76206517,IsRoomOutside,GAME/CONTROL.C,250,CDEF,combat-camera-context,no,no,no
656,0aaa76206517,IsRoomOutside,GAME/CONTROL.C,251,CDEF,combat-camera-context,no,no,no
657,0aaa76206517,IsRoomOutside,GAME/CONTROL.C,252,CDEF,combat-camera-context,no,no,no
658,0aaa76206517,IsRoomOutside,GAME/CONTROL.C,253,CDEF,combat-camera-context,no,no,no
659,0aaa76206517,IsRoomOutside,GAME/CONTROL.C,254,CDEF,combat-camera-context,no,no,no
660,0aaa76206517,IsRoomOutside,GAME/CONTROL.C,255,CDEF,combat-camera-context,no,no,no
661,0aaa76206517,IsRoomOutside,GAME/CONTROL.C,256,CDEF,combat-camera-context,no,no,no
662,0aaa76206517,IsRoomOutside,GAME/CONTROL.C,257,CDEF,combat-camera-context,no,no,no
663,0aaa76206517,IsRoomOutside,GAME/CONTROL.C,258,CDEF,combat-camera-context,no,no,no
664,0aaa76206517,IsRoomOutside,GAME/CONTROL.C,259,CDEF,combat-camera-context,no,no,no
665,0aaa76206517,IsRoomOutside,GAME/CONTROL.C,260,CDEF,combat-camera-context,no,no,no
666,0aaa76206517,IsRoomOutside,GAME/CONTROL.C,261,CDEF,combat-camera-context,no,no,no
667,0aaa76206517,IsRoomOutside,GAME/CONTROL.C,262,CDEF,combat-camera-context,no,no,no
668,0aaa76206517,IsRoomOutside,GAME/CONTROL.C,263,CDEF,combat-camera-context,no,no,no
669,0aaa76206517,IsRoomOutside,GAME/CONTROL.C,264,CDEF,combat-camera-context,no,no,no
670,0aaa76206517,IsRoomOutside,GAME/CONTROL.C,265,CDEF,combat-camera-context,no,no,no
671,0aaa76206517,IsRoomOutside,GAME/CONTROL.C,266,CDEF,combat-camera-context,no,no,no
672,0aaa76206517,IsRoomOutside,GAME/CONTROL.C,267,CDEF,combat-camera-context,no,no,no
673,0aaa76206517,IsRoomOutside,GAME/CONTROL.C,268,CDEF,combat-camera-context,no,no,no
674,0aaa76206517,IsRoomOutside,GAME/CONTROL.C,269,CDEF,combat-camera-context,no,no,no
675,0aaa76206517,IsRoomOutside,GAME/CONTROL.C,270,CDEF,combat-camera-context,no,no,no
676,0aaa76206517,IsRoomOutside,GAME/CONTROL.C,271,CDEF,combat-camera-context,no,no,no
677,0aaa76206517,IsRoomOutside,GAME/CONTROL.C,272,CDEF,combat-camera-context,no,no,no
678,0aaa76206517,IsRoomOutside,GAME/CONTROL.C,273,CDEF,combat-camera-context,no,no,no
679,0aaa76206517,IsRoomOutside,GAME/CONTROL.C,274,CDEF,combat-camera-context,no,no,no
680,0aaa76206517,IsRoomOutside,GAME/CONTROL.C,275,CDEF,combat-camera-context,no,no,no
681,0aaa76206517,IsRoomOutside,GAME/CONTROL.C,276,CDEF,combat-camera-context,no,no,no
682,0aaa76206517,IsRoomOutside,GAME/CONTROL.C,277,CDEF,combat-camera-context,no,no,no
683,0aaa76206517,IsRoomOutside,GAME/CONTROL.C,278,CDEF,combat-camera-context,no,no,no
684,0aaa76206517,IsRoomOutside,GAME/CONTROL.C,279,CDEF,combat-camera-context,no,no,no
685,0aaa76206517,IsRoomOutside,GAME/CONTROL.C,280,CDEF,combat-camera-context,no,no,no
686,0aaa76206517,IsRoomOutside,GAME/CONTROL.C,281,CDEF,combat-camera-context,no,no,no
687,0aaa76206517,IsRoomOutside,GAME/CONTROL.C,282,CDEF,combat-camera-context,no,no,no
688,0aaa76206517,IsRoomOutside,GAME/CONTROL.C,283,CDEF,combat-camera-context,no,no,no
689,0aaa76206517,IsRoomOutside,GAME/CONTROL.C,284,CDEF,combat-camera-context,no,no,no
690,0aaa76206517,IsRoomOutside,GAME/CONTROL.C,285,CDEF,combat-camera-context,no,no,no
691,0aaa76206517,IsRoomOutside,GAME/CONTROL.C,286,CDEF,combat-camera-context,no,no,no
692,0aaa76206517,IsRoomOutside,GAME/CONTROL.C,287,CDEF,combat-camera-context,no,no,no
693,0aaa76206517,IsRoomOutside,GAME/CONTROL.C,299,UpdateSparks,combat-camera-context,no,no,no
694,0aaa76206517,IsRoomOutside,GAME/CONTROL.C,301,Unimpl,combat-camera-context,no,no,no
695,0aaa76206517,IsRoomOutside,GAME/CONTROL.C,304,UpdateFireSparks,combat-camera-context,no,no,no
696,0aaa76206517,IsRoomOutside,GAME/CONTROL.C,306,Unimpl,combat-camera-context,no,no,no
697,0aaa76206517,IsRoomOutside,GAME/CONTROL.C,309,UpdateSmokeSparks,combat-camera-context,no,no,no
698,0aaa76206517,IsRoomOutside,GAME/CONTROL.C,311,Unimpl,combat-camera-context,no,no,no
699,0aaa76206517,IsRoomOutside,GAME/CONTROL.C,314,UpdateBubbles,combat-camera-context,no,no,no
700,0aaa76206517,IsRoomOutside,GAME/CONTROL.C,316,Unimpl,combat-camera-context,no,no,no
701,0aaa76206517,IsRoomOutside,GAME/CONTROL.C,319,UpdateSplashes,combat-camera-context,no,no,no
702,0aaa76206517,IsRoomOutside,GAME/CONTROL.C,321,Unimpl,combat-camera-context,no,no,no
703,0aaa76206517,IsRoomOutside,GAME/CONTROL.C,324,UpdateDebris,combat-camera-context,no,no,no
704,0aaa76206517,IsRoomOutside,GAME/CONTROL.C,326,Unimpl,combat-camera-context,no,no,no
705,0aaa76206517,IsRoomOutside,GAME/CONTROL.C,329,UpdateBlood,combat-camera-context,no,no,no
706,0aaa76206517,IsRoomOutside,GAME/CONTROL.C,331,Unimpl,combat-camera-context,no,no,no
707,0aaa76206517,IsRoomOutside,GAME/CONTROL.C,334,UpdateDrips,combat-camera-context,no,no,no
708,0aaa76206517,IsRoomOutside,GAME/CONTROL.C,336,Unimpl,combat-camera-context,no,no,no
709,0aaa76206517,IsRoomOutside,GAME/CONTROL.C,339,UpdateGunShells,combat-camera-context,no,no,no
710,0aaa76206517,IsRoomOutside,GAME/CONTROL.C,341,Unimpl,combat-camera-context,no,no,no
711,0aaa76206517,IsRoomOutside,GAME/CONTROL.C,344,UpdateRats,combat-camera-context,no,no,no
712,0aaa76206517,IsRoomOutside,GAME/CONTROL.C,346,Unimpl,combat-camera-context,no,no,no
713,0aaa76206517,IsRoomOutside,GAME/CONTROL.C,349,UpdateBats,combat-camera-context,no,no,no
714,0aaa76206517,IsRoomOutside,GAME/CONTROL.C,351,Unimpl,combat-camera-context,no,no,no
715,0aaa76206517,IsRoomOutside,GAME/CONTROL.C,354,UpdateShockwaves,combat-camera-context,no,no,no
716,0aaa76206517,IsRoomOutside,GAME/CONTROL.C,356,Unimpl,combat-camera-context,no,no,no
717,0aaa76206517,IsRoomOutside,GAME/CONTROL.C,359,UpdateLightning,combat-camera-context,no,no,no
718,0aaa76206517,IsRoomOutside,GAME/CONTROL.C,361,Unimpl,combat-camera-context,no,no,no
719,0aaa76206517,IsRoomOutside,GAME/CONTROL.C,364,UpdatePulseColour,combat-camera-context,no,no,no
720,0aaa76206517,IsRoomOutside,GAME/CONTROL.C,377,CalcColorSplit,combat-camera-context,no,no,no
721,0aaa76206517,IsRoomOutside,GAME/CONTROL.C,377,RGB_MAKE,combat-camera-context,no,no,no
722,0aaa76206517,IsRoomOutside,GAME/CONTROL.C,387,KlaxonTremor,combat-camera-context,no,no,no
723,0aaa76206517,IsRoomOutside,GAME/CONTROL.C,389,Unimpl,combat-camera-context,no,no,no
724,0aaa76206517,IsRoomOutside,GAME/CONTROL.C,392,UpdateSky,combat-camera-context,no,no,no
725,0aaa76206517,IsRoomOutside,GAME/CONTROL.C,425,ControlPhase,combat-camera-context,no,no,no
726,0aaa76206517,IsRoomOutside,GAME/CONTROL.C,425,TOUCH,combat-camera-context,no,no,no
727,0aaa76206517,IsRoomOutside,GAME/CONTROL.C,428,S_Warn,combat-camera-context,no,no,no
728,0aaa76206517,IsRoomOutside,GAME/CONTROL.C,430,RegeneratePickups,combat-camera-context,no,no,no
729,0aaa76206517,IsRoomOutside,GAME/CONTROL.C,444,UpdateSky,combat-camera-context,no,no,no
730,0aaa76206517,IsRoomOutside,GAME/CONTROL.C,447,S_CDLoop,combat-camera-context,no,no,no
731,0aaa76206517,IsRoomOutside,GAME/CONTROL.C,449,S_UpdateInput,combat-camera-context,no,no,no
732,0aaa76206517,IsRoomOutside,GAME/CONTROL.C,469,S_SoundStopAllSamples,combat-camera-context,no,no,no
733,0aaa76206517,IsRoomOutside,GAME/CONTROL.C,471,S_CallInventory2,combat-camera-context,no,no,no
734,0aaa76206517,IsRoomOutside,GAME/CONTROL.C,477,dels_give_lara_items_cheat,combat-camera-context,no,no,no
735,0aaa76206517,IsRoomOutside,GAME/CONTROL.C,501,S_LoadSave,combat-camera-context,no,no,no
736,0aaa76206517,IsRoomOutside,GAME/CONTROL.C,505,S_LoadSave,combat-camera-context,no,no,no
737,0aaa76206517,IsRoomOutside,GAME/CONTROL.C,511,S_PauseMenu,combat-camera-context,no,no,no
738,0aaa76206517,IsRoomOutside,GAME/CONTROL.C,547,AlterFOV,combat-camera-context,no,no,no
739,0aaa76206517,IsRoomOutside,GAME/CONTROL.C,547,ANGLE,combat-camera-context,no,no,no
740,0aaa76206517,IsRoomOutside,GAME/CONTROL.C,609,ClearDynamics,combat-camera-context,no,no,no
741,0aaa76206517,IsRoomOutside,GAME/CONTROL.C,610,ClearFires,combat-camera-context,no,no,no
742,0aaa76206517,IsRoomOutside,GAME/CONTROL.C,624,control,combat-camera-context,no,no,no
743,0aaa76206517,IsRoomOutside,GAME/CONTROL.C,628,KillItem,combat-camera-context,no,no,no
744,0aaa76206517,IsRoomOutside,GAME/CONTROL.C,636,KillMoveItems,combat-camera-context,no,no,no
745,0aaa76206517,IsRoomOutside,GAME/CONTROL.C,647,control,combat-camera-context,no,no,no
746,0aaa76206517,IsRoomOutside,GAME/CONTROL.C,654,KillMoveEffects,combat-camera-context,no,no,no
747,0aaa76206517,IsRoomOutside,GAME/CONTROL.C,657,KillEverything,combat-camera-context,no,no,no
748,0aaa76206517,IsRoomOutside,GAME/CONTROL.C,673,AlertNearbyGuards,combat-camera-context,no,no,no
749,0aaa76206517,IsRoomOutside,GAME/CONTROL.C,723,LaraControl,combat-camera-context,no,no,no
750,0aaa76206517,IsRoomOutside,GAME/CONTROL.C,726,DoSubsuitStuff,combat-camera-context,no,no,no
751,0aaa76206517,IsRoomOutside,GAME/CONTROL.C,731,KillMoveItems,combat-camera-context,no,no,no
752,0aaa76206517,IsRoomOutside,GAME/CONTROL.C,737,InitialiseSpotCam,combat-camera-context,no,no,no
753,0aaa76206517,IsRoomOutside,GAME/CONTROL.C,744,SayNo,combat-camera-context,no,no,no
754,0aaa76206517,IsRoomOutside,GAME/CONTROL.C,752,CalculateCamera,combat-camera-context,no,no,no
755,0aaa76206517,IsRoomOutside,GAME/CONTROL.C,758,HairControl,combat-camera-context,no,no,no
756,0aaa76206517,IsRoomOutside,GAME/CONTROL.C,761,HairControl,combat-camera-context,no,no,no
757,0aaa76206517,IsRoomOutside,GAME/CONTROL.C,767,CalculateCamera,combat-camera-context,no,no,no
758,0aaa76206517,IsRoomOutside,GAME/CONTROL.C,771,CalculateSpotCams,combat-camera-context,no,no,no
759,0aaa76206517,IsRoomOutside,GAME/CONTROL.C,775,mGetAngle,combat-camera-context,no,no,no
760,0aaa76206517,IsRoomOutside,GAME/CONTROL.C,777,TriggerLaraDrips,combat-camera-context,no,no,no
761,0aaa76206517,IsRoomOutside,GAME/CONTROL.C,784,GetFloor,combat-camera-context,no,no,no
762,0aaa76206517,IsRoomOutside,GAME/CONTROL.C,786,GetHeight,combat-camera-context,no,no,no
763,0aaa76206517,IsRoomOutside,GAME/CONTROL.C,787,TestTriggers,combat-camera-context,no,no,no
764,0aaa76206517,IsRoomOutside,GAME/CONTROL.C,794,UpdateSparks,combat-camera-context,no,no,no
765,0aaa76206517,IsRoomOutside,GAME/CONTROL.C,795,UpdateFireSparks,combat-camera-context,no,no,no
766,0aaa76206517,IsRoomOutside,GAME/CONTROL.C,796,UpdateSmokeSparks,combat-camera-context,no,no,no
767,0aaa76206517,IsRoomOutside,GAME/CONTROL.C,797,UpdateBubbles,combat-camera-context,no,no,no
768,0aaa76206517,IsRoomOutside,GAME/CONTROL.C,798,UpdateSplashes,combat-camera-context,no,no,no
769,0aaa76206517,IsRoomOutside,GAME/CONTROL.C,799,UpdateDebris,combat-camera-context,no,no,no
770,0aaa76206517,IsRoomOutside,GAME/CONTROL.C,800,UpdateBlood,combat-camera-context,no,no,no
771,0aaa76206517,IsRoomOutside,GAME/CONTROL.C,801,UpdateDrips,combat-camera-context,no,no,no
772,0aaa76206517,IsRoomOutside,GAME/CONTROL.C,802,UpdateGunShells,combat-camera-context,no,no,no
773,0aaa76206517,IsRoomOutside,GAME/CONTROL.C,803,UpdateRats,combat-camera-context,no,no,no
774,0aaa76206517,IsRoomOutside,GAME/CONTROL.C,804,UpdateBats,combat-camera-context,no,no,no
775,0aaa76206517,IsRoomOutside,GAME/CONTROL.C,805,UpdateSpiders,combat-camera-context,no,no,no
776,0aaa76206517,IsRoomOutside,GAME/CONTROL.C,806,UpdateShockwaves,combat-camera-context,no,no,no
777,0aaa76206517,IsRoomOutside,GAME/CONTROL.C,807,UpdateLightning,combat-camera-context,no,no,no
778,0aaa76206517,IsRoomOutside,GAME/CONTROL.C,808,UpdateTwogunLasers,combat-camera-context,no,no,no
779,0aaa76206517,IsRoomOutside,GAME/CONTROL.C,809,AnimateWaterfalls,combat-camera-context,no,no,no
780,0aaa76206517,IsRoomOutside,GAME/CONTROL.C,810,UpdatePulseColour,combat-camera-context,no,no,no
781,0aaa76206517,IsRoomOutside,GAME/CONTROL.C,813,KlaxonTremor,combat-camera-context,no,no,no
782,0aaa76206517,IsRoomOutside,GAME/CONTROL.C,815,SoundEffects,combat-camera-context,no,no,no
783,0aaa76206517,IsRoomOutside,GAME/CONTROL.C,830,UpdateFadeClip,combat-camera-context,no,no,no
784,0aaa76206517,IsRoomOutside,GAME/CONTROL.C,854,VSync,combat-camera-context,no,no,no
785,0aaa76206517,IsRoomOutside,GAME/CONTROL.C,871,VSync,combat-camera-context,no,no,no
786,0aaa76206517,IsRoomOutside,GAME/CONTROL.C,882,RegeneratePickups,combat-camera-context,no,no,no
787,0aaa76206517,IsRoomOutside,GAME/CONTROL.C,911,UpdateSky,combat-camera-context,no,no,no
788,0aaa76206517,IsRoomOutside,GAME/CONTROL.C,912,S_UpdateInput,combat-camera-context,no,no,no
789,0aaa76206517,IsRoomOutside,GAME/CONTROL.C,948,S_Death,combat-camera-context,no,no,no
790,0aaa76206517,IsRoomOutside,GAME/CONTROL.C,974,PrintString,combat-camera-context,no,no,no
791,0aaa76206517,IsRoomOutside,GAME/CONTROL.C,1074,AlterFOV,combat-camera-context,no,no,no
792,0aaa76206517,IsRoomOutside,GAME/CONTROL.C,1130,ClearDynamics,combat-camera-context,no,no,no
793,0aaa76206517,IsRoomOutside,GAME/CONTROL.C,1131,ClearFires,combat-camera-context,no,no,no
794,0aaa76206517,IsRoomOutside,GAME/CONTROL.C,1144,control,combat-camera-context,no,no,no
795,0aaa76206517,IsRoomOutside,GAME/CONTROL.C,1150,KillItem,combat-camera-context,no,no,no
796,0aaa76206517,IsRoomOutside,GAME/CONTROL.C,1157,KillMoveItems,combat-camera-context,no,no,no
797,0aaa76206517,IsRoomOutside,GAME/CONTROL.C,1166,control,combat-camera-context,no,no,no
798,0aaa76206517,IsRoomOutside,GAME/CONTROL.C,1173,KillMoveEffects,combat-camera-context,no,no,no
799,0aaa76206517,IsRoomOutside,GAME/CONTROL.C,1177,KillEverything,combat-camera-context,no,no,no
800,0aaa76206517,IsRoomOutside,GAME/CONTROL.C,1204,AlertNearbyGuards,combat-camera-context,no,no,no
801,0aaa76206517,IsRoomOutside,GAME/CONTROL.C,1261,LaraControl,combat-camera-context,no,no,no
802,0aaa76206517,IsRoomOutside,GAME/CONTROL.C,1265,PSXPC_TEST,combat-camera-context,no,no,no
803,0aaa76206517,IsRoomOutside,GAME/CONTROL.C,1274,KillMoveItems,combat-camera-context,no,no,no
804,0aaa76206517,IsRoomOutside,GAME/CONTROL.C,1280,InitialiseSpotCam,combat-camera-context,no,no,no
805,0aaa76206517,IsRoomOutside,GAME/CONTROL.C,1287,SayNo,combat-camera-context,no,no,no
806,0aaa76206517,IsRoomOutside,GAME/CONTROL.C,1295,HairControl,combat-camera-context,no,no,no
807,0aaa76206517,IsRoomOutside,GAME/CONTROL.C,1299,HairControl,combat-camera-context,no,no,no
808,0aaa76206517,IsRoomOutside,GAME/CONTROL.C,1307,CalculateSpotCams,combat-camera-context,no,no,no
809,0aaa76206517,IsRoomOutside,GAME/CONTROL.C,1312,CalculateCamera,combat-camera-context,no,no,no
810,0aaa76206517,IsRoomOutside,GAME/CONTROL.C,1325,CalculateCamera,combat-camera-context,no,no,no
811,0aaa76206517,IsRoomOutside,GAME/CONTROL.C,1329,mGetAngle,combat-camera-context,no,no,no
812,0aaa76206517,IsRoomOutside,GAME/CONTROL.C,1331,TriggerLaraDrips,combat-camera-context,no,no,no
813,0aaa76206517,IsRoomOutside,GAME/CONTROL.C,1338,GetFloor,combat-camera-context,no,no,no
814,0aaa76206517,IsRoomOutside,GAME/CONTROL.C,1339,GetHeight,combat-camera-context,no,no,no
815,0aaa76206517,IsRoomOutside,GAME/CONTROL.C,1340,TestTriggers,combat-camera-context,no,no,no
816,0aaa76206517,IsRoomOutside,GAME/CONTROL.C,1346,UpdateSparks,combat-camera-context,no,no,no
817,0aaa76206517,IsRoomOutside,GAME/CONTROL.C,1347,UpdateFireSparks,combat-camera-context,no,no,no
818,0aaa76206517,IsRoomOutside,GAME/CONTROL.C,1348,UpdateSmokeSparks,combat-camera-context,no,no,no
819,0aaa76206517,IsRoomOutside,GAME/CONTROL.C,1349,UpdateBubbles,combat-camera-context,no,no,no
820,0aaa76206517,IsRoomOutside,GAME/CONTROL.C,1350,UpdateSplashes,combat-camera-context,no,no,no
821,0aaa76206517,IsRoomOutside,GAME/CONTROL.C,1351,UpdateDebris,combat-camera-context,no,no,no
822,0aaa76206517,IsRoomOutside,GAME/CONTROL.C,1352,UpdateBlood,combat-camera-context,no,no,no
823,0aaa76206517,IsRoomOutside,GAME/CONTROL.C,1353,UpdateDrips,combat-camera-context,no,no,no
824,0aaa76206517,IsRoomOutside,GAME/CONTROL.C,1354,UpdateGunShells,combat-camera-context,no,no,no
825,0aaa76206517,IsRoomOutside,GAME/CONTROL.C,1371,UpdateShockwaves,combat-camera-context,no,no,no
826,0aaa76206517,IsRoomOutside,GAME/CONTROL.C,1385,AnimateWaterfalls,combat-camera-context,no,no,no
827,0aaa76206517,IsRoomOutside,GAME/CONTROL.C,1386,UpdatePulseColour,combat-camera-context,no,no,no
828,0aaa76206517,IsRoomOutside,GAME/CONTROL.C,1393,SoundEffects,combat-camera-context,no,no,no
829,0aaa76206517,IsRoomOutside,GAME/CONTROL.C,1406,VibratePad,combat-camera-context,no,no,no
830,0aaa76206517,IsRoomOutside,GAME/CONTROL.C,1418,GetRandomControl,combat-camera-context,no,no,no
831,0aaa76206517,IsRoomOutside,GAME/CONTROL.C,1425,SetupPadVibration,combat-camera-context,no,no,no
832,0aaa76206517,IsRoomOutside,GAME/CONTROL.C,1429,UpdateFadeClip,combat-camera-context,no,no,no
833,0aaa76206517,IsRoomOutside,GAME/CONTROL.C,1444,KillMoveItems,combat-camera-context,no,no,no
834,0aaa76206517,IsRoomOutside,GAME/CONTROL.C,1456,KillItem,combat-camera-context,no,no,no
835,0aaa76206517,IsRoomOutside,GAME/CONTROL.C,1462,ItemNewRoom,combat-camera-context,no,no,no
836,0aaa76206517,IsRoomOutside,GAME/CONTROL.C,1471,KillMoveEffects,combat-camera-context,no,no,no
837,0aaa76206517,IsRoomOutside,GAME/CONTROL.C,1481,KillEffect,combat-camera-context,no,no,no
838,0aaa76206517,IsRoomOutside,GAME/CONTROL.C,1485,EffectNewRoom,combat-camera-context,no,no,no
839,0aaa76206517,IsRoomOutside,GAME/CONTROL.C,1494,TestTriggers,combat-camera-context,no,no,no
840,0aaa76206517,IsRoomOutside,GAME/CONTROL.C,1497,_TestTriggers,combat-camera-context,no,no,no
841,0aaa76206517,IsRoomOutside,GAME/CONTROL.C,1509,GetRandomControl,combat-camera-context,no,no,no
842,0aaa76206517,IsRoomOutside,GAME/CONTROL.C,1515,SeedRandomControl,combat-camera-context,no,no,no
843,0aaa76206517,IsRoomOutside,GAME/CONTROL.C,1520,GetRandomDraw,combat-camera-context,no,no,no
844,0aaa76206517,IsRoomOutside,GAME/CONTROL.C,1526,SeedRandomDraw,combat-camera-context,no,no,no
845,0aaa76206517,IsRoomOutside,GAME/CONTROL.C,1532,ClearFires,combat-camera-context,no,no,no
846,0aaa76206517,IsRoomOutside,GAME/CONTROL.C,1542,AddFire,combat-camera-context,no,no,no
847,0aaa76206517,IsRoomOutside,GAME/CONTROL.C,1565,ClearDynamics,combat-camera-context,no,no,no
848,0aaa76206517,IsRoomOutside,GAME/CONTROL.C,1581,is_object_in_room,combat-camera-context,no,no,no
849,0aaa76206517,IsRoomOutside,GAME/CONTROL.C,1598,NeatAndTidyTriggerCutscene,combat-camera-context,no,no,no
850,0aaa76206517,IsRoomOutside,GAME/CONTROL.C,1607,have_i_got_object,combat-camera-context,no,no,no
851,0aaa76206517,IsRoomOutside,GAME/CONTROL.C,1636,trigger_title_spotcam,combat-camera-context,no,no,no
852,0aaa76206517,IsRoomOutside,GAME/CONTROL.C,1641,trigger_title_spotcam,combat-camera-context,no,no,no
853,0aaa76206517,IsRoomOutside,GAME/CONTROL.C,1645,trigger_title_spotcam,combat-camera-context,no,no,no
854,0aaa76206517,IsRoomOutside,GAME/CONTROL.C,1649,trigger_title_spotcam,combat-camera-context,no,no,no
855,0aaa76206517,IsRoomOutside,GAME/CONTROL.C,1669,CheckCutPlayed,combat-camera-context,no,no,no
856,0aaa76206517,IsRoomOutside,GAME/CONTROL.C,1681,CheckCutPlayed,combat-camera-context,no,no,no
857,0aaa76206517,IsRoomOutside,GAME/CONTROL.C,1701,is_object_in_room,combat-camera-context,no,no,no
858,0aaa76206517,IsRoomOutside,GAME/CONTROL.C,1701,have_i_got_object,combat-camera-context,no,no,no
859,0aaa76206517,IsRoomOutside,GAME/CONTROL.C,1715,have_i_got_object,combat-camera-context,no,no,no
860,0aaa76206517,IsRoomOutside,GAME/CONTROL.C,1747,have_i_got_object,combat-camera-context,no,no,no
861,0aaa76206517,IsRoomOutside,GAME/CONTROL.C,1769,have_i_got_object,combat-camera-context,no,no,no
862,0aaa76206517,IsRoomOutside,GAME/CONTROL.C,1771,SetCutPlayed,combat-camera-context,no,no,no
863,0aaa76206517,IsRoomOutside,GAME/CONTROL.C,2024,var_4,combat-camera-context,no,no,no
864,0aaa76206517,IsRoomOutside,GAME/CONTROL.C,2025,var_8,combat-camera-context,no,no,no
865,0aaa76206517,IsRoomOutside,GAME/CONTROL.C,2026,var_C,combat-camera-context,no,no,no
866,0aaa76206517,IsRoomOutside,GAME/CONTROL.C,2027,var_10,combat-camera-context,no,no,no
867,0aaa76206517,IsRoomOutside,GAME/CONTROL.C,2035,CheckCutPlayed,combat-camera-context,no,no,no
868,0aaa76206517,IsRoomOutside,GAME/CONTROL.C,2043,SetCutNotPlayed,combat-camera-context,no,no,no
869,0aaa76206517,IsRoomOutside,GAME/CONTROL.C,2051,SetCutPlayed,combat-camera-context,no,no,no
870,0aaa76206517,IsRoomOutside,GAME/CONTROL.C,2059,InitCutPlayed,combat-camera-context,no,no,no
871,0aaa76206517,IsRoomOutside,GAME/CONTROL.C,2065,ResetGuards,combat-camera-context,no,no,no
872,0aaa76206517,IsRoomOutside,GAME/CONTROL.C,2097,RemoveActiveItem,combat-camera-context,no,no,no
873,0aaa76206517,IsRoomOutside,GAME/CONTROL.C,2098,DisableBaddieAI,combat-camera-context,no,no,no
874,0aaa76206517,IsRoomOutside,GAME/CONTROL.C,2228,var_4,combat-camera-context,no,no,no
875,0aaa76206517,IsRoomOutside,GAME/CONTROL.C,2229,var_8,combat-camera-context,no,no,no
876,0aaa76206517,IsRoomOutside,GAME/CONTROL.C,2230,var_C,combat-camera-context,no,no,no
877,0aaa76206517,IsRoomOutside,GAME/CONTROL.C,2231,var_10,combat-camera-context,no,no,no
878,0aaa76206517,IsRoomOutside,GAME/CONTROL.C,2236,UNIMPLEMENTED,combat-camera-context,no,no,no
879,0aaa76206517,IsRoomOutside,GAME/CONTROL.C,2239,InterpolateAngle,combat-camera-context,no,no,no
880,0aaa76206517,IsRoomOutside,GAME/CONTROL.C,2263,CheckGuardOnTrigger,combat-camera-context,no,no,no
881,0aaa76206517,IsRoomOutside,GAME/CONTROL.C,2273,GetFloor,combat-camera-context,no,no,no
882,0aaa76206517,IsRoomOutside,GAME/CONTROL.C,2285,ABS,combat-camera-context,no,no,no
883,0aaa76206517,IsRoomOutside,GAME/CONTROL.C,2285,SECTOR,combat-camera-context,no,no,no
884,0aaa76206517,IsRoomOutside,GAME/CONTROL.C,2286,ABS,combat-camera-context,no,no,no
885,0aaa76206517,IsRoomOutside,GAME/CONTROL.C,2286,SECTOR,combat-camera-context,no,no,no
886,0aaa76206517,IsRoomOutside,GAME/CONTROL.C,2287,ABS,combat-camera-context,no,no,no
887,0aaa76206517,IsRoomOutside,GAME/CONTROL.C,2287,SECTOR,combat-camera-context,no,no,no
888,0aaa76206517,IsRoomOutside,GAME/CONTROL.C,2298,ExplodeItemNode,combat-camera-context,no,no,no
889,0aaa76206517,IsRoomOutside,GAME/CONTROL.C,2314,SoundEffect,combat-camera-context,no,no,no
890,0aaa76206517,IsRoomOutside,GAME/CONTROL.C,2317,GetSpheres,combat-camera-context,no,no,no
891,0aaa76206517,IsRoomOutside,GAME/CONTROL.C,2328,ShatterObject,combat-camera-context,no,no,no
892,0aaa76206517,IsRoomOutside,GAME/CONTROL.C,2338,GetTargetOnLOS,combat-camera-context,no,no,no
893,0aaa76206517,IsRoomOutside,GAME/CONTROL.C,2340,UNIMPLEMENTED,combat-camera-context,no,no,no
894,0aaa76206517,IsRoomOutside,GAME/CONTROL.C,2344,FireCrossBowFromLaserSight,combat-camera-context,no,no,no
895,0aaa76206517,IsRoomOutside,GAME/CONTROL.C,2352,defined,combat-camera-context,no,no,no
896,0aaa76206517,IsRoomOutside,GAME/CONTROL.C,2353,phd_GetVectorAngles,combat-camera-context,no,no,no
897,0aaa76206517,IsRoomOutside,GAME/CONTROL.C,2362,FireCrossbow,combat-camera-context,no,no,no
898,0aaa76206517,IsRoomOutside,GAME/CONTROL.C,2365,TriggerNormalCDTrack,combat-camera-context,no,no,no
899,0aaa76206517,IsRoomOutside,GAME/CONTROL.C,2376,S_CDPlay,combat-camera-context,no,no,no
900,0aaa76206517,IsRoomOutside,GAME/CONTROL.C,2386,S_CDPlay,combat-camera-context,no,no,no
901,0aaa76206517,IsRoomOutside,GAME/CONTROL.C,2392,TriggerCDTrack,combat-camera-context,no,no,no
902,0aaa76206517,IsRoomOutside,GAME/CONTROL.C,2395,TriggerNormalCDTrack,combat-camera-context,no,no,no
903,0aaa76206517,IsRoomOutside,GAME/CONTROL.C,2398,RemoveRoomFlipItems,combat-camera-context,no,no,no
904,0aaa76206517,IsRoomOutside,GAME/CONTROL.C,2410,KillItem,combat-camera-context,no,no,no
905,0aaa76206517,IsRoomOutside,GAME/CONTROL.C,2417,FlipMap,combat-camera-context,no,no,no
906,0aaa76206517,IsRoomOutside,GAME/CONTROL.C,2427,RemoveRoomFlipItems,combat-camera-context,no,no,no
907,0aaa76206517,IsRoomOutside,GAME/CONTROL.C,2428,memcpy,combat-camera-context,no,no,no
908,0aaa76206517,IsRoomOutside,GAME/CONTROL.C,2429,memcpy,combat-camera-context,no,no,no
909,0aaa76206517,IsRoomOutside,GAME/CONTROL.C,2430,memcpy,combat-camera-context,no,no,no
910,0aaa76206517,IsRoomOutside,GAME/CONTROL.C,2435,AddRoomFlipItems,combat-camera-context,no,no,no
911,0aaa76206517,IsRoomOutside,GAME/CONTROL.C,2450,_TestTriggers,combat-camera-context,no,no,no
912,0aaa76206517,IsRoomOutside,GAME/CONTROL.C,2501,LavaBurn,combat-camera-context,no,no,no
913,0aaa76206517,IsRoomOutside,GAME/CONTROL.C,2558,RefreshCamera,combat-camera-context,no,no,no
914,0aaa76206517,IsRoomOutside,GAME/CONTROL.C,2629,SwitchTrigger,combat-camera-context,no,no,no
915,0aaa76206517,IsRoomOutside,GAME/CONTROL.C,2645,KeyTrigger,combat-camera-context,no,no,no
916,0aaa76206517,IsRoomOutside,GAME/CONTROL.C,2653,PickupTrigger,combat-camera-context,no,no,no
917,0aaa76206517,IsRoomOutside,GAME/CONTROL.C,2837,DisableBaddieAI,combat-camera-context,no,no,no
918,0aaa76206517,IsRoomOutside,GAME/CONTROL.C,2838,KillItem,combat-camera-context,no,no,no
919,0aaa76206517,IsRoomOutside,GAME/CONTROL.C,2870,AddActiveItem,combat-camera-context,no,no,no
920,0aaa76206517,IsRoomOutside,GAME/CONTROL.C,2871,EnableBaddieAI,combat-camera-context,no,no,no
921,0aaa76206517,IsRoomOutside,GAME/CONTROL.C,2876,EnableBaddieAI,combat-camera-context,no,no,no
922,0aaa76206517,IsRoomOutside,GAME/CONTROL.C,2886,AddActiveItem,combat-camera-context,no,no,no
923,0aaa76206517,IsRoomOutside,GAME/CONTROL.C,2893,AddActiveItem,combat-camera-context,no,no,no
924,0aaa76206517,IsRoomOutside,GAME/CONTROL.C,3021,TriggerCDTrack,combat-camera-context,no,no,no
925,0aaa76206517,IsRoomOutside,GAME/CONTROL.C,3039,ResetGuards,combat-camera-context,no,no,no
926,0aaa76206517,IsRoomOutside,GAME/CONTROL.C,3082,InitialiseSpotCam,combat-camera-context,no,no,no
927,0aaa76206517,IsRoomOutside,GAME/CONTROL.C,3093,NeatAndTidyTriggerCutscene,combat-camera-context,no,no,no
928,0aaa76206517,IsRoomOutside,GAME/CONTROL.C,3108,FlipMap,combat-camera-context,no,no,no
929,0aaa76206517,IsRoomOutside,GAME/CONTROL.C,3118,RefreshCamera,combat-camera-context,no,no,no
930,0aaa76206517,IsRoomOutside,GAME/CONTROL.C,3187,GetWaterHeight,combat-camera-context,no,no,no
931,0aaa76206517,IsRoomOutside,GAME/CONTROL.C,3248,GetDoor,combat-camera-context,no,no,no
932,0aaa76206517,IsRoomOutside,GAME/CONTROL.C,3266,CheckNoColCeilingTriangle,combat-camera-context,no,no,no
933,0aaa76206517,IsRoomOutside,GAME/CONTROL.C,3299,CheckNoColFloorTriangle,combat-camera-context,no,no,no
934,0aaa76206517,IsRoomOutside,GAME/CONTROL.C,3317,AlterFloorHeight,combat-camera-context,no,no,no
935,0aaa76206517,IsRoomOutside,GAME/CONTROL.C,3326,ABS,combat-camera-context,no,no,no
936,0aaa76206517,IsRoomOutside,GAME/CONTROL.C,3342,GetFloor,combat-camera-context,no,no,no
937,0aaa76206517,IsRoomOutside,GAME/CONTROL.C,3343,GetFloor,combat-camera-context,no,no,no
938,0aaa76206517,IsRoomOutside,GAME/CONTROL.C,3343,SECTOR,combat-camera-context,no,no,no
939,0aaa76206517,IsRoomOutside,GAME/CONTROL.C,3391,GH_adjust_height,combat-camera-context,no,no,no
940,0aaa76206517,IsRoomOutside,GAME/CONTROL.C,3428,GetHeight,combat-camera-context,no,no,no
941,0aaa76206517,IsRoomOutside,GAME/CONTROL.C,3453,CheckNoColFloorTriangle,combat-camera-context,no,no,no
942,0aaa76206517,IsRoomOutside,GAME/CONTROL.C,3515,ABS,combat-camera-context,no,no,no
943,0aaa76206517,IsRoomOutside,GAME/CONTROL.C,3517,ABS,combat-camera-context,no,no,no
944,0aaa76206517,IsRoomOutside,GAME/CONTROL.C,3520,GH_adjust_height,combat-camera-context,no,no,no
945,0aaa76206517,IsRoomOutside,GAME/CONTROL.C,3525,GH_adjust_height,combat-camera-context,no,no,no
946,0aaa76206517,IsRoomOutside,GAME/CONTROL.C,3532,GH_adjust_height,combat-camera-context,no,no,no
947,0aaa76206517,IsRoomOutside,GAME/CONTROL.C,3565,floor,combat-camera-context,no,no,no
948,0aaa76206517,IsRoomOutside,GAME/CONTROL.C,3665,ABS,combat-camera-context,no,no,no
949,0aaa76206517,IsRoomOutside,GAME/CONTROL.C,3670,ABS,combat-camera-context,no,no,no
950,0aaa76206517,IsRoomOutside,GAME/CONTROL.C,3682,GH_adjust_height,combat-camera-context,no,no,no
951,0aaa76206517,IsRoomOutside,GAME/CONTROL.C,3686,Error,combat-camera-context,no,no,no
952,0aaa76206517,IsRoomOutside,GAME/CONTROL.C,3686,GetHeight,combat-camera-context,no,no,no
953,0aaa76206517,IsRoomOutside,GAME/CONTROL.C,3696,GetFloor,combat-camera-context,no,no,no
954,0aaa76206517,IsRoomOutside,GAME/CONTROL.C,3743,GetDoor,combat-camera-context,no,no,no
955,0aaa76206517,IsRoomOutside,GAME/CONTROL.C,3755,CheckNoColCeilingTriangle,combat-camera-context,no,no,no
956,0aaa76206517,IsRoomOutside,GAME/CONTROL.C,3770,CheckNoColFloorTriangle,combat-camera-context,no,no,no
957,0aaa76206517,IsRoomOutside,GAME/CONTROL.C,3788,GC_adjust_height,combat-camera-context,no,no,no
958,0aaa76206517,IsRoomOutside,GAME/CONTROL.C,3825,GetCeiling,combat-camera-context,no,no,no
959,0aaa76206517,IsRoomOutside,GAME/CONTROL.C,3844,CheckNoColCeilingTriangle,combat-camera-context,no,no,no
960,0aaa76206517,IsRoomOutside,GAME/CONTROL.C,3890,GC_adjust_height,combat-camera-context,no,no,no
961,0aaa76206517,IsRoomOutside,GAME/CONTROL.C,3950,GC_adjust_height,combat-camera-context,no,no,no
962,0aaa76206517,IsRoomOutside,GAME/CONTROL.C,3960,CheckNoColFloorTriangle,combat-camera-context,no,no,no
963,0aaa76206517,IsRoomOutside,GAME/CONTROL.C,4036,ceiling,combat-camera-context,no,no,no
964,0aaa76206517,IsRoomOutside,GAME/CONTROL.C,4066,TriggerActive,combat-camera-context,no,no,no
965,0aaa76206517,IsRoomOutside,GAME/CONTROL.C,4100,AddRoomFlipItems,combat-camera-context,no,no,no
966,0aaa76206517,IsRoomOutside,GAME/CONTROL.C,4111,AlterFloorHeight,combat-camera-context,no,no,no
967,0aaa76206517,IsRoomOutside,GAME/CONTROL.C,4111,SECTOR,combat-camera-context,no,no,no
968,0aaa76206517,IsRoomOutside,GAME/CONTROL.C,4115,AlterFloorHeight,combat-camera-context,no,no,no
969,0aaa76206517,IsRoomOutside,GAME/CONTROL.C,4115,SECTOR,combat-camera-context,no,no,no
970,0aaa76206517,IsRoomOutside,GAME/CONTROL.C,4123,IsRoomOutside,combat-camera-context,no,no,no
971,0aaa76206517,IsRoomOutside,GAME/CONTROL.C,4181,GetFloor,combat-camera-context,no,no,no
972,0aaa76206517,IsRoomOutside,GAME/CONTROL.C,4183,GetHeight,combat-camera-context,no,no,no
973,0aaa76206517,IsRoomOutside,GAME/CONTROL.C,4187,GetCeiling,combat-camera-context,no,no,no
974,0aaa76206517,IsRoomOutside,GAME/CONTROL.C,4197,GetDoor,combat-camera-context,no,no,no
975,0aaa76206517,IsRoomOutside,GAME/CONTROL.C,4247,LOS,combat-camera-context,no,no,no
976,0aaa76206517,IsRoomOutside,GAME/CONTROL.C,4252,ABS,combat-camera-context,no,no,no
977,0aaa76206517,IsRoomOutside,GAME/CONTROL.C,4252,ABS,combat-camera-context,no,no,no
978,0aaa76206517,IsRoomOutside,GAME/CONTROL.C,4254,xLOS,combat-camera-context,no,no,no
979,0aaa76206517,IsRoomOutside,GAME/CONTROL.C,4255,zLOS,combat-camera-context,no,no,no
980,0aaa76206517,IsRoomOutside,GAME/CONTROL.C,4259,zLOS,combat-camera-context,no,no,no
981,0aaa76206517,IsRoomOutside,GAME/CONTROL.C,4260,xLOS,combat-camera-context,no,no,no
982,0aaa76206517,IsRoomOutside,GAME/CONTROL.C,4265,GetFloor,combat-camera-context,no,no,no
983,0aaa76206517,IsRoomOutside,GAME/CONTROL.C,4267,ClipTarget,combat-camera-context,no,no,no
984,0aaa76206517,IsRoomOutside,GAME/CONTROL.C,4275,xLOS,combat-camera-context,no,no,no
985,0aaa76206517,IsRoomOutside,GAME/CONTROL.C,4277,UNIMPLEMENTED,combat-camera-context,no,no,no
986,0aaa76206517,IsRoomOutside,GAME/CONTROL.C,4281,zLOS,combat-camera-context,no,no,no
987,0aaa76206517,IsRoomOutside,GAME/CONTROL.C,4283,UNIMPLEMENTED,combat-camera-context,no,no,no
988,0aaa76206517,IsRoomOutside,GAME/CONTROL.C,4289,CheckNoColCeilingTriangle,combat-camera-context,no,no,no
989,0aaa76206517,IsRoomOutside,GAME/CONTROL.C,4338,CheckNoColFloorTriangle,combat-camera-context,no,no,no
990,0aaa76206517,IsRoomOutside,GAME/CONTROL.C,4373,ClipTarget,combat-camera-context,no,no,no
991,0aaa76206517,IsRoomOutside,GAME/CONTROL.C,4375,UNIMPLEMENTED,combat-camera-context,no,no,no
992,0aaa76206517,IsRoomOutside,GAME/CONTROL.C,4380,GetJointAbsPosition,combat-camera-context,no,no,no
993,0aaa76206517,IsRoomOutside,GAME/CONTROL.C,4382,UNIMPLEMENTED,combat-camera-context,no,no,no
994,0aaa76206517,IsRoomOutside,GAME/CONTROL.C,4385,ObjectOnLOS2,combat-camera-context,no,no,no
995,0aaa76206517,IsRoomOutside,GAME/CONTROL.C,4387,UNIMPLEMENTED,combat-camera-context,no,no,no
996,0aaa76206517,IsRoomOutside,GAME/CONTROL.C,4392,check_xray_machine_trigger,combat-camera-context,no,no,no
997,0aaa76206517,IsRoomOutside,GAME/CONTROL.C,4408,AnimateItem,combat-camera-context,no,no,no
998,0aaa76206517,IsRoomOutside,GAME/CONTROL.C,4410,UNIMPLEMENTED,combat-camera-context,no,no,no
999,0aaa76206517,IsRoomOutside,GAME/CONTROL.C,4413,UpdateSpiders,combat-camera-context,no,no,no
1000,0aaa76206517,IsRoomOutside,GAME/CONTROL.C,4415,UNIMPLEMENTED,combat-camera-context,no,no,no
1001,0aaa76206517,ControlEnemyMissile,GAME/EFFECT2.C,46,ControlEnemyMissile,combat-camera-context,no,no,no
1002,0aaa76206517,ControlEnemyMissile,GAME/EFFECT2.C,48,UNIMPLEMENTED,combat-camera-context,no,no,no
1003,0aaa76206517,ControlEnemyMissile,GAME/EFFECT2.C,51,ControlSmokeEmitter,combat-camera-context,no,no,no
1004,0aaa76206517,ControlEnemyMissile,GAME/EFFECT2.C,53,UNIMPLEMENTED,combat-camera-context,no,no,no
1005,0aaa76206517,ControlEnemyMissile,GAME/EFFECT2.C,56,KillEverything,combat-camera-context,no,no,no
1006,0aaa76206517,ControlEnemyMissile,GAME/EFFECT2.C,61,KillAllCurrentItems,combat-camera-context,no,no,no
1007,0aaa76206517,ControlEnemyMissile,GAME/EFFECT2.C,66,TriggerDartSmoke,combat-camera-context,no,no,no
1008,0aaa76206517,ControlEnemyMissile,GAME/EFFECT2.C,68,UNIMPLEMENTED,combat-camera-context,no,no,no
1009,0aaa76206517,ControlEnemyMissile,GAME/EFFECT2.C,71,TriggerWaterfallMist,combat-camera-context,no,no,no
1010,0aaa76206517,ControlEnemyMissile,GAME/EFFECT2.C,73,UNIMPLEMENTED,combat-camera-context,no,no,no
1011,0aaa76206517,ControlEnemyMissile,GAME/EFFECT2.C,76,TriggerSuperJetFlame,combat-camera-context,no,no,no
1012,0aaa76206517,ControlEnemyMissile,GAME/EFFECT2.C,81,ABS,combat-camera-context,no,no,no
1013,0aaa76206517,ControlEnemyMissile,GAME/EFFECT2.C,81,ABS,combat-camera-context,no,no,no
1014,0aaa76206517,ControlEnemyMissile,GAME/EFFECT2.C,83,GetRandomControl,combat-camera-context,no,no,no
1015,0aaa76206517,ControlEnemyMissile,GAME/EFFECT2.C,84,GetFreeSpark,combat-camera-context,no,no,no
1016,0aaa76206517,ControlEnemyMissile,GAME/EFFECT2.C,91,GetRandomControl,combat-camera-context,no,no,no
1017,0aaa76206517,ControlEnemyMissile,GAME/EFFECT2.C,92,GetRandomControl,combat-camera-context,no,no,no
1018,0aaa76206517,ControlEnemyMissile,GAME/EFFECT2.C,94,GetRandomControl,combat-camera-context,no,no,no
1019,0aaa76206517,ControlEnemyMissile,GAME/EFFECT2.C,95,GetRandomControl,combat-camera-context,no,no,no
1020,0aaa76206517,ControlEnemyMissile,GAME/EFFECT2.C,103,GetRandomControl,combat-camera-context,no,no,no
1021,0aaa76206517,ControlEnemyMissile,GAME/EFFECT2.C,105,GetRandomControl,combat-camera-context,no,no,no
1022,0aaa76206517,ControlEnemyMissile,GAME/EFFECT2.C,106,GetRandomControl,combat-camera-context,no,no,no
1023,0aaa76206517,ControlEnemyMissile,GAME/EFFECT2.C,107,GetRandomControl,combat-camera-context,no,no,no
1024,0aaa76206517,ControlEnemyMissile,GAME/EFFECT2.C,117,GetRandomControl,combat-camera-context,no,no,no
1025,0aaa76206517,ControlEnemyMissile,GAME/EFFECT2.C,122,GetRandomControl,combat-camera-context,no,no,no
1026,0aaa76206517,ControlEnemyMissile,GAME/EFFECT2.C,123,GetRandomControl,combat-camera-context,no,no,no
1027,0aaa76206517,ControlEnemyMissile,GAME/EFFECT2.C,125,GetRandomControl,combat-camera-context,no,no,no
1028,0aaa76206517,ControlEnemyMissile,GAME/EFFECT2.C,131,GetRandomControl,combat-camera-context,no,no,no
1029,0aaa76206517,ControlEnemyMissile,GAME/EFFECT2.C,132,GetRandomControl,combat-camera-context,no,no,no
1030,0aaa76206517,ControlEnemyMissile,GAME/EFFECT2.C,133,GetRandomControl,combat-camera-context,no,no,no
1031,0aaa76206517,ControlEnemyMissile,GAME/EFFECT2.C,134,GetRandomControl,combat-camera-context,no,no,no
1032,0aaa76206517,ControlEnemyMissile,GAME/EFFECT2.C,140,ANGLE,combat-camera-context,no,no,no
1033,0aaa76206517,ControlEnemyMissile,GAME/EFFECT2.C,144,ANGLE,combat-camera-context,no,no,no
1034,0aaa76206517,ControlEnemyMissile,GAME/EFFECT2.C,155,DetatchSpark,combat-camera-context,no,no,no
1035,0aaa76206517,ControlEnemyMissile,GAME/EFFECT2.C,188,TriggerGunSmoke,combat-camera-context,no,no,no
1036,0aaa76206517,ControlEnemyMissile,GAME/EFFECT2.C,190,GetFreeSmokeSpark,combat-camera-context,no,no,no
1037,0aaa76206517,ControlEnemyMissile,GAME/EFFECT2.C,198,GetRandomControl,combat-camera-context,no,no,no
1038,0aaa76206517,ControlEnemyMissile,GAME/EFFECT2.C,204,GetRandomControl,combat-camera-context,no,no,no
1039,0aaa76206517,ControlEnemyMissile,GAME/EFFECT2.C,205,GetRandomControl,combat-camera-context,no,no,no
1040,0aaa76206517,ControlEnemyMissile,GAME/EFFECT2.C,206,GetRandomControl,combat-camera-context,no,no,no
1041,0aaa76206517,ControlEnemyMissile,GAME/EFFECT2.C,209,GetRandomControl,combat-camera-context,no,no,no
1042,0aaa76206517,ControlEnemyMissile,GAME/EFFECT2.C,210,GetRandomControl,combat-camera-context,no,no,no
1043,0aaa76206517,ControlEnemyMissile,GAME/EFFECT2.C,211,GetRandomControl,combat-camera-context,no,no,no
1044,0aaa76206517,ControlEnemyMissile,GAME/EFFECT2.C,215,GetRandomControl,combat-camera-context,no,no,no
1045,0aaa76206517,ControlEnemyMissile,GAME/EFFECT2.C,216,GetRandomControl,combat-camera-context,no,no,no
1046,0aaa76206517,ControlEnemyMissile,GAME/EFFECT2.C,217,GetRandomControl,combat-camera-context,no,no,no
1047,0aaa76206517,ControlEnemyMissile,GAME/EFFECT2.C,220,GetRandomControl,combat-camera-context,no,no,no
1048,0aaa76206517,ControlEnemyMissile,GAME/EFFECT2.C,226,GetRandomControl,combat-camera-context,no,no,no
1049,0aaa76206517,ControlEnemyMissile,GAME/EFFECT2.C,227,GetRandomControl,combat-camera-context,no,no,no
1050,0aaa76206517,ControlEnemyMissile,GAME/EFFECT2.C,228,GetRandomControl,combat-camera-context,no,no,no
1051,0aaa76206517,ControlEnemyMissile,GAME/EFFECT2.C,230,GetRandomControl,combat-camera-context,no,no,no
1052,0aaa76206517,ControlEnemyMissile,GAME/EFFECT2.C,240,GetRandomControl,combat-camera-context,no,no,no
1053,0aaa76206517,ControlEnemyMissile,GAME/EFFECT2.C,241,GetRandomControl,combat-camera-context,no,no,no
1054,0aaa76206517,ControlEnemyMissile,GAME/EFFECT2.C,242,GetRandomControl,combat-camera-context,no,no,no
1055,0aaa76206517,ControlEnemyMissile,GAME/EFFECT2.C,266,TriggerDynamic,combat-camera-context,no,no,no
1056,0aaa76206517,ControlEnemyMissile,GAME/EFFECT2.C,268,UNIMPLEMENTED,combat-camera-context,no,no,no
1057,0aaa76206517,ControlEnemyMissile,GAME/EFFECT2.C,272,TriggerFireFlame,combat-camera-context,no,no,no
1058,0aaa76206517,ControlEnemyMissile,GAME/EFFECT2.C,274,UNIMPLEMENTED,combat-camera-context,no,no,no
1059,0aaa76206517,ControlEnemyMissile,GAME/EFFECT2.C,277,TriggerFontFire,combat-camera-context,no,no,no
1060,0aaa76206517,ControlEnemyMissile,GAME/EFFECT2.C,279,UNIMPLEMENTED,combat-camera-context,no,no,no
1061,0aaa76206517,ControlEnemyMissile,GAME/EFFECT2.C,281,TriggerHydraMissileFlame,combat-camera-context,no,no,no
1062,0aaa76206517,ControlEnemyMissile,GAME/EFFECT2.C,283,UNIMPLEMENTED,combat-camera-context,no,no,no
1063,0aaa76206517,ControlEnemyMissile,GAME/EFFECT2.C,286,TriggerRomanGodMissileFlame,combat-camera-context,no,no,no
1064,0aaa76206517,ControlEnemyMissile,GAME/EFFECT2.C,288,UNIMPLEMENTED,combat-camera-context,no,no,no
1065,0aaa76206517,ControlEnemyMissile,GAME/EFFECT2.C,291,TriggerTorpedoSteam,combat-camera-context,no,no,no
1066,0aaa76206517,ControlEnemyMissile,GAME/EFFECT2.C,293,GetFreeSpark,combat-camera-context,no,no,no
1067,0aaa76206517,ControlEnemyMissile,GAME/EFFECT2.C,310,GetRandomControl,combat-camera-context,no,no,no
1068,0aaa76206517,ControlEnemyMissile,GAME/EFFECT2.C,312,GetRandomControl,combat-camera-context,no,no,no
1069,0aaa76206517,ControlEnemyMissile,GAME/EFFECT2.C,313,GetRandomControl,combat-camera-context,no,no,no
1070,0aaa76206517,ControlEnemyMissile,GAME/EFFECT2.C,314,GetRandomControl,combat-camera-context,no,no,no
1071,0aaa76206517,ControlEnemyMissile,GAME/EFFECT2.C,316,GetRandomControl,combat-camera-context,no,no,no
1072,0aaa76206517,ControlEnemyMissile,GAME/EFFECT2.C,317,GetRandomControl,combat-camera-context,no,no,no
1073,0aaa76206517,ControlEnemyMissile,GAME/EFFECT2.C,318,GetRandomControl,combat-camera-context,no,no,no
1074,0aaa76206517,ControlEnemyMissile,GAME/EFFECT2.C,321,GetRandomControl,combat-camera-context,no,no,no
1075,0aaa76206517,ControlEnemyMissile,GAME/EFFECT2.C,326,GetRandomControl,combat-camera-context,no,no,no
1076,0aaa76206517,ControlEnemyMissile,GAME/EFFECT2.C,327,GetRandomControl,combat-camera-context,no,no,no
1077,0aaa76206517,ControlEnemyMissile,GAME/EFFECT2.C,329,GetRandomControl,combat-camera-context,no,no,no
1078,0aaa76206517,ControlEnemyMissile,GAME/EFFECT2.C,335,TriggerSubMist,combat-camera-context,no,no,no
1079,0aaa76206517,ControlEnemyMissile,GAME/EFFECT2.C,337,GetFreeSpark,combat-camera-context,no,no,no
1080,0aaa76206517,ControlEnemyMissile,GAME/EFFECT2.C,360,GetRandomControl,combat-camera-context,no,no,no
1081,0aaa76206517,ControlEnemyMissile,GAME/EFFECT2.C,362,GetRandomControl,combat-camera-context,no,no,no
1082,0aaa76206517,ControlEnemyMissile,GAME/EFFECT2.C,363,GetRandomControl,combat-camera-context,no,no,no
1083,0aaa76206517,ControlEnemyMissile,GAME/EFFECT2.C,364,GetRandomControl,combat-camera-context,no,no,no
1084,0aaa76206517,ControlEnemyMissile,GAME/EFFECT2.C,366,GetRandomControl,combat-camera-context,no,no,no
1085,0aaa76206517,ControlEnemyMissile,GAME/EFFECT2.C,367,GetRandomControl,combat-camera-context,no,no,no
1086,0aaa76206517,ControlEnemyMissile,GAME/EFFECT2.C,368,GetRandomControl,combat-camera-context,no,no,no
1087,0aaa76206517,ControlEnemyMissile,GAME/EFFECT2.C,373,GetRandomControl,combat-camera-context,no,no,no
1088,0aaa76206517,ControlEnemyMissile,GAME/EFFECT2.C,380,GetRandomControl,combat-camera-context,no,no,no
1089,0aaa76206517,ControlEnemyMissile,GAME/EFFECT2.C,381,GetRandomControl,combat-camera-context,no,no,no
1090,0aaa76206517,ControlEnemyMissile,GAME/EFFECT2.C,383,GetRandomControl,combat-camera-context,no,no,no
1091,0aaa76206517,ControlEnemyMissile,GAME/EFFECT2.C,392,GetRandomControl,combat-camera-context,no,no,no
1092,0aaa76206517,ControlEnemyMissile,GAME/EFFECT2.C,399,TriggerEngineEffects,combat-camera-context,no,no,no
1093,0aaa76206517,ControlEnemyMissile,GAME/EFFECT2.C,401,UNIMPLEMENTED,combat-camera-context,no,no,no
1094,0aaa76206517,ControlEnemyMissile,GAME/EFFECT2.C,404,TriggerAirBubbles,combat-camera-context,no,no,no
1095,0aaa76206517,ControlEnemyMissile,GAME/EFFECT2.C,413,GetLaraJointPos,combat-camera-context,no,no,no
1096,0aaa76206517,ControlEnemyMissile,GAME/EFFECT2.C,417,GetRandomControl,combat-camera-context,no,no,no
1097,0aaa76206517,ControlEnemyMissile,GAME/EFFECT2.C,418,GetLaraJointPos,combat-camera-context,no,no,no
1098,0aaa76206517,ControlEnemyMissile,GAME/EFFECT2.C,420,GetFreeSpark,combat-camera-context,no,no,no
1099,0aaa76206517,ControlEnemyMissile,GAME/EFFECT2.C,436,GetRandomControl,combat-camera-context,no,no,no
1100,0aaa76206517,ControlEnemyMissile,GAME/EFFECT2.C,438,GetRandomControl,combat-camera-context,no,no,no
1101,0aaa76206517,ControlEnemyMissile,GAME/EFFECT2.C,439,GetRandomControl,combat-camera-context,no,no,no
1102,0aaa76206517,ControlEnemyMissile,GAME/EFFECT2.C,440,GetRandomControl,combat-camera-context,no,no,no
1103,0aaa76206517,ControlEnemyMissile,GAME/EFFECT2.C,442,GetRandomControl,combat-camera-context,no,no,no
1104,0aaa76206517,ControlEnemyMissile,GAME/EFFECT2.C,443,GetRandomControl,combat-camera-context,no,no,no
1105,0aaa76206517,ControlEnemyMissile,GAME/EFFECT2.C,444,GetRandomControl,combat-camera-context,no,no,no
1106,0aaa76206517,ControlEnemyMissile,GAME/EFFECT2.C,449,GetRandomControl,combat-camera-context,no,no,no
1107,0aaa76206517,ControlEnemyMissile,GAME/EFFECT2.C,454,GetRandomControl,combat-camera-context,no,no,no
1108,0aaa76206517,ControlEnemyMissile,GAME/EFFECT2.C,455,GetRandomControl,combat-camera-context,no,no,no
1109,0aaa76206517,ControlEnemyMissile,GAME/EFFECT2.C,457,GetRandomControl,combat-camera-context,no,no,no
1110,0aaa76206517,ControlEnemyMissile,GAME/EFFECT2.C,463,FlamingHell,combat-camera-context,no,no,no
1111,0aaa76206517,ControlEnemyMissile,GAME/EFFECT2.C,465,GetFreeSpark,combat-camera-context,no,no,no
1112,0aaa76206517,ControlEnemyMissile,GAME/EFFECT2.C,467,MAX,combat-camera-context,no,no,no
1113,0aaa76206517,ControlEnemyMissile,GAME/EFFECT2.C,467,GetRandomControl,combat-camera-context,no,no,no
1114,0aaa76206517,ControlEnemyMissile,GAME/EFFECT2.C,469,GetRandomControl,combat-camera-context,no,no,no
1115,0aaa76206517,ControlEnemyMissile,GAME/EFFECT2.C,474,GetRandomControl,combat-camera-context,no,no,no
1116,0aaa76206517,ControlEnemyMissile,GAME/EFFECT2.C,476,GetRandomControl,combat-camera-context,no,no,no
1117,0aaa76206517,ControlEnemyMissile,GAME/EFFECT2.C,477,GetRandomControl,combat-camera-context,no,no,no
1118,0aaa76206517,ControlEnemyMissile,GAME/EFFECT2.C,484,GetRandomControl,combat-camera-context,no,no,no
1119,0aaa76206517,ControlEnemyMissile,GAME/EFFECT2.C,486,GetRandomControl,combat-camera-context,no,no,no
1120,0aaa76206517,ControlEnemyMissile,GAME/EFFECT2.C,487,GetRandomControl,combat-camera-context,no,no,no
1121,0aaa76206517,ControlEnemyMissile,GAME/EFFECT2.C,488,GetRandomControl,combat-camera-context,no,no,no
1122,0aaa76206517,ControlEnemyMissile,GAME/EFFECT2.C,490,GetRandomControl,combat-camera-context,no,no,no
1123,0aaa76206517,ControlEnemyMissile,GAME/EFFECT2.C,492,GetRandomControl,combat-camera-context,no,no,no
1124,0aaa76206517,ControlEnemyMissile,GAME/EFFECT2.C,496,GetRandomControl,combat-camera-context,no,no,no
1125,0aaa76206517,ControlEnemyMissile,GAME/EFFECT2.C,501,GetRandomControl,combat-camera-context,no,no,no
1126,0aaa76206517,LaraCeilingFront,GAME/LARA.C,55,void,combat-camera-context,no,no,no
1127,0aaa76206517,LaraCeilingFront,GAME/LARA.C,198,void,combat-camera-context,no,no,no
1128,0aaa76206517,LaraCeilingFront,GAME/LARA.C,341,lara_as_pbleapoff,combat-camera-context,no,no,no
1129,0aaa76206517,LaraCeilingFront,GAME/LARA.C,366,SIN,combat-camera-context,no,no,no
1130,0aaa76206517,LaraCeilingFront,GAME/LARA.C,367,COS,combat-camera-context,no,no,no
1131,0aaa76206517,LaraCeilingFront,GAME/LARA.C,377,lara_as_parallelbars,combat-camera-context,no,no,no
1132,0aaa76206517,LaraCeilingFront,GAME/LARA.C,385,lara_as_trfall,combat-camera-context,no,no,no
1133,0aaa76206517,LaraCeilingFront,GAME/LARA.C,396,GetLaraJointPos,combat-camera-context,no,no,no
1134,0aaa76206517,LaraCeilingFront,GAME/LARA.C,456,GetRandomControl,combat-camera-context,no,no,no
1135,0aaa76206517,LaraCeilingFront,GAME/LARA.C,462,lara_as_trwalk,combat-camera-context,no,no,no
1136,0aaa76206517,LaraCeilingFront,GAME/LARA.C,472,GetHeight,combat-camera-context,no,no,no
1137,0aaa76206517,LaraCeilingFront,GAME/LARA.C,472,GetFloor,combat-camera-context,no,no,no
1138,0aaa76206517,LaraCeilingFront,GAME/LARA.C,481,GetTighRopeFallOff,combat-camera-context,no,no,no
1139,0aaa76206517,LaraCeilingFront,GAME/LARA.C,488,LookUpDown,combat-camera-context,no,no,no
1140,0aaa76206517,LaraCeilingFront,GAME/LARA.C,500,lara_as_trpose,combat-camera-context,no,no,no
1141,0aaa76206517,LaraCeilingFront,GAME/LARA.C,503,LookUpDown,combat-camera-context,no,no,no
1142,0aaa76206517,LaraCeilingFront,GAME/LARA.C,505,GetTighRopeFallOff,combat-camera-context,no,no,no
1143,0aaa76206517,LaraCeilingFront,GAME/LARA.C,510,GetRandomControl,combat-camera-context,no,no,no
1144,0aaa76206517,LaraCeilingFront,GAME/LARA.C,528,GetTighRopeFallOff,combat-camera-context,no,no,no
1145,0aaa76206517,LaraCeilingFront,GAME/LARA.C,535,GetTighRopeFallOff,combat-camera-context,no,no,no
1146,0aaa76206517,LaraCeilingFront,GAME/LARA.C,545,GetRandomControl,combat-camera-context,no,no,no
1147,0aaa76206517,LaraCeilingFront,GAME/LARA.C,546,GetRandomControl,combat-camera-context,no,no,no
1148,0aaa76206517,LaraCeilingFront,GAME/LARA.C,549,LookLeftRight,combat-camera-context,no,no,no
1149,0aaa76206517,LaraCeilingFront,GAME/LARA.C,555,ANGLE,combat-camera-context,no,no,no
1150,0aaa76206517,LaraCeilingFront,GAME/LARA.C,558,ANGLE,combat-camera-context,no,no,no
1151,0aaa76206517,LaraCeilingFront,GAME/LARA.C,560,ANGLE,combat-camera-context,no,no,no
1152,0aaa76206517,LaraCeilingFront,GAME/LARA.C,566,ANGLE,combat-camera-context,no,no,no
1153,0aaa76206517,LaraCeilingFront,GAME/LARA.C,569,ANGLE,combat-camera-context,no,no,no
1154,0aaa76206517,LaraCeilingFront,GAME/LARA.C,571,ANGLE,combat-camera-context,no,no,no
1155,0aaa76206517,LaraCeilingFront,GAME/LARA.C,578,LookUpDown,combat-camera-context,no,no,no
1156,0aaa76206517,LaraCeilingFront,GAME/LARA.C,584,ANGLE,combat-camera-context,no,no,no
1157,0aaa76206517,LaraCeilingFront,GAME/LARA.C,587,ANGLE,combat-camera-context,no,no,no
1158,0aaa76206517,LaraCeilingFront,GAME/LARA.C,589,ANGLE,combat-camera-context,no,no,no
1159,0aaa76206517,LaraCeilingFront,GAME/LARA.C,595,ANGLE,combat-camera-context,no,no,no
1160,0aaa76206517,LaraCeilingFront,GAME/LARA.C,598,ANGLE,combat-camera-context,no,no,no
1161,0aaa76206517,LaraCeilingFront,GAME/LARA.C,600,ANGLE,combat-camera-context,no,no,no
1162,0aaa76206517,LaraCeilingFront,GAME/LARA.C,607,ResetLook,combat-camera-context,no,no,no
1163,0aaa76206517,LaraCeilingFront,GAME/LARA.C,611,ANGLE,combat-camera-context,no,no,no
1164,0aaa76206517,LaraCeilingFront,GAME/LARA.C,611,ANGLE,combat-camera-context,no,no,no
1165,0aaa76206517,LaraCeilingFront,GAME/LARA.C,616,ANGLE,combat-camera-context,no,no,no
1166,0aaa76206517,LaraCeilingFront,GAME/LARA.C,616,ANGLE,combat-camera-context,no,no,no
1167,0aaa76206517,LaraCeilingFront,GAME/LARA.C,636,lara_col_jumper,combat-camera-context,no,no,no
1168,0aaa76206517,LaraCeilingFront,GAME/LARA.C,642,GetLaraCollisionInfo,combat-camera-context,no,no,no
1169,0aaa76206517,LaraCeilingFront,GAME/LARA.C,643,LaraDeflectEdgeJump,combat-camera-context,no,no,no
1170,0aaa76206517,LaraCeilingFront,GAME/LARA.C,647,LaraLandedBad,combat-camera-context,no,no,no
1171,0aaa76206517,LaraCeilingFront,GAME/LARA.C,660,lara_default_col,combat-camera-context,no,no,no
1172,0aaa76206517,LaraCeilingFront,GAME/LARA.C,668,GetLaraCollisionInfo,combat-camera-context,no,no,no
1173,0aaa76206517,LaraCeilingFront,GAME/LARA.C,671,lara_col_wade,combat-camera-context,no,no,no
1174,0aaa76206517,LaraCeilingFront,GAME/LARA.C,681,GetLaraCollisionInfo,combat-camera-context,no,no,no
1175,0aaa76206517,LaraCeilingFront,GAME/LARA.C,683,LaraHitCeiling,combat-camera-context,no,no,no
1176,0aaa76206517,LaraCeilingFront,GAME/LARA.C,683,TestLaraVault,combat-camera-context,no,no,no
1177,0aaa76206517,LaraCeilingFront,GAME/LARA.C,685,LaraDeflectEdge,combat-camera-context,no,no,no
1178,0aaa76206517,LaraCeilingFront,GAME/LARA.C,708,LaraCollideStop,combat-camera-context,no,no,no
1179,0aaa76206517,LaraCeilingFront,GAME/LARA.C,737,lara_col_fastdive,combat-camera-context,no,no,no
1180,0aaa76206517,LaraCeilingFront,GAME/LARA.C,745,GetLaraCollisionInfo,combat-camera-context,no,no,no
1181,0aaa76206517,LaraCeilingFront,GAME/LARA.C,746,LaraDeflectEdgeJump,combat-camera-context,no,no,no
1182,0aaa76206517,LaraCeilingFront,GAME/LARA.C,763,lara_col_swandive,combat-camera-context,no,no,no
1183,0aaa76206517,LaraCeilingFront,GAME/LARA.C,771,GetLaraCollisionInfo,combat-camera-context,no,no,no
1184,0aaa76206517,LaraCeilingFront,GAME/LARA.C,772,LaraDeflectEdgeJump,combat-camera-context,no,no,no
1185,0aaa76206517,LaraCeilingFront,GAME/LARA.C,786,lara_col_roll2,combat-camera-context,no,no,no
1186,0aaa76206517,LaraCeilingFront,GAME/LARA.C,793,ANGLE,combat-camera-context,no,no,no
1187,0aaa76206517,LaraCeilingFront,GAME/LARA.C,801,GetLaraCollisionInfo,combat-camera-context,no,no,no
1188,0aaa76206517,LaraCeilingFront,GAME/LARA.C,803,LaraHitCeiling,combat-camera-context,no,no,no
1189,0aaa76206517,LaraCeilingFront,GAME/LARA.C,803,TestLaraSlide,combat-camera-context,no,no,no
1190,0aaa76206517,LaraCeilingFront,GAME/LARA.C,807,ShiftItem,combat-camera-context,no,no,no
1191,0aaa76206517,LaraCeilingFront,GAME/LARA.C,826,lara_col_roll,combat-camera-context,no,no,no
1192,0aaa76206517,LaraCeilingFront,GAME/LARA.C,840,GetLaraCollisionInfo,combat-camera-context,no,no,no
1193,0aaa76206517,LaraCeilingFront,GAME/LARA.C,842,LaraHitCeiling,combat-camera-context,no,no,no
1194,0aaa76206517,LaraCeilingFront,GAME/LARA.C,844,TestLaraSlide,combat-camera-context,no,no,no
1195,0aaa76206517,LaraCeilingFront,GAME/LARA.C,846,LaraFallen,combat-camera-context,no,no,no
1196,0aaa76206517,LaraCeilingFront,GAME/LARA.C,848,ShiftItem,combat-camera-context,no,no,no
1197,0aaa76206517,LaraCeilingFront,GAME/LARA.C,857,lara_col_slideback,combat-camera-context,no,no,no
1198,0aaa76206517,LaraCeilingFront,GAME/LARA.C,859,ANGLE,combat-camera-context,no,no,no
1199,0aaa76206517,LaraCeilingFront,GAME/LARA.C,860,lara_slide_slope,combat-camera-context,no,no,no
1200,0aaa76206517,LaraCeilingFront,GAME/LARA.C,863,lara_col_fallback,combat-camera-context,no,no,no
1201,0aaa76206517,LaraCeilingFront,GAME/LARA.C,865,ANGLE,combat-camera-context,no,no,no
1202,0aaa76206517,LaraCeilingFront,GAME/LARA.C,871,GetLaraCollisionInfo,combat-camera-context,no,no,no
1203,0aaa76206517,LaraCeilingFront,GAME/LARA.C,872,LaraDeflectEdgeJump,combat-camera-context,no,no,no
1204,0aaa76206517,LaraCeilingFront,GAME/LARA.C,876,LaraLandedBad,combat-camera-context,no,no,no
1205,0aaa76206517,LaraCeilingFront,GAME/LARA.C,889,lara_col_leftjump,combat-camera-context,no,no,no
1206,0aaa76206517,LaraCeilingFront,GAME/LARA.C,891,ANGLE,combat-camera-context,no,no,no
1207,0aaa76206517,LaraCeilingFront,GAME/LARA.C,892,lara_col_jumper,combat-camera-context,no,no,no
1208,0aaa76206517,LaraCeilingFront,GAME/LARA.C,895,lara_col_rightjump,combat-camera-context,no,no,no
1209,0aaa76206517,LaraCeilingFront,GAME/LARA.C,897,ANGLE,combat-camera-context,no,no,no
1210,0aaa76206517,LaraCeilingFront,GAME/LARA.C,898,lara_col_jumper,combat-camera-context,no,no,no
1211,0aaa76206517,LaraCeilingFront,GAME/LARA.C,901,lara_col_backjump,combat-camera-context,no,no,no
1212,0aaa76206517,LaraCeilingFront,GAME/LARA.C,903,ANGLE,combat-camera-context,no,no,no
1213,0aaa76206517,LaraCeilingFront,GAME/LARA.C,904,lara_col_jumper,combat-camera-context,no,no,no
1214,0aaa76206517,LaraCeilingFront,GAME/LARA.C,907,lara_col_slide,combat-camera-context,no,no,no
1215,0aaa76206517,LaraCeilingFront,GAME/LARA.C,910,lara_slide_slope,combat-camera-context,no,no,no
1216,0aaa76206517,LaraCeilingFront,GAME/LARA.C,913,lara_col_stepleft,combat-camera-context,no,no,no
1217,0aaa76206517,LaraCeilingFront,GAME/LARA.C,915,lara_col_stepright,combat-camera-context,no,no,no
1218,0aaa76206517,LaraCeilingFront,GAME/LARA.C,918,lara_col_stepright,combat-camera-context,no,no,no
1219,0aaa76206517,LaraCeilingFront,GAME/LARA.C,921,ANGLE,combat-camera-context,no,no,no
1220,0aaa76206517,LaraCeilingFront,GAME/LARA.C,923,ANGLE,combat-camera-context,no,no,no
1221,0aaa76206517,LaraCeilingFront,GAME/LARA.C,939,GetLaraCollisionInfo,combat-camera-context,no,no,no
1222,0aaa76206517,LaraCeilingFront,GAME/LARA.C,941,LaraHitCeiling,combat-camera-context,no,no,no
1223,0aaa76206517,LaraCeilingFront,GAME/LARA.C,943,LaraDeflectEdge,combat-camera-context,no,no,no
1224,0aaa76206517,LaraCeilingFront,GAME/LARA.C,944,LaraCollideStop,combat-camera-context,no,no,no
1225,0aaa76206517,LaraCeilingFront,GAME/LARA.C,946,LaraFallen,combat-camera-context,no,no,no
1226,0aaa76206517,LaraCeilingFront,GAME/LARA.C,946,TestLaraSlide,combat-camera-context,no,no,no
1227,0aaa76206517,LaraCeilingFront,GAME/LARA.C,951,lara_col_back,combat-camera-context,no,no,no
1228,0aaa76206517,LaraCeilingFront,GAME/LARA.C,956,ANGLE,combat-camera-context,no,no,no
1229,0aaa76206517,LaraCeilingFront,GAME/LARA.C,969,GetLaraCollisionInfo,combat-camera-context,no,no,no
1230,0aaa76206517,LaraCeilingFront,GAME/LARA.C,971,LaraHitCeiling,combat-camera-context,no,no,no
1231,0aaa76206517,LaraCeilingFront,GAME/LARA.C,973,LaraDeflectEdge,combat-camera-context,no,no,no
1232,0aaa76206517,LaraCeilingFront,GAME/LARA.C,974,LaraCollideStop,combat-camera-context,no,no,no
1233,0aaa76206517,LaraCeilingFront,GAME/LARA.C,976,LaraFallen,combat-camera-context,no,no,no
1234,0aaa76206517,LaraCeilingFront,GAME/LARA.C,992,TestLaraSlide,combat-camera-context,no,no,no
1235,0aaa76206517,LaraCeilingFront,GAME/LARA.C,998,lara_col_compress,combat-camera-context,no,no,no
1236,0aaa76206517,LaraCeilingFront,GAME/LARA.C,1007,GetLaraCollisionInfo,combat-camera-context,no,no,no
1237,0aaa76206517,LaraCeilingFront,GAME/LARA.C,1009,LaraFallen,combat-camera-context,no,no,no
1238,0aaa76206517,LaraCeilingFront,GAME/LARA.C,1032,lara_col_land,combat-camera-context,no,no,no
1239,0aaa76206517,LaraCeilingFront,GAME/LARA.C,1034,lara_col_stop,combat-camera-context,no,no,no
1240,0aaa76206517,LaraCeilingFront,GAME/LARA.C,1037,lara_col_splat,combat-camera-context,no,no,no
1241,0aaa76206517,LaraCeilingFront,GAME/LARA.C,1048,GetLaraCollisionInfo,combat-camera-context,no,no,no
1242,0aaa76206517,LaraCeilingFront,GAME/LARA.C,1049,ShiftItem,combat-camera-context,no,no,no
1243,0aaa76206517,LaraCeilingFront,GAME/LARA.C,1055,lara_col_fastfall,combat-camera-context,no,no,no
1244,0aaa76206517,LaraCeilingFront,GAME/LARA.C,1063,GetLaraCollisionInfo,combat-camera-context,no,no,no
1245,0aaa76206517,LaraCeilingFront,GAME/LARA.C,1064,LaraSlideEdgeJump,combat-camera-context,no,no,no
1246,0aaa76206517,LaraCeilingFront,GAME/LARA.C,1068,LaraLandedBad,combat-camera-context,no,no,no
1247,0aaa76206517,LaraCeilingFront,GAME/LARA.C,1080,StopSoundEffect,combat-camera-context,no,no,no
1248,0aaa76206517,LaraCeilingFront,GAME/LARA.C,1090,lara_col_death,combat-camera-context,no,no,no
1249,0aaa76206517,LaraCeilingFront,GAME/LARA.C,1092,StopSoundEffect,combat-camera-context,no,no,no
1250,0aaa76206517,LaraCeilingFront,GAME/LARA.C,1100,GetLaraCollisionInfo,combat-camera-context,no,no,no
1251,0aaa76206517,LaraCeilingFront,GAME/LARA.C,1101,ShiftItem,combat-camera-context,no,no,no
1252,0aaa76206517,LaraCeilingFront,GAME/LARA.C,1110,lara_col_turn_l,combat-camera-context,no,no,no
1253,0aaa76206517,LaraCeilingFront,GAME/LARA.C,1112,lara_col_turn_r,combat-camera-context,no,no,no
1254,0aaa76206517,LaraCeilingFront,GAME/LARA.C,1115,lara_col_turn_r,combat-camera-context,no,no,no
1255,0aaa76206517,LaraCeilingFront,GAME/LARA.C,1128,GetLaraCollisionInfo,combat-camera-context,no,no,no
1256,0aaa76206517,LaraCeilingFront,GAME/LARA.C,1132,TestLaraSlide,combat-camera-context,no,no,no
1257,0aaa76206517,LaraCeilingFront,GAME/LARA.C,1146,lara_col_fastback,combat-camera-context,no,no,no
1258,0aaa76206517,LaraCeilingFront,GAME/LARA.C,1151,ANGLE,combat-camera-context,no,no,no
1259,0aaa76206517,LaraCeilingFront,GAME/LARA.C,1160,GetLaraCollisionInfo,combat-camera-context,no,no,no
1260,0aaa76206517,LaraCeilingFront,GAME/LARA.C,1162,LaraHitCeiling,combat-camera-context,no,no,no
1261,0aaa76206517,LaraCeilingFront,GAME/LARA.C,1166,LaraDeflectEdge,combat-camera-context,no,no,no
1262,0aaa76206517,LaraCeilingFront,GAME/LARA.C,1167,LaraCollideStop,combat-camera-context,no,no,no
1263,0aaa76206517,LaraCeilingFront,GAME/LARA.C,1169,TestLaraSlide,combat-camera-context,no,no,no
1264,0aaa76206517,LaraCeilingFront,GAME/LARA.C,1186,lara_col_pose,combat-camera-context,no,no,no
1265,0aaa76206517,LaraCeilingFront,GAME/LARA.C,1188,lara_col_stop,combat-camera-context,no,no,no
1266,0aaa76206517,LaraCeilingFront,GAME/LARA.C,1191,lara_col_run,combat-camera-context,no,no,no
1267,0aaa76206517,LaraCeilingFront,GAME/LARA.C,1201,GetLaraCollisionInfo,combat-camera-context,no,no,no
1268,0aaa76206517,LaraCeilingFront,GAME/LARA.C,1203,LaraHitCeiling,combat-camera-context,no,no,no
1269,0aaa76206517,LaraCeilingFront,GAME/LARA.C,1203,TestLaraVault,combat-camera-context,no,no,no
1270,0aaa76206517,LaraCeilingFront,GAME/LARA.C,1205,LaraDeflectEdge,combat-camera-context,no,no,no
1271,0aaa76206517,LaraCeilingFront,GAME/LARA.C,1209,TestWall,combat-camera-context,no,no,no
1272,0aaa76206517,LaraCeilingFront,GAME/LARA.C,1230,LaraCollideStop,combat-camera-context,no,no,no
1273,0aaa76206517,LaraCeilingFront,GAME/LARA.C,1233,LaraFallen,combat-camera-context,no,no,no
1274,0aaa76206517,LaraCeilingFront,GAME/LARA.C,1256,TestLaraSlide,combat-camera-context,no,no,no
1275,0aaa76206517,LaraCeilingFront,GAME/LARA.C,1272,lara_col_walk,combat-camera-context,no,no,no
1276,0aaa76206517,LaraCeilingFront,GAME/LARA.C,1287,GetLaraCollisionInfo,combat-camera-context,no,no,no
1277,0aaa76206517,LaraCeilingFront,GAME/LARA.C,1289,LaraHitCeiling,combat-camera-context,no,no,no
1278,0aaa76206517,LaraCeilingFront,GAME/LARA.C,1289,TestLaraVault,combat-camera-context,no,no,no
1279,0aaa76206517,LaraCeilingFront,GAME/LARA.C,1291,LaraDeflectEdge,combat-camera-context,no,no,no
1280,0aaa76206517,LaraCeilingFront,GAME/LARA.C,1308,LaraCollideStop,combat-camera-context,no,no,no
1281,0aaa76206517,LaraCeilingFront,GAME/LARA.C,1313,LaraFallen,combat-camera-context,no,no,no
1282,0aaa76206517,LaraCeilingFront,GAME/LARA.C,1358,TestLaraSlide,combat-camera-context,no,no,no
1283,0aaa76206517,LaraCeilingFront,GAME/LARA.C,1364,lara_as_pulley,combat-camera-context,no,no,no
1284,0aaa76206517,LaraCeilingFront,GAME/LARA.C,1404,ABS,combat-camera-context,no,no,no
1285,0aaa76206517,LaraCeilingFront,GAME/LARA.C,1415,lara_col_turnswitch,combat-camera-context,no,no,no
1286,0aaa76206517,LaraCeilingFront,GAME/LARA.C,1421,ANGLE,combat-camera-context,no,no,no
1287,0aaa76206517,LaraCeilingFront,GAME/LARA.C,1429,ANGLE,combat-camera-context,no,no,no
1288,0aaa76206517,LaraCeilingFront,GAME/LARA.C,1437,lara_as_controlledl,combat-camera-context,no,no,no
1289,0aaa76206517,LaraCeilingFront,GAME/LARA.C,1444,lara_as_controlled,combat-camera-context,no,no,no
1290,0aaa76206517,LaraCeilingFront,GAME/LARA.C,1457,lara_as_deathslide,combat-camera-context,no,no,no
1291,0aaa76206517,LaraCeilingFront,GAME/LARA.C,1461,ANGLE,combat-camera-context,no,no,no
1292,0aaa76206517,LaraCeilingFront,GAME/LARA.C,1463,GetHeight,combat-camera-context,no,no,no
1293,0aaa76206517,LaraCeilingFront,GAME/LARA.C,1463,GetFloor,combat-camera-context,no,no,no
1294,0aaa76206517,LaraCeilingFront,GAME/LARA.C,1472,AnimateLara,combat-camera-context,no,no,no
1295,0aaa76206517,LaraCeilingFront,GAME/LARA.C,1482,lara_as_wade,combat-camera-context,no,no,no
1296,0aaa76206517,LaraCeilingFront,GAME/LARA.C,1491,ANGLE,combat-camera-context,no,no,no
1297,0aaa76206517,LaraCeilingFront,GAME/LARA.C,1496,ANGLE,combat-camera-context,no,no,no
1298,0aaa76206517,LaraCeilingFront,GAME/LARA.C,1497,ANGLE,combat-camera-context,no,no,no
1299,0aaa76206517,LaraCeilingFront,GAME/LARA.C,1499,ANGLE,combat-camera-context,no,no,no
1300,0aaa76206517,LaraCeilingFront,GAME/LARA.C,1500,ANGLE,combat-camera-context,no,no,no
1301,0aaa76206517,LaraCeilingFront,GAME/LARA.C,1501,ANGLE,combat-camera-context,no,no,no
1302,0aaa76206517,LaraCeilingFront,GAME/LARA.C,1506,ANGLE,combat-camera-context,no,no,no
1303,0aaa76206517,LaraCeilingFront,GAME/LARA.C,1507,ANGLE,combat-camera-context,no,no,no
1304,0aaa76206517,LaraCeilingFront,GAME/LARA.C,1509,ANGLE,combat-camera-context,no,no,no
1305,0aaa76206517,LaraCeilingFront,GAME/LARA.C,1510,ANGLE,combat-camera-context,no,no,no
1306,0aaa76206517,LaraCeilingFront,GAME/LARA.C,1511,ANGLE,combat-camera-context,no,no,no
1307,0aaa76206517,LaraCeilingFront,GAME/LARA.C,1527,lara_as_waterout,combat-camera-context,no,no,no
1308,0aaa76206517,LaraCeilingFront,GAME/LARA.C,1534,lara_as_gymnast,combat-camera-context,no,no,no
1309,0aaa76206517,LaraCeilingFront,GAME/LARA.C,1540,lara_as_fastdive,combat-camera-context,no,no,no
1310,0aaa76206517,LaraCeilingFront,GAME/LARA.C,1549,lara_as_swandive,combat-camera-context,no,no,no
1311,0aaa76206517,LaraCeilingFront,GAME/LARA.C,1557,lara_as_special,combat-camera-context,no,no,no
1312,0aaa76206517,LaraCeilingFront,GAME/LARA.C,1560,ANGLE,combat-camera-context,no,no,no
1313,0aaa76206517,LaraCeilingFront,GAME/LARA.C,1561,ANGLE,combat-camera-context,no,no,no
1314,0aaa76206517,LaraCeilingFront,GAME/LARA.C,1564,lara_as_usepuzzle,combat-camera-context,no,no,no
1315,0aaa76206517,LaraCeilingFront,GAME/LARA.C,1571,ANGLE,combat-camera-context,no,no,no
1316,0aaa76206517,LaraCeilingFront,GAME/LARA.C,1572,ANGLE,combat-camera-context,no,no,no
1317,0aaa76206517,LaraCeilingFront,GAME/LARA.C,1573,SECTOR,combat-camera-context,no,no,no
1318,0aaa76206517,LaraCeilingFront,GAME/LARA.C,1586,lara_as_usekey,combat-camera-context,no,no,no
1319,0aaa76206517,LaraCeilingFront,GAME/LARA.C,1591,ANGLE,combat-camera-context,no,no,no
1320,0aaa76206517,LaraCeilingFront,GAME/LARA.C,1593,SECTOR,combat-camera-context,no,no,no
1321,0aaa76206517,LaraCeilingFront,GAME/LARA.C,1596,lara_as_switchoff,combat-camera-context,no,no,no
1322,0aaa76206517,LaraCeilingFront,GAME/LARA.C,1601,ANGLE,combat-camera-context,no,no,no
1323,0aaa76206517,LaraCeilingFront,GAME/LARA.C,1602,ANGLE,combat-camera-context,no,no,no
1324,0aaa76206517,LaraCeilingFront,GAME/LARA.C,1603,SECTOR,combat-camera-context,no,no,no
1325,0aaa76206517,LaraCeilingFront,GAME/LARA.C,1607,lara_as_switchon,combat-camera-context,no,no,no
1326,0aaa76206517,LaraCeilingFront,GAME/LARA.C,1612,ANGLE,combat-camera-context,no,no,no
1327,0aaa76206517,LaraCeilingFront,GAME/LARA.C,1613,ANGLE,combat-camera-context,no,no,no
1328,0aaa76206517,LaraCeilingFront,GAME/LARA.C,1614,SECTOR,combat-camera-context,no,no,no
1329,0aaa76206517,LaraCeilingFront,GAME/LARA.C,1618,lara_as_pickupflare,combat-camera-context,no,no,no
1330,0aaa76206517,LaraCeilingFront,GAME/LARA.C,1623,ANGLE,combat-camera-context,no,no,no
1331,0aaa76206517,LaraCeilingFront,GAME/LARA.C,1624,ANGLE,combat-camera-context,no,no,no
1332,0aaa76206517,LaraCeilingFront,GAME/LARA.C,1625,SECTOR,combat-camera-context,no,no,no
1333,0aaa76206517,LaraCeilingFront,GAME/LARA.C,1630,lara_as_pickup,combat-camera-context,no,no,no
1334,0aaa76206517,LaraCeilingFront,GAME/LARA.C,1635,ANGLE,combat-camera-context,no,no,no
1335,0aaa76206517,LaraCeilingFront,GAME/LARA.C,1636,ANGLE,combat-camera-context,no,no,no
1336,0aaa76206517,LaraCeilingFront,GAME/LARA.C,1637,SECTOR,combat-camera-context,no,no,no
1337,0aaa76206517,LaraCeilingFront,GAME/LARA.C,1640,lara_as_ppready,combat-camera-context,no,no,no
1338,0aaa76206517,LaraCeilingFront,GAME/LARA.C,1644,ANGLE,combat-camera-context,no,no,no
1339,0aaa76206517,LaraCeilingFront,GAME/LARA.C,1649,lara_as_pullblock,combat-camera-context,no,no,no
1340,0aaa76206517,LaraCeilingFront,GAME/LARA.C,1655,ANGLE,combat-camera-context,no,no,no
1341,0aaa76206517,LaraCeilingFront,GAME/LARA.C,1659,lara_as_pushblock,combat-camera-context,no,no,no
1342,0aaa76206517,LaraCeilingFront,GAME/LARA.C,1665,ANGLE,combat-camera-context,no,no,no
1343,0aaa76206517,LaraCeilingFront,GAME/LARA.C,1669,lara_as_slideback,combat-camera-context,no,no,no
1344,0aaa76206517,LaraCeilingFront,GAME/LARA.C,1677,lara_as_fallback,combat-camera-context,no,no,no
1345,0aaa76206517,LaraCeilingFront,GAME/LARA.C,1687,lara_as_leftjump,combat-camera-context,no,no,no
1346,0aaa76206517,LaraCeilingFront,GAME/LARA.C,1704,lara_as_rightjump,combat-camera-context,no,no,no
1347,0aaa76206517,LaraCeilingFront,GAME/LARA.C,1721,lara_as_backjump,combat-camera-context,no,no,no
1348,0aaa76206517,LaraCeilingFront,GAME/LARA.C,1723,ANGLE,combat-camera-context,no,no,no
1349,0aaa76206517,LaraCeilingFront,GAME/LARA.C,1741,lara_as_slide,combat-camera-context,no,no,no
1350,0aaa76206517,LaraCeilingFront,GAME/LARA.C,1749,lara_as_stepleft,combat-camera-context,no,no,no
1351,0aaa76206517,LaraCeilingFront,GAME/LARA.C,1768,ANGLE,combat-camera-context,no,no,no
1352,0aaa76206517,LaraCeilingFront,GAME/LARA.C,1769,ANGLE,combat-camera-context,no,no,no
1353,0aaa76206517,LaraCeilingFront,GAME/LARA.C,1774,ANGLE,combat-camera-context,no,no,no
1354,0aaa76206517,LaraCeilingFront,GAME/LARA.C,1775,ANGLE,combat-camera-context,no,no,no
1355,0aaa76206517,LaraCeilingFront,GAME/LARA.C,1780,lara_as_stepright,combat-camera-context,no,no,no
1356,0aaa76206517,LaraCeilingFront,GAME/LARA.C,1799,ANGLE,combat-camera-context,no,no,no
1357,0aaa76206517,LaraCeilingFront,GAME/LARA.C,1800,ANGLE,combat-camera-context,no,no,no
1358,0aaa76206517,LaraCeilingFront,GAME/LARA.C,1805,ANGLE,combat-camera-context,no,no,no
1359,0aaa76206517,LaraCeilingFront,GAME/LARA.C,1806,ANGLE,combat-camera-context,no,no,no
1360,0aaa76206517,LaraCeilingFront,GAME/LARA.C,1811,lara_col_fastturn,combat-camera-context,no,no,no
1361,0aaa76206517,LaraCeilingFront,GAME/LARA.C,1813,lara_col_stop,combat-camera-context,no,no,no
1362,0aaa76206517,LaraCeilingFront,GAME/LARA.C,1816,lara_as_fastturn,combat-camera-context,no,no,no
1363,0aaa76206517,LaraCeilingFront,GAME/LARA.C,1827,ANGLE,combat-camera-context,no,no,no
1364,0aaa76206517,LaraCeilingFront,GAME/LARA.C,1836,ANGLE,combat-camera-context,no,no,no
1365,0aaa76206517,LaraCeilingFront,GAME/LARA.C,1845,lara_as_null,combat-camera-context,no,no,no
1366,0aaa76206517,LaraCeilingFront,GAME/LARA.C,1852,lara_as_back,combat-camera-context,no,no,no
1367,0aaa76206517,LaraCeilingFront,GAME/LARA.C,1871,ANGLE,combat-camera-context,no,no,no
1368,0aaa76206517,LaraCeilingFront,GAME/LARA.C,1872,ANGLE,combat-camera-context,no,no,no
1369,0aaa76206517,LaraCeilingFront,GAME/LARA.C,1877,ANGLE,combat-camera-context,no,no,no
1370,0aaa76206517,LaraCeilingFront,GAME/LARA.C,1878,ANGLE,combat-camera-context,no,no,no
1371,0aaa76206517,LaraCeilingFront,GAME/LARA.C,1883,lara_as_compress,combat-camera-context,no,no,no
1372,0aaa76206517,LaraCeilingFront,GAME/LARA.C,1887,LaraFloorFront,combat-camera-context,no,no,no
1373,0aaa76206517,LaraCeilingFront,GAME/LARA.C,1892,LaraFloorFront,combat-camera-context,no,no,no
1374,0aaa76206517,LaraCeilingFront,GAME/LARA.C,1892,ANGLE,combat-camera-context,no,no,no
1375,0aaa76206517,LaraCeilingFront,GAME/LARA.C,1895,ANGLE,combat-camera-context,no,no,no
1376,0aaa76206517,LaraCeilingFront,GAME/LARA.C,1897,LaraFloorFront,combat-camera-context,no,no,no
1377,0aaa76206517,LaraCeilingFront,GAME/LARA.C,1897,ANGLE,combat-camera-context,no,no,no
1378,0aaa76206517,LaraCeilingFront,GAME/LARA.C,1900,ANGLE,combat-camera-context,no,no,no
1379,0aaa76206517,LaraCeilingFront,GAME/LARA.C,1902,LaraFloorFront,combat-camera-context,no,no,no
1380,0aaa76206517,LaraCeilingFront,GAME/LARA.C,1902,ANGLE,combat-camera-context,no,no,no
1381,0aaa76206517,LaraCeilingFront,GAME/LARA.C,1905,ANGLE,combat-camera-context,no,no,no
1382,0aaa76206517,LaraCeilingFront,GAME/LARA.C,1913,lara_as_splat,combat-camera-context,no,no,no
1383,0aaa76206517,LaraCeilingFront,GAME/LARA.C,1918,lara_as_intcornerr,combat-camera-context,no,no,no
1384,0aaa76206517,LaraCeilingFront,GAME/LARA.C,1921,ANGLE,combat-camera-context,no,no,no
1385,0aaa76206517,LaraCeilingFront,GAME/LARA.C,1922,SetCornerAnim,combat-camera-context,no,no,no
1386,0aaa76206517,LaraCeilingFront,GAME/LARA.C,1922,ANGLE,combat-camera-context,no,no,no
1387,0aaa76206517,LaraCeilingFront,GAME/LARA.C,1927,lara_as_intcornerl,combat-camera-context,no,no,no
1388,0aaa76206517,LaraCeilingFront,GAME/LARA.C,1930,ANGLE,combat-camera-context,no,no,no
1389,0aaa76206517,LaraCeilingFront,GAME/LARA.C,1931,SetCornerAnim,combat-camera-context,no,no,no
1390,0aaa76206517,LaraCeilingFront,GAME/LARA.C,1931,ANGLE,combat-camera-context,no,no,no
1391,0aaa76206517,LaraCeilingFront,GAME/LARA.C,1936,lara_as_extcornerr,combat-camera-context,no,no,no
1392,0aaa76206517,LaraCeilingFront,GAME/LARA.C,1939,ANGLE,combat-camera-context,no,no,no
1393,0aaa76206517,LaraCeilingFront,GAME/LARA.C,1940,SetCornerAnim,combat-camera-context,no,no,no
1394,0aaa76206517,LaraCeilingFront,GAME/LARA.C,1940,ANGLE,combat-camera-context,no,no,no
1395,0aaa76206517,LaraCeilingFront,GAME/LARA.C,1945,lara_as_extcornerl,combat-camera-context,no,no,no
1396,0aaa76206517,LaraCeilingFront,GAME/LARA.C,1948,ANGLE,combat-camera-context,no,no,no
1397,0aaa76206517,LaraCeilingFront,GAME/LARA.C,1949,SetCornerAnim,combat-camera-context,no,no,no
1398,0aaa76206517,LaraCeilingFront,GAME/LARA.C,1949,ANGLE,combat-camera-context,no,no,no
1399,0aaa76206517,LaraCeilingFront,GAME/LARA.C,1954,SetCornerAnim,combat-camera-context,no,no,no
1400,0aaa76206517,LaraCeilingFront,GAME/LARA.C,2004,lara_col_hangright,combat-camera-context,no,no,no
1401,0aaa76206517,LaraCeilingFront,GAME/LARA.C,2006,ANGLE,combat-camera-context,no,no,no
1402,0aaa76206517,LaraCeilingFront,GAME/LARA.C,2008,LaraHangTest,combat-camera-context,no,no,no
1403,0aaa76206517,LaraCeilingFront,GAME/LARA.C,2009,ANGLE,combat-camera-context,no,no,no
1404,0aaa76206517,LaraCeilingFront,GAME/LARA.C,2012,lara_as_hangright,combat-camera-context,no,no,no
1405,0aaa76206517,LaraCeilingFront,GAME/LARA.C,2017,ANGLE,combat-camera-context,no,no,no
1406,0aaa76206517,LaraCeilingFront,GAME/LARA.C,2022,lara_col_hangleft,combat-camera-context,no,no,no
1407,0aaa76206517,LaraCeilingFront,GAME/LARA.C,2024,ANGLE,combat-camera-context,no,no,no
1408,0aaa76206517,LaraCeilingFront,GAME/LARA.C,2026,LaraHangTest,combat-camera-context,no,no,no
1409,0aaa76206517,LaraCeilingFront,GAME/LARA.C,2027,ANGLE,combat-camera-context,no,no,no
1410,0aaa76206517,LaraCeilingFront,GAME/LARA.C,2030,lara_as_hangleft,combat-camera-context,no,no,no
1411,0aaa76206517,LaraCeilingFront,GAME/LARA.C,2035,ANGLE,combat-camera-context,no,no,no
1412,0aaa76206517,LaraCeilingFront,GAME/LARA.C,2040,lara_col_hang,combat-camera-context,no,no,no
1413,0aaa76206517,LaraCeilingFront,GAME/LARA.C,2051,CanLaraHangSideways,combat-camera-context,no,no,no
1414,0aaa76206517,LaraCeilingFront,GAME/LARA.C,2051,ANGLE,combat-camera-context,no,no,no
1415,0aaa76206517,LaraCeilingFront,GAME/LARA.C,2058,LaraHangLeftCornerTest,combat-camera-context,no,no,no
1416,0aaa76206517,LaraCeilingFront,GAME/LARA.C,2072,CanLaraHangSideways,combat-camera-context,no,no,no
1417,0aaa76206517,LaraCeilingFront,GAME/LARA.C,2072,ANGLE,combat-camera-context,no,no,no
1418,0aaa76206517,LaraCeilingFront,GAME/LARA.C,2079,LaraHangLeftCornerTest,combat-camera-context,no,no,no
1419,0aaa76206517,LaraCeilingFront,GAME/LARA.C,2094,LaraHangTest,combat-camera-context,no,no,no
1420,0aaa76206517,LaraCeilingFront,GAME/LARA.C,2098,TestForObjectOnLedge,combat-camera-context,no,no,no
1421,0aaa76206517,LaraCeilingFront,GAME/LARA.C,2109,ABS,combat-camera-context,no,no,no
1422,0aaa76206517,LaraCeilingFront,GAME/LARA.C,2134,ABS,combat-camera-context,no,no,no
1423,0aaa76206517,LaraCeilingFront,GAME/LARA.C,2157,ABS,combat-camera-context,no,no,no
1424,0aaa76206517,LaraCeilingFront,GAME/LARA.C,2159,LaraTestClimbStance,combat-camera-context,no,no,no
1425,0aaa76206517,LaraCeilingFront,GAME/LARA.C,2180,LaraTestClimbStance,combat-camera-context,no,no,no
1426,0aaa76206517,LaraCeilingFront,GAME/LARA.C,2196,lara_as_hang,combat-camera-context,no,no,no
1427,0aaa76206517,LaraCeilingFront,GAME/LARA.C,2208,LookUpDown,combat-camera-context,no,no,no
1428,0aaa76206517,LaraCeilingFront,GAME/LARA.C,2214,ANGLE,combat-camera-context,no,no,no
1429,0aaa76206517,LaraCeilingFront,GAME/LARA.C,2217,CanLaraHangSideways,combat-camera-context,no,no,no
1430,0aaa76206517,LaraCeilingFront,GAME/LARA.C,2227,ANGLE,combat-camera-context,no,no,no
1431,0aaa76206517,LaraCeilingFront,GAME/LARA.C,2227,ANGLE,combat-camera-context,no,no,no
1432,0aaa76206517,LaraCeilingFront,GAME/LARA.C,2248,LaraHangTest,combat-camera-context,no,no,no
1433,0aaa76206517,LaraCeilingFront,GAME/LARA.C,2258,lara_void_func,combat-camera-context,no,no,no
1434,0aaa76206517,LaraCeilingFront,GAME/LARA.C,2263,lara_as_fastfall,combat-camera-context,no,no,no
1435,0aaa76206517,LaraCeilingFront,GAME/LARA.C,2267,SoundEffect,combat-camera-context,no,no,no
1436,0aaa76206517,LaraCeilingFront,GAME/LARA.C,2270,lara_as_death,combat-camera-context,no,no,no
1437,0aaa76206517,LaraCeilingFront,GAME/LARA.C,2279,AlterFOV,combat-camera-context,no,no,no
1438,0aaa76206517,LaraCeilingFront,GAME/LARA.C,2279,ANGLE,combat-camera-context,no,no,no
1439,0aaa76206517,LaraCeilingFront,GAME/LARA.C,2285,lara_as_turn_l,combat-camera-context,no,no,no
1440,0aaa76206517,LaraCeilingFront,GAME/LARA.C,2298,ANGLE,combat-camera-context,no,no,no
1441,0aaa76206517,LaraCeilingFront,GAME/LARA.C,2301,ANGLE,combat-camera-context,no,no,no
1442,0aaa76206517,LaraCeilingFront,GAME/LARA.C,2333,lara_as_turn_r,combat-camera-context,no,no,no
1443,0aaa76206517,LaraCeilingFront,GAME/LARA.C,2346,ANGLE,combat-camera-context,no,no,no
1444,0aaa76206517,LaraCeilingFront,GAME/LARA.C,2349,ANGLE,combat-camera-context,no,no,no
1445,0aaa76206517,LaraCeilingFront,GAME/LARA.C,2381,lara_as_fastback,combat-camera-context,no,no,no
1446,0aaa76206517,LaraCeilingFront,GAME/LARA.C,2387,ANGLE,combat-camera-context,no,no,no
1447,0aaa76206517,LaraCeilingFront,GAME/LARA.C,2388,ANGLE,combat-camera-context,no,no,no
1448,0aaa76206517,LaraCeilingFront,GAME/LARA.C,2393,ANGLE,combat-camera-context,no,no,no
1449,0aaa76206517,LaraCeilingFront,GAME/LARA.C,2394,ANGLE,combat-camera-context,no,no,no
1450,0aaa76206517,LaraCeilingFront,GAME/LARA.C,2398,lara_as_run,combat-camera-context,no,no,no
1451,0aaa76206517,LaraCeilingFront,GAME/LARA.C,2444,ANGLE,combat-camera-context,no,no,no
1452,0aaa76206517,LaraCeilingFront,GAME/LARA.C,2445,ANGLE,combat-camera-context,no,no,no
1453,0aaa76206517,LaraCeilingFront,GAME/LARA.C,2447,ANGLE,combat-camera-context,no,no,no
1454,0aaa76206517,LaraCeilingFront,GAME/LARA.C,2448,ANGLE,combat-camera-context,no,no,no
1455,0aaa76206517,LaraCeilingFront,GAME/LARA.C,2449,ANGLE,combat-camera-context,no,no,no
1456,0aaa76206517,LaraCeilingFront,GAME/LARA.C,2454,ANGLE,combat-camera-context,no,no,no
1457,0aaa76206517,LaraCeilingFront,GAME/LARA.C,2455,ANGLE,combat-camera-context,no,no,no
1458,0aaa76206517,LaraCeilingFront,GAME/LARA.C,2457,ANGLE,combat-camera-context,no,no,no
1459,0aaa76206517,LaraCeilingFront,GAME/LARA.C,2458,ANGLE,combat-camera-context,no,no,no
1460,0aaa76206517,LaraCeilingFront,GAME/LARA.C,2459,ANGLE,combat-camera-context,no,no,no
1461,0aaa76206517,LaraCeilingFront,GAME/LARA.C,2498,lara_as_walk,combat-camera-context,no,no,no
1462,0aaa76206517,LaraCeilingFront,GAME/LARA.C,2512,ANGLE,combat-camera-context,no,no,no
1463,0aaa76206517,LaraCeilingFront,GAME/LARA.C,2513,ANGLE,combat-camera-context,no,no,no
1464,0aaa76206517,LaraCeilingFront,GAME/LARA.C,2518,ANGLE,combat-camera-context,no,no,no
1465,0aaa76206517,LaraCeilingFront,GAME/LARA.C,2519,ANGLE,combat-camera-context,no,no,no
1466,0aaa76206517,LaraCeilingFront,GAME/LARA.C,2544,lara_col_reach,combat-camera-context,no,no,no
1467,0aaa76206517,LaraCeilingFront,GAME/LARA.C,2570,GetLaraCollisionInfo,combat-camera-context,no,no,no
1468,0aaa76206517,LaraCeilingFront,GAME/LARA.C,2579,SetupPadVibration,combat-camera-context,no,no,no
1469,0aaa76206517,LaraCeilingFront,GAME/LARA.C,2610,LaraTestEdgeCatch,combat-camera-context,no,no,no
1470,0aaa76206517,LaraCeilingFront,GAME/LARA.C,2614,LaraTestHangOnClimbWall,combat-camera-context,no,no,no
1471,0aaa76206517,LaraCeilingFront,GAME/LARA.C,2617,ANGLE,combat-camera-context,no,no,no
1472,0aaa76206517,LaraCeilingFront,GAME/LARA.C,2619,ANGLE,combat-camera-context,no,no,no
1473,0aaa76206517,LaraCeilingFront,GAME/LARA.C,2641,SetupPadVibration,combat-camera-context,no,no,no
1474,0aaa76206517,LaraCeilingFront,GAME/LARA.C,2644,TestHangSwingIn,combat-camera-context,no,no,no
1475,0aaa76206517,LaraCeilingFront,GAME/LARA.C,2667,GetBoundsAccurate,combat-camera-context,no,no,no
1476,0aaa76206517,LaraCeilingFront,GAME/LARA.C,2678,ANGLE,combat-camera-context,no,no,no
1477,0aaa76206517,LaraCeilingFront,GAME/LARA.C,2718,LaraSlideEdgeJump,combat-camera-context,no,no,no
1478,0aaa76206517,LaraCeilingFront,GAME/LARA.C,2719,GetLaraCollisionInfo,combat-camera-context,no,no,no
1479,0aaa76206517,LaraCeilingFront,GAME/LARA.C,2720,ShiftItem,combat-camera-context,no,no,no
1480,0aaa76206517,LaraCeilingFront,GAME/LARA.C,2726,LaraLandedBad,combat-camera-context,no,no,no
1481,0aaa76206517,LaraCeilingFront,GAME/LARA.C,2757,GetLaraCollisionInfo,combat-camera-context,no,no,no
1482,0aaa76206517,LaraCeilingFront,GAME/LARA.C,2788,LaraTestEdgeCatch,combat-camera-context,no,no,no
1483,0aaa76206517,LaraCeilingFront,GAME/LARA.C,2790,LaraTestHangOnClimbWall,combat-camera-context,no,no,no
1484,0aaa76206517,LaraCeilingFront,GAME/LARA.C,2794,ABS,combat-camera-context,no,no,no
1485,0aaa76206517,LaraCeilingFront,GAME/LARA.C,2794,ANGLE,combat-camera-context,no,no,no
1486,0aaa76206517,LaraCeilingFront,GAME/LARA.C,2800,ANGLE,combat-camera-context,no,no,no
1487,0aaa76206517,LaraCeilingFront,GAME/LARA.C,2804,ANGLE,combat-camera-context,no,no,no
1488,0aaa76206517,LaraCeilingFront,GAME/LARA.C,2809,ANGLE,combat-camera-context,no,no,no
1489,0aaa76206517,LaraCeilingFront,GAME/LARA.C,2821,TestHangSwingIn,combat-camera-context,no,no,no
1490,0aaa76206517,LaraCeilingFront,GAME/LARA.C,2843,GetBoundsAccurate,combat-camera-context,no,no,no
1491,0aaa76206517,LaraCeilingFront,GAME/LARA.C,2853,ANGLE,combat-camera-context,no,no,no
1492,0aaa76206517,LaraCeilingFront,GAME/LARA.C,2853,ANGLE,combat-camera-context,no,no,no
1493,0aaa76206517,LaraCeilingFront,GAME/LARA.C,2890,lara_as_reach,combat-camera-context,no,no,no
1494,0aaa76206517,LaraCeilingFront,GAME/LARA.C,2892,ANGLE,combat-camera-context,no,no,no
1495,0aaa76206517,LaraCeilingFront,GAME/LARA.C,2897,lara_col_forwardjump,combat-camera-context,no,no,no
1496,0aaa76206517,LaraCeilingFront,GAME/LARA.C,2900,ANGLE,combat-camera-context,no,no,no
1497,0aaa76206517,LaraCeilingFront,GAME/LARA.C,2908,GetLaraCollisionInfo,combat-camera-context,no,no,no
1498,0aaa76206517,LaraCeilingFront,GAME/LARA.C,2909,LaraDeflectEdgeJump,combat-camera-context,no,no,no
1499,0aaa76206517,LaraCeilingFront,GAME/LARA.C,2916,LaraLandedBad,combat-camera-context,no,no,no
1500,0aaa76206517,LaraCeilingFront,GAME/LARA.C,2938,lara_as_forwardjump,combat-camera-context,no,no,no
1501,0aaa76206517,LaraCeilingFront,GAME/LARA.C,2974,ANGLE,combat-camera-context,no,no,no
1502,0aaa76206517,LaraCeilingFront,GAME/LARA.C,2976,ANGLE,combat-camera-context,no,no,no
1503,0aaa76206517,LaraCeilingFront,GAME/LARA.C,2983,ANGLE,combat-camera-context,no,no,no
1504,0aaa76206517,LaraCeilingFront,GAME/LARA.C,2985,ANGLE,combat-camera-context,no,no,no
1505,0aaa76206517,LaraCeilingFront,GAME/LARA.C,2990,lara_col_upjump,combat-camera-context,no,no,no
1506,0aaa76206517,LaraCeilingFront,GAME/LARA.C,3005,ANGLE,combat-camera-context,no,no,no
1507,0aaa76206517,LaraCeilingFront,GAME/LARA.C,3010,GetCollisionInfo,combat-camera-context,no,no,no
1508,0aaa76206517,LaraCeilingFront,GAME/LARA.C,3029,MonkeySwingSnap,combat-camera-context,no,no,no
1509,0aaa76206517,LaraCeilingFront,GAME/LARA.C,3037,LaraTestEdgeCatch,combat-camera-context,no,no,no
1510,0aaa76206517,LaraCeilingFront,GAME/LARA.C,3041,LaraTestHangOnClimbWall,combat-camera-context,no,no,no
1511,0aaa76206517,LaraCeilingFront,GAME/LARA.C,3045,ABS,combat-camera-context,no,no,no
1512,0aaa76206517,LaraCeilingFront,GAME/LARA.C,3045,ANGLE,combat-camera-context,no,no,no
1513,0aaa76206517,LaraCeilingFront,GAME/LARA.C,3051,ANGLE,combat-camera-context,no,no,no
1514,0aaa76206517,LaraCeilingFront,GAME/LARA.C,3055,ANGLE,combat-camera-context,no,no,no
1515,0aaa76206517,LaraCeilingFront,GAME/LARA.C,3060,ANGLE,combat-camera-context,no,no,no
1516,0aaa76206517,LaraCeilingFront,GAME/LARA.C,3072,TestHangSwingIn,combat-camera-context,no,no,no
1517,0aaa76206517,LaraCeilingFront,GAME/LARA.C,3089,GetBoundsAccurate,combat-camera-context,no,no,no
1518,0aaa76206517,LaraCeilingFront,GAME/LARA.C,3118,ShiftItem,combat-camera-context,no,no,no
1519,0aaa76206517,LaraCeilingFront,GAME/LARA.C,3149,LaraLandedBad,combat-camera-context,no,no,no
1520,0aaa76206517,LaraCeilingFront,GAME/LARA.C,3161,lara_as_upjump,combat-camera-context,no,no,no
1521,0aaa76206517,LaraCeilingFront,GAME/LARA.C,3169,lara_col_stop,combat-camera-context,no,no,no
1522,0aaa76206517,LaraCeilingFront,GAME/LARA.C,3183,GetLaraCollisionInfo,combat-camera-context,no,no,no
1523,0aaa76206517,LaraCeilingFront,GAME/LARA.C,3185,LaraHitCeiling,combat-camera-context,no,no,no
1524,0aaa76206517,LaraCeilingFront,GAME/LARA.C,3187,LaraFallen,combat-camera-context,no,no,no
1525,0aaa76206517,LaraCeilingFront,GAME/LARA.C,3189,TestLaraSlide,combat-camera-context,no,no,no
1526,0aaa76206517,LaraCeilingFront,GAME/LARA.C,3191,ShiftItem,combat-camera-context,no,no,no
1527,0aaa76206517,LaraCeilingFront,GAME/LARA.C,3200,lara_as_stop,combat-camera-context,no,no,no
1528,0aaa76206517,LaraCeilingFront,GAME/LARA.C,3214,StopSoundEffect,combat-camera-context,no,no,no
1529,0aaa76206517,LaraCeilingFront,GAME/LARA.C,3246,LookUpDown,combat-camera-context,no,no,no
1530,0aaa76206517,LaraCeilingFront,GAME/LARA.C,3251,LaraFloorFront,combat-camera-context,no,no,no
1531,0aaa76206517,LaraCeilingFront,GAME/LARA.C,3255,LaraFloorFront,combat-camera-context,no,no,no
1532,0aaa76206517,LaraCeilingFront,GAME/LARA.C,3255,ANGLE,combat-camera-context,no,no,no
1533,0aaa76206517,LaraCeilingFront,GAME/LARA.C,3260,ABS,combat-camera-context,no,no,no
1534,0aaa76206517,LaraCeilingFront,GAME/LARA.C,3260,LaraFloorFront,combat-camera-context,no,no,no
1535,0aaa76206517,LaraCeilingFront,GAME/LARA.C,3260,ANGLE,combat-camera-context,no,no,no
1536,0aaa76206517,LaraCeilingFront,GAME/LARA.C,3262,LaraCeilingFront,combat-camera-context,no,no,no
1537,0aaa76206517,LaraCeilingFront,GAME/LARA.C,3262,ANGLE,combat-camera-context,no,no,no
1538,0aaa76206517,LaraCeilingFront,GAME/LARA.C,3269,ABS,combat-camera-context,no,no,no
1539,0aaa76206517,LaraCeilingFront,GAME/LARA.C,3269,LaraFloorFront,combat-camera-context,no,no,no
1540,0aaa76206517,LaraCeilingFront,GAME/LARA.C,3269,ANGLE,combat-camera-context,no,no,no
1541,0aaa76206517,LaraCeilingFront,GAME/LARA.C,3271,LaraCeilingFront,combat-camera-context,no,no,no
1542,0aaa76206517,LaraCeilingFront,GAME/LARA.C,3271,ANGLE,combat-camera-context,no,no,no
1543,0aaa76206517,LaraCeilingFront,GAME/LARA.C,3294,ABS,combat-camera-context,no,no,no
1544,0aaa76206517,LaraCeilingFront,GAME/LARA.C,3305,GetLaraCollisionInfo,combat-camera-context,no,no,no
1545,0aaa76206517,LaraCeilingFront,GAME/LARA.C,3306,TestLaraVault,combat-camera-context,no,no,no
1546,0aaa76206517,LaraCeilingFront,GAME/LARA.C,3311,lara_as_wade,combat-camera-context,no,no,no
1547,0aaa76206517,LaraCeilingFront,GAME/LARA.C,3314,ABS,combat-camera-context,no,no,no
1548,0aaa76206517,LaraCeilingFront,GAME/LARA.C,3316,lara_as_back,combat-camera-context,no,no,no
1549,0aaa76206517,LaraCeilingFront,GAME/LARA.C,3325,LaraCeilingFront,combat-camera-context,no,no,no
1550,0aaa76206517,LaraCeilingFront,GAME/LARA.C,3326,LaraFloorFront,combat-camera-context,no,no,no
1551,0aaa76206517,LaraCeilingFront,GAME/LARA.C,3338,lara_as_walk,combat-camera-context,no,no,no
1552,0aaa76206517,LaraCeilingFront,GAME/LARA.C,3340,lara_as_run,combat-camera-context,no,no,no
1553,0aaa76206517,LaraCeilingFront,GAME/LARA.C,3353,GetLaraCollisionInfo,combat-camera-context,no,no,no
1554,0aaa76206517,LaraCeilingFront,GAME/LARA.C,3355,TestLaraVault,combat-camera-context,no,no,no
1555,0aaa76206517,LaraCeilingFront,GAME/LARA.C,3367,ABS,combat-camera-context,no,no,no
1556,0aaa76206517,LaraCeilingFront,GAME/LARA.C,3368,lara_as_back,combat-camera-context,no,no,no
1557,0aaa76206517,LaraCeilingFront,GAME/LARA.C,3377,lara_as_climbroped,combat-camera-context,no,no,no
1558,0aaa76206517,LaraCeilingFront,GAME/LARA.C,3379,LaraClimbRope,combat-camera-context,no,no,no
1559,0aaa76206517,LaraCeilingFront,GAME/LARA.C,3382,lara_as_climbrope,combat-camera-context,no,no,no
1560,0aaa76206517,LaraCeilingFront,GAME/LARA.C,3386,FallFromRope,combat-camera-context,no,no,no
1561,0aaa76206517,LaraCeilingFront,GAME/LARA.C,3390,ANGLE,combat-camera-context,no,no,no
1562,0aaa76206517,LaraCeilingFront,GAME/LARA.C,3404,lara_col_ropefwd,combat-camera-context,no,no,no
1563,0aaa76206517,LaraCeilingFront,GAME/LARA.C,3406,SECTOR,combat-camera-context,no,no,no
1564,0aaa76206517,LaraCeilingFront,GAME/LARA.C,3408,UpdateRopeSwing,combat-camera-context,no,no,no
1565,0aaa76206517,LaraCeilingFront,GAME/LARA.C,3416,ABS,combat-camera-context,no,no,no
1566,0aaa76206517,LaraCeilingFront,GAME/LARA.C,3417,ABS,combat-camera-context,no,no,no
1567,0aaa76206517,LaraCeilingFront,GAME/LARA.C,3421,ApplyVelocityToRope,combat-camera-context,no,no,no
1568,0aaa76206517,LaraCeilingFront,GAME/LARA.C,3422,ANGLE,combat-camera-context,no,no,no
1569,0aaa76206517,LaraCeilingFront,GAME/LARA.C,3454,JumpOffRope,combat-camera-context,no,no,no
1570,0aaa76206517,LaraCeilingFront,GAME/LARA.C,3458,ApplyVelocityToRope,combat-camera-context,no,no,no
1571,0aaa76206517,LaraCeilingFront,GAME/LARA.C,3462,lara_as_roper,combat-camera-context,no,no,no
1572,0aaa76206517,LaraCeilingFront,GAME/LARA.C,3477,FallFromRope,combat-camera-context,no,no,no
1573,0aaa76206517,LaraCeilingFront,GAME/LARA.C,3481,lara_as_ropel,combat-camera-context,no,no,no
1574,0aaa76206517,LaraCeilingFront,GAME/LARA.C,3496,FallFromRope,combat-camera-context,no,no,no
1575,0aaa76206517,LaraCeilingFront,GAME/LARA.C,3500,lara_col_rope,combat-camera-context,no,no,no
1576,0aaa76206517,LaraCeilingFront,GAME/LARA.C,3504,UpdateRopeSwing,combat-camera-context,no,no,no
1577,0aaa76206517,LaraCeilingFront,GAME/LARA.C,3535,FallFromRope,combat-camera-context,no,no,no
1578,0aaa76206517,LaraCeilingFront,GAME/LARA.C,3539,lara_as_rope,combat-camera-context,no,no,no
1579,0aaa76206517,LaraCeilingFront,GAME/LARA.C,3542,FallFromRope,combat-camera-context,no,no,no
1580,0aaa76206517,LaraCeilingFront,GAME/LARA.C,3545,LookUpDown,combat-camera-context,no,no,no
1581,0aaa76206517,LaraCeilingFront,GAME/LARA.C,3548,ApplyVelocityToRope,combat-camera-context,no,no,no
1582,0aaa76206517,LaraCeilingFront,GAME/LARA.C,3550,SetPendulumVelocity,combat-camera-context,no,no,no
1583,0aaa76206517,LaraCeilingFront,GAME/LARA.C,3551,SIN,combat-camera-context,no,no,no
1584,0aaa76206517,LaraCeilingFront,GAME/LARA.C,3553,COS,combat-camera-context,no,no,no
1585,0aaa76206517,LaraCeilingFront,GAME/LARA.C,3556,UpdateRopeSwing,combat-camera-context,no,no,no
1586,0aaa76206517,LaraCeilingFront,GAME/LARA.C,3558,UNIMPLEMENTED,combat-camera-context,no,no,no
1587,0aaa76206517,LaraCeilingFront,GAME/LARA.C,3561,JumpOffRope,combat-camera-context,no,no,no
1588,0aaa76206517,LaraCeilingFront,GAME/LARA.C,3603,FallFromRope,combat-camera-context,no,no,no
1589,0aaa76206517,LaraCeilingFront,GAME/LARA.C,3605,ABS,combat-camera-context,no,no,no
1590,0aaa76206517,LaraCeilingFront,GAME/LARA.C,3605,ABS,combat-camera-context,no,no,no
1591,0aaa76206517,LaraCeilingFront,GAME/LARA.C,3621,lara_col_poledown,combat-camera-context,no,no,no
1592,0aaa76206517,LaraCeilingFront,GAME/LARA.C,3627,LookUpDown,combat-camera-context,no,no,no
1593,0aaa76206517,LaraCeilingFront,GAME/LARA.C,3643,GetLaraCollisionInfo,combat-camera-context,no,no,no
1594,0aaa76206517,LaraCeilingFront,GAME/LARA.C,3649,GetHeight,combat-camera-context,no,no,no
1595,0aaa76206517,LaraCeilingFront,GAME/LARA.C,3649,GetFloor,combat-camera-context,no,no,no
1596,0aaa76206517,LaraCeilingFront,GAME/LARA.C,3675,SoundEffect,combat-camera-context,no,no,no
1597,0aaa76206517,LaraCeilingFront,GAME/LARA.C,3677,CLAMP,combat-camera-context,no,no,no
1598,0aaa76206517,LaraCeilingFront,GAME/LARA.C,3677,ANGLE,combat-camera-context,no,no,no
1599,0aaa76206517,LaraCeilingFront,GAME/LARA.C,3682,lara_col_poleup,combat-camera-context,no,no,no
1600,0aaa76206517,LaraCeilingFront,GAME/LARA.C,3690,LookUpDown,combat-camera-context,no,no,no
1601,0aaa76206517,LaraCeilingFront,GAME/LARA.C,3698,GetCeiling,combat-camera-context,no,no,no
1602,0aaa76206517,LaraCeilingFront,GAME/LARA.C,3698,GetFloor,combat-camera-context,no,no,no
1603,0aaa76206517,LaraCeilingFront,GAME/LARA.C,3699,SECTOR,combat-camera-context,no,no,no
1604,0aaa76206517,LaraCeilingFront,GAME/LARA.C,3703,lara_as_poleright,combat-camera-context,no,no,no
1605,0aaa76206517,LaraCeilingFront,GAME/LARA.C,3713,lara_as_poleleft,combat-camera-context,no,no,no
1606,0aaa76206517,LaraCeilingFront,GAME/LARA.C,3723,lara_col_polestat,combat-camera-context,no,no,no
1607,0aaa76206517,LaraCeilingFront,GAME/LARA.C,3749,GetLaraCollisionInfo,combat-camera-context,no,no,no
1608,0aaa76206517,LaraCeilingFront,GAME/LARA.C,3765,LookUpDown,combat-camera-context,no,no,no
1609,0aaa76206517,LaraCeilingFront,GAME/LARA.C,3771,GetCeiling,combat-camera-context,no,no,no
1610,0aaa76206517,LaraCeilingFront,GAME/LARA.C,3771,GetFloor,combat-camera-context,no,no,no
1611,0aaa76206517,LaraCeilingFront,GAME/LARA.C,3772,SECTOR,combat-camera-context,no,no,no
1612,0aaa76206517,LaraCeilingFront,GAME/LARA.C,3793,SIN,combat-camera-context,no,no,no
1613,0aaa76206517,LaraCeilingFront,GAME/LARA.C,3794,COS,combat-camera-context,no,no,no
1614,0aaa76206517,LaraCeilingFront,GAME/LARA.C,3799,lara_col_monkey180,combat-camera-context,no,no,no
1615,0aaa76206517,LaraCeilingFront,GAME/LARA.C,3801,lara_col_monkeyswing,combat-camera-context,no,no,no
1616,0aaa76206517,LaraCeilingFront,GAME/LARA.C,3804,lara_as_monkey180,combat-camera-context,no,no,no
1617,0aaa76206517,LaraCeilingFront,GAME/LARA.C,3811,lara_as_hangturnr,combat-camera-context,no,no,no
1618,0aaa76206517,LaraCeilingFront,GAME/LARA.C,3817,ANGLE,combat-camera-context,no,no,no
1619,0aaa76206517,LaraCeilingFront,GAME/LARA.C,3824,lara_col_hangturnlr,combat-camera-context,no,no,no
1620,0aaa76206517,LaraCeilingFront,GAME/LARA.C,3838,GetCollisionInfo,combat-camera-context,no,no,no
1621,0aaa76206517,LaraCeilingFront,GAME/LARA.C,3839,MonkeySwingSnap,combat-camera-context,no,no,no
1622,0aaa76206517,LaraCeilingFront,GAME/LARA.C,3843,MonkeySwingFall,combat-camera-context,no,no,no
1623,0aaa76206517,LaraCeilingFront,GAME/LARA.C,3847,lara_as_hangturnl,combat-camera-context,no,no,no
1624,0aaa76206517,LaraCeilingFront,GAME/LARA.C,3853,ANGLE,combat-camera-context,no,no,no
1625,0aaa76206517,LaraCeilingFront,GAME/LARA.C,3860,lara_col_monkeyr,combat-camera-context,no,no,no
1626,0aaa76206517,LaraCeilingFront,GAME/LARA.C,3864,TestMonkeyRight,combat-camera-context,no,no,no
1627,0aaa76206517,LaraCeilingFront,GAME/LARA.C,3866,MonkeySwingSnap,combat-camera-context,no,no,no
1628,0aaa76206517,LaraCeilingFront,GAME/LARA.C,3878,MonkeySwingFall,combat-camera-context,no,no,no
1629,0aaa76206517,LaraCeilingFront,GAME/LARA.C,3882,lara_as_monkeyr,combat-camera-context,no,no,no
1630,0aaa76206517,LaraCeilingFront,GAME/LARA.C,3900,ANGLE,combat-camera-context,no,no,no
1631,0aaa76206517,LaraCeilingFront,GAME/LARA.C,3905,ANGLE,combat-camera-context,no,no,no
1632,0aaa76206517,LaraCeilingFront,GAME/LARA.C,3909,lara_col_monkeyl,combat-camera-context,no,no,no
1633,0aaa76206517,LaraCeilingFront,GAME/LARA.C,3913,TestMonkeyLeft,combat-camera-context,no,no,no
1634,0aaa76206517,LaraCeilingFront,GAME/LARA.C,3915,MonkeySwingSnap,combat-camera-context,no,no,no
1635,0aaa76206517,LaraCeilingFront,GAME/LARA.C,3927,MonkeySwingFall,combat-camera-context,no,no,no
1636,0aaa76206517,LaraCeilingFront,GAME/LARA.C,3931,lara_as_monkeyl,combat-camera-context,no,no,no
1637,0aaa76206517,LaraCeilingFront,GAME/LARA.C,3949,ANGLE,combat-camera-context,no,no,no
1638,0aaa76206517,LaraCeilingFront,GAME/LARA.C,3954,ANGLE,combat-camera-context,no,no,no
1639,0aaa76206517,LaraCeilingFront,GAME/LARA.C,3958,lara_col_monkeyswing,combat-camera-context,no,no,no
1640,0aaa76206517,LaraCeilingFront,GAME/LARA.C,3974,GetCollisionInfo,combat-camera-context,no,no,no
1641,0aaa76206517,LaraCeilingFront,GAME/LARA.C,3977,ABS,combat-camera-context,no,no,no
1642,0aaa76206517,LaraCeilingFront,GAME/LARA.C,3987,ABS,combat-camera-context,no,no,no
1643,0aaa76206517,LaraCeilingFront,GAME/LARA.C,3989,ABS,combat-camera-context,no,no,no
1644,0aaa76206517,LaraCeilingFront,GAME/LARA.C,3991,ShiftItem,combat-camera-context,no,no,no
1645,0aaa76206517,LaraCeilingFront,GAME/LARA.C,3992,ANGLE,combat-camera-context,no,no,no
1646,0aaa76206517,LaraCeilingFront,GAME/LARA.C,3997,ShiftItem,combat-camera-context,no,no,no
1647,0aaa76206517,LaraCeilingFront,GAME/LARA.C,3998,ANGLE,combat-camera-context,no,no,no
1648,0aaa76206517,LaraCeilingFront,GAME/LARA.C,4001,ANGLE,combat-camera-context,no,no,no
1649,0aaa76206517,LaraCeilingFront,GAME/LARA.C,4002,MonkeySwingSnap,combat-camera-context,no,no,no
1650,0aaa76206517,LaraCeilingFront,GAME/LARA.C,4007,MonkeySwingFall,combat-camera-context,no,no,no
1651,0aaa76206517,LaraCeilingFront,GAME/LARA.C,4011,lara_as_monkeyswing,combat-camera-context,no,no,no
1652,0aaa76206517,LaraCeilingFront,GAME/LARA.C,4027,LookUpDown,combat-camera-context,no,no,no
1653,0aaa76206517,LaraCeilingFront,GAME/LARA.C,4038,ANGLE,combat-camera-context,no,no,no
1654,0aaa76206517,LaraCeilingFront,GAME/LARA.C,4039,ANGLE,combat-camera-context,no,no,no
1655,0aaa76206517,LaraCeilingFront,GAME/LARA.C,4045,ANGLE,combat-camera-context,no,no,no
1656,0aaa76206517,LaraCeilingFront,GAME/LARA.C,4046,ANGLE,combat-camera-context,no,no,no
1657,0aaa76206517,LaraCeilingFront,GAME/LARA.C,4050,lara_col_hang2,combat-camera-context,no,no,no
1658,0aaa76206517,LaraCeilingFront,GAME/LARA.C,4068,GetCollisionInfo,combat-camera-context,no,no,no
1659,0aaa76206517,LaraCeilingFront,GAME/LARA.C,4070,ABS,combat-camera-context,no,no,no
1660,0aaa76206517,LaraCeilingFront,GAME/LARA.C,4074,TestMonkeyLeft,combat-camera-context,no,no,no
1661,0aaa76206517,LaraCeilingFront,GAME/LARA.C,4078,TestMonkeyRight,combat-camera-context,no,no,no
1662,0aaa76206517,LaraCeilingFront,GAME/LARA.C,4091,MonkeySwingSnap,combat-camera-context,no,no,no
1663,0aaa76206517,LaraCeilingFront,GAME/LARA.C,4095,LaraHangTest,combat-camera-context,no,no,no
1664,0aaa76206517,LaraCeilingFront,GAME/LARA.C,4099,TestForObjectOnLedge,combat-camera-context,no,no,no
1665,0aaa76206517,LaraCeilingFront,GAME/LARA.C,4149,lara_as_hang2,combat-camera-context,no,no,no
1666,0aaa76206517,LaraCeilingFront,GAME/LARA.C,4167,MonkeySwingFall,combat-camera-context,no,no,no
1667,0aaa76206517,LaraCeilingFront,GAME/LARA.C,4170,ANGLE,combat-camera-context,no,no,no
1668,0aaa76206517,LaraCeilingFront,GAME/LARA.C,4174,LookUpDown,combat-camera-context,no,no,no
1669,0aaa76206517,LaraCeilingFront,GAME/LARA.C,4177,TestMonkeyRight,combat-camera-context,no,no,no
1670,0aaa76206517,LaraCeilingFront,GAME/LARA.C,4183,ANGLE,combat-camera-context,no,no,no
1671,0aaa76206517,LaraCeilingFront,GAME/LARA.C,4187,GetCollisionInfo,combat-camera-context,no,no,no
1672,0aaa76206517,LaraCeilingFront,GAME/LARA.C,4188,ABS,combat-camera-context,no,no,no
1673,0aaa76206517,LaraCeilingFront,GAME/LARA.C,4192,GetDirOctant,combat-camera-context,no,no,no
1674,0aaa76206517,LaraCeilingFront,GAME/LARA.C,4208,TestMonkeyLeft,combat-camera-context,no,no,no
1675,0aaa76206517,LaraCeilingFront,GAME/LARA.C,4214,ANGLE,combat-camera-context,no,no,no
1676,0aaa76206517,LaraCeilingFront,GAME/LARA.C,4218,GetCollisionInfo,combat-camera-context,no,no,no
1677,0aaa76206517,LaraCeilingFront,GAME/LARA.C,4219,ABS,combat-camera-context,no,no,no
1678,0aaa76206517,LaraCeilingFront,GAME/LARA.C,4223,GetDirOctant,combat-camera-context,no,no,no
1679,0aaa76206517,LaraCeilingFront,GAME/LARA.C,4240,GetDirOctant,combat-camera-context,no,no,no
1680,0aaa76206517,LaraCeilingFront,GAME/LARA.C,4242,ABS,combat-camera-context,no,no,no
1681,0aaa76206517,LaraCeilingFront,GAME/LARA.C,4242,ANGLE,combat-camera-context,no,no,no
1682,0aaa76206517,LaraCeilingFront,GAME/LARA.C,4242,ABS,combat-camera-context,no,no,no
1683,0aaa76206517,LaraCeilingFront,GAME/LARA.C,4242,ANGLE,combat-camera-context,no,no,no
1684,0aaa76206517,LaraCeilingFront,GAME/LARA.C,4245,MonkeySwingSnap,combat-camera-context,no,no,no
1685,0aaa76206517,LaraCeilingFront,GAME/LARA.C,4249,GetCeiling,combat-camera-context,no,no,no
1686,0aaa76206517,LaraCeilingFront,GAME/LARA.C,4249,GetFloor,combat-camera-context,no,no,no
1687,0aaa76206517,LaraCeilingFront,GAME/LARA.C,4253,MonkeySwingFall,combat-camera-context,no,no,no
1688,0aaa76206517,LaraCeilingFront,GAME/LARA.C,4270,lara_col_dashdive,combat-camera-context,no,no,no
1689,0aaa76206517,LaraCeilingFront,GAME/LARA.C,4273,ANGLE,combat-camera-context,no,no,no
1690,0aaa76206517,LaraCeilingFront,GAME/LARA.C,4283,GetLaraCollisionInfo,combat-camera-context,no,no,no
1691,0aaa76206517,LaraCeilingFront,GAME/LARA.C,4285,LaraDeflectEdgeJump,combat-camera-context,no,no,no
1692,0aaa76206517,LaraCeilingFront,GAME/LARA.C,4287,LaraFallen,combat-camera-context,no,no,no
1693,0aaa76206517,LaraCeilingFront,GAME/LARA.C,4294,LaraLandedBad,combat-camera-context,no,no,no
1694,0aaa76206517,LaraCeilingFront,GAME/LARA.C,4312,AnimateLara,combat-camera-context,no,no,no
1695,0aaa76206517,LaraCeilingFront,GAME/LARA.C,4315,ShiftItem,combat-camera-context,no,no,no
1696,0aaa76206517,LaraCeilingFront,GAME/LARA.C,4322,lara_as_dashdive,combat-camera-context,no,no,no
1697,0aaa76206517,LaraCeilingFront,GAME/LARA.C,4331,lara_col_dash,combat-camera-context,no,no,no
1698,0aaa76206517,LaraCeilingFront,GAME/LARA.C,4341,GetLaraCollisionInfo,combat-camera-context,no,no,no
1699,0aaa76206517,LaraCeilingFront,GAME/LARA.C,4343,LaraHitCeiling,combat-camera-context,no,no,no
1700,0aaa76206517,LaraCeilingFront,GAME/LARA.C,4343,TestLaraVault,combat-camera-context,no,no,no
1701,0aaa76206517,LaraCeilingFront,GAME/LARA.C,4345,LaraDeflectEdge,combat-camera-context,no,no,no
1702,0aaa76206517,LaraCeilingFront,GAME/LARA.C,4349,TestWall,combat-camera-context,no,no,no
1703,0aaa76206517,LaraCeilingFront,GAME/LARA.C,4359,LaraCollideStop,combat-camera-context,no,no,no
1704,0aaa76206517,LaraCeilingFront,GAME/LARA.C,4362,LaraFallen,combat-camera-context,no,no,no
1705,0aaa76206517,LaraCeilingFront,GAME/LARA.C,4378,TestLaraSlide,combat-camera-context,no,no,no
1706,0aaa76206517,LaraCeilingFront,GAME/LARA.C,4394,lara_as_dash,combat-camera-context,no,no,no
1707,0aaa76206517,LaraCeilingFront,GAME/LARA.C,4419,ANGLE,combat-camera-context,no,no,no
1708,0aaa76206517,LaraCeilingFront,GAME/LARA.C,4420,ANGLE,combat-camera-context,no,no,no
1709,0aaa76206517,LaraCeilingFront,GAME/LARA.C,4422,ANGLE,combat-camera-context,no,no,no
1710,0aaa76206517,LaraCeilingFront,GAME/LARA.C,4423,ANGLE,combat-camera-context,no,no,no
1711,0aaa76206517,LaraCeilingFront,GAME/LARA.C,4424,ANGLE,combat-camera-context,no,no,no
1712,0aaa76206517,LaraCeilingFront,GAME/LARA.C,4429,ANGLE,combat-camera-context,no,no,no
1713,0aaa76206517,LaraCeilingFront,GAME/LARA.C,4430,ANGLE,combat-camera-context,no,no,no
1714,0aaa76206517,LaraCeilingFront,GAME/LARA.C,4432,ANGLE,combat-camera-context,no,no,no
1715,0aaa76206517,LaraCeilingFront,GAME/LARA.C,4433,ANGLE,combat-camera-context,no,no,no
1716,0aaa76206517,LaraCeilingFront,GAME/LARA.C,4434,ANGLE,combat-camera-context,no,no,no
1717,0aaa76206517,LaraCeilingFront,GAME/LARA.C,4457,lara_col_crawl2hang,combat-camera-context,no,no,no
1718,0aaa76206517,LaraCeilingFront,GAME/LARA.C,4460,ANGLE,combat-camera-context,no,no,no
1719,0aaa76206517,LaraCeilingFront,GAME/LARA.C,4480,GetCollisionInfo,combat-camera-context,no,no,no
1720,0aaa76206517,LaraCeilingFront,GAME/LARA.C,4481,LaraTestEdgeCatch,combat-camera-context,no,no,no
1721,0aaa76206517,LaraCeilingFront,GAME/LARA.C,4485,LaraTestHangOnClimbWall,combat-camera-context,no,no,no
1722,0aaa76206517,LaraCeilingFront,GAME/LARA.C,4489,ABS,combat-camera-context,no,no,no
1723,0aaa76206517,LaraCeilingFront,GAME/LARA.C,4489,ANGLE,combat-camera-context,no,no,no
1724,0aaa76206517,LaraCeilingFront,GAME/LARA.C,4493,ANGLE,combat-camera-context,no,no,no
1725,0aaa76206517,LaraCeilingFront,GAME/LARA.C,4497,ABS,combat-camera-context,no,no,no
1726,0aaa76206517,LaraCeilingFront,GAME/LARA.C,4499,ANGLE,combat-camera-context,no,no,no
1727,0aaa76206517,LaraCeilingFront,GAME/LARA.C,4503,ANGLE,combat-camera-context,no,no,no
1728,0aaa76206517,LaraCeilingFront,GAME/LARA.C,4516,TestHangSwingIn,combat-camera-context,no,no,no
1729,0aaa76206517,LaraCeilingFront,GAME/LARA.C,4538,GetBoundsAccurate,combat-camera-context,no,no,no
1730,0aaa76206517,LaraCeilingFront,GAME/LARA.C,4564,lara_col_crawlb,combat-camera-context,no,no,no
1731,0aaa76206517,LaraCeilingFront,GAME/LARA.C,4578,ANGLE,combat-camera-context,no,no,no
1732,0aaa76206517,LaraCeilingFront,GAME/LARA.C,4582,GetCollisionInfo,combat-camera-context,no,no,no
1733,0aaa76206517,LaraCeilingFront,GAME/LARA.C,4584,LaraDeflectEdgeDuck,combat-camera-context,no,no,no
1734,0aaa76206517,LaraCeilingFront,GAME/LARA.C,4595,LaraFallen,combat-camera-context,no,no,no
1735,0aaa76206517,LaraCeilingFront,GAME/LARA.C,4599,TestLaraSlide,combat-camera-context,no,no,no
1736,0aaa76206517,LaraCeilingFront,GAME/LARA.C,4601,ShiftItem,combat-camera-context,no,no,no
1737,0aaa76206517,LaraCeilingFront,GAME/LARA.C,4610,lara_as_crawlb,combat-camera-context,no,no,no
1738,0aaa76206517,LaraCeilingFront,GAME/LARA.C,4620,LookUpDown,combat-camera-context,no,no,no
1739,0aaa76206517,LaraCeilingFront,GAME/LARA.C,4628,ANGLE,combat-camera-context,no,no,no
1740,0aaa76206517,LaraCeilingFront,GAME/LARA.C,4635,ANGLE,combat-camera-context,no,no,no
1741,0aaa76206517,LaraCeilingFront,GAME/LARA.C,4636,ANGLE,combat-camera-context,no,no,no
1742,0aaa76206517,LaraCeilingFront,GAME/LARA.C,4641,ANGLE,combat-camera-context,no,no,no
1743,0aaa76206517,LaraCeilingFront,GAME/LARA.C,4642,ANGLE,combat-camera-context,no,no,no
1744,0aaa76206517,LaraCeilingFront,GAME/LARA.C,4651,lara_as_all4turnr,combat-camera-context,no,no,no
1745,0aaa76206517,LaraCeilingFront,GAME/LARA.C,4658,ANGLE,combat-camera-context,no,no,no
1746,0aaa76206517,LaraCeilingFront,GAME/LARA.C,4659,ANGLE,combat-camera-context,no,no,no
1747,0aaa76206517,LaraCeilingFront,GAME/LARA.C,4666,lara_col_all4turnlr,combat-camera-context,no,no,no
1748,0aaa76206517,LaraCeilingFront,GAME/LARA.C,4668,GetCollisionInfo,combat-camera-context,no,no,no
1749,0aaa76206517,LaraCeilingFront,GAME/LARA.C,4670,TestLaraSlide,combat-camera-context,no,no,no
1750,0aaa76206517,LaraCeilingFront,GAME/LARA.C,4677,lara_as_all4turnl,combat-camera-context,no,no,no
1751,0aaa76206517,LaraCeilingFront,GAME/LARA.C,4684,ANGLE,combat-camera-context,no,no,no
1752,0aaa76206517,LaraCeilingFront,GAME/LARA.C,4685,ANGLE,combat-camera-context,no,no,no
1753,0aaa76206517,LaraCeilingFront,GAME/LARA.C,4692,lara_col_crawl,combat-camera-context,no,no,no
1754,0aaa76206517,LaraCeilingFront,GAME/LARA.C,4710,GetCollisionInfo,combat-camera-context,no,no,no
1755,0aaa76206517,LaraCeilingFront,GAME/LARA.C,4712,LaraDeflectEdgeDuck,combat-camera-context,no,no,no
1756,0aaa76206517,LaraCeilingFront,GAME/LARA.C,4723,LaraFallen,combat-camera-context,no,no,no
1757,0aaa76206517,LaraCeilingFront,GAME/LARA.C,4727,TestLaraSlide,combat-camera-context,no,no,no
1758,0aaa76206517,LaraCeilingFront,GAME/LARA.C,4729,ShiftItem,combat-camera-context,no,no,no
1759,0aaa76206517,LaraCeilingFront,GAME/LARA.C,4736,lara_as_crawl,combat-camera-context,no,no,no
1760,0aaa76206517,LaraCeilingFront,GAME/LARA.C,4746,LookUpDown,combat-camera-context,no,no,no
1761,0aaa76206517,LaraCeilingFront,GAME/LARA.C,4754,ANGLE,combat-camera-context,no,no,no
1762,0aaa76206517,LaraCeilingFront,GAME/LARA.C,4764,ANGLE,combat-camera-context,no,no,no
1763,0aaa76206517,LaraCeilingFront,GAME/LARA.C,4765,ANGLE,combat-camera-context,no,no,no
1764,0aaa76206517,LaraCeilingFront,GAME/LARA.C,4771,ANGLE,combat-camera-context,no,no,no
1765,0aaa76206517,LaraCeilingFront,GAME/LARA.C,4772,ANGLE,combat-camera-context,no,no,no
1766,0aaa76206517,LaraCeilingFront,GAME/LARA.C,4781,lara_col_all4s,combat-camera-context,no,no,no
1767,0aaa76206517,LaraCeilingFront,GAME/LARA.C,4799,GetCollisionInfo,combat-camera-context,no,no,no
1768,0aaa76206517,LaraCeilingFront,GAME/LARA.C,4801,LaraFallen,combat-camera-context,no,no,no
1769,0aaa76206517,LaraCeilingFront,GAME/LARA.C,4805,TestLaraSlide,combat-camera-context,no,no,no
1770,0aaa76206517,LaraCeilingFront,GAME/LARA.C,4807,ABS,combat-camera-context,no,no,no
1771,0aaa76206517,LaraCeilingFront,GAME/LARA.C,4810,ShiftItem,combat-camera-context,no,no,no
1772,0aaa76206517,LaraCeilingFront,GAME/LARA.C,4824,ABS,combat-camera-context,no,no,no
1773,0aaa76206517,LaraCeilingFront,GAME/LARA.C,4824,LaraFloorFront,combat-camera-context,no,no,no
1774,0aaa76206517,LaraCeilingFront,GAME/LARA.C,4829,LaraCeilingFront,combat-camera-context,no,no,no
1775,0aaa76206517,LaraCeilingFront,GAME/LARA.C,4840,SIN,combat-camera-context,no,no,no
1776,0aaa76206517,LaraCeilingFront,GAME/LARA.C,4840,ANGLE,combat-camera-context,no,no,no
1777,0aaa76206517,LaraCeilingFront,GAME/LARA.C,4841,COS,combat-camera-context,no,no,no
1778,0aaa76206517,LaraCeilingFront,GAME/LARA.C,4841,ANGLE,combat-camera-context,no,no,no
1779,0aaa76206517,LaraCeilingFront,GAME/LARA.C,4843,LaraFloorFront,combat-camera-context,no,no,no
1780,0aaa76206517,LaraCeilingFront,GAME/LARA.C,4845,SIN,combat-camera-context,no,no,no
1781,0aaa76206517,LaraCeilingFront,GAME/LARA.C,4845,ANGLE,combat-camera-context,no,no,no
1782,0aaa76206517,LaraCeilingFront,GAME/LARA.C,4846,COS,combat-camera-context,no,no,no
1783,0aaa76206517,LaraCeilingFront,GAME/LARA.C,4846,ANGLE,combat-camera-context,no,no,no
1784,0aaa76206517,LaraCeilingFront,GAME/LARA.C,4848,LaraFloorFront,combat-camera-context,no,no,no
1785,0aaa76206517,LaraCeilingFront,GAME/LARA.C,4854,LaraFloorFront,combat-camera-context,no,no,no
1786,0aaa76206517,LaraCeilingFront,GAME/LARA.C,4856,ABS,combat-camera-context,no,no,no
1787,0aaa76206517,LaraCeilingFront,GAME/LARA.C,4871,SIN,combat-camera-context,no,no,no
1788,0aaa76206517,LaraCeilingFront,GAME/LARA.C,4872,SIN,combat-camera-context,no,no,no
1789,0aaa76206517,LaraCeilingFront,GAME/LARA.C,4874,GetCollidedObjects,combat-camera-context,no,no,no
1790,0aaa76206517,LaraCeilingFront,GAME/LARA.C,4875,S_Warn,combat-camera-context,no,no,no
1791,0aaa76206517,LaraCeilingFront,GAME/LARA.C,4876,GetCollidedObjects,combat-camera-context,no,no,no
1792,0aaa76206517,LaraCeilingFront,GAME/LARA.C,4883,ANGLE,combat-camera-context,no,no,no
1793,0aaa76206517,LaraCeilingFront,GAME/LARA.C,4883,ANGLE,combat-camera-context,no,no,no
1794,0aaa76206517,LaraCeilingFront,GAME/LARA.C,4890,ANGLE,combat-camera-context,no,no,no
1795,0aaa76206517,LaraCeilingFront,GAME/LARA.C,4894,ANGLE,combat-camera-context,no,no,no
1796,0aaa76206517,LaraCeilingFront,GAME/LARA.C,4898,ANGLE,combat-camera-context,no,no,no
1797,0aaa76206517,LaraCeilingFront,GAME/LARA.C,4940,lara_as_all4s,combat-camera-context,no,no,no
1798,0aaa76206517,LaraCeilingFront,GAME/LARA.C,4951,LaraFloorFront,combat-camera-context,no,no,no
1799,0aaa76206517,LaraCeilingFront,GAME/LARA.C,4952,LaraCeilingFront,combat-camera-context,no,no,no
1800,0aaa76206517,LaraCeilingFront,GAME/LARA.C,4953,LaraCeilingFront,combat-camera-context,no,no,no
1801,0aaa76206517,LaraCeilingFront,GAME/LARA.C,4964,SIN,combat-camera-context,no,no,no
1802,0aaa76206517,LaraCeilingFront,GAME/LARA.C,4966,COS,combat-camera-context,no,no,no
1803,0aaa76206517,LaraCeilingFront,GAME/LARA.C,4968,LOS,combat-camera-context,no,no,no
1804,0aaa76206517,LaraCeilingFront,GAME/LARA.C,4970,ObjectOnLOS2,combat-camera-context,no,no,no
1805,0aaa76206517,LaraCeilingFront,GAME/LARA.C,4983,LookUpDown,combat-camera-context,no,no,no
1806,0aaa76206517,LaraCeilingFront,GAME/LARA.C,4994,ANGLE,combat-camera-context,no,no,no
1807,0aaa76206517,LaraCeilingFront,GAME/LARA.C,4997,lara_col_duck,combat-camera-context,no,no,no
1808,0aaa76206517,LaraCeilingFront,GAME/LARA.C,5008,GetCollisionInfo,combat-camera-context,no,no,no
1809,0aaa76206517,LaraCeilingFront,GAME/LARA.C,5010,LaraFallen,combat-camera-context,no,no,no
1810,0aaa76206517,LaraCeilingFront,GAME/LARA.C,5017,TestLaraSlide,combat-camera-context,no,no,no
1811,0aaa76206517,LaraCeilingFront,GAME/LARA.C,5029,ShiftItem,combat-camera-context,no,no,no
1812,0aaa76206517,LaraCeilingFront,GAME/LARA.C,5088,lara_as_duck,combat-camera-context,no,no,no
1813,0aaa76206517,LaraCeilingFront,GAME/LARA.C,5102,LookUpDown,combat-camera-context,no,no,no
1814,0aaa76206517,LaraCeilingFront,GAME/LARA.C,5138,lara_col_ducklr,combat-camera-context,no,no,no
1815,0aaa76206517,LaraCeilingFront,GAME/LARA.C,5151,GetCollisionInfo,combat-camera-context,no,no,no
1816,0aaa76206517,LaraCeilingFront,GAME/LARA.C,5153,LaraFallen,combat-camera-context,no,no,no
1817,0aaa76206517,LaraCeilingFront,GAME/LARA.C,5157,TestLaraSlide,combat-camera-context,no,no,no
1818,0aaa76206517,LaraCeilingFront,GAME/LARA.C,5164,ShiftItem,combat-camera-context,no,no,no
1819,0aaa76206517,LaraCeilingFront,GAME/LARA.C,5171,lara_as_duckr,combat-camera-context,no,no,no
1820,0aaa76206517,LaraCeilingFront,GAME/LARA.C,5176,ANGLE,combat-camera-context,no,no,no
1821,0aaa76206517,LaraCeilingFront,GAME/LARA.C,5179,lara_as_duckl,combat-camera-context,no,no,no
1822,0aaa76206517,LaraCeilingFront,GAME/LARA.C,5184,ANGLE,combat-camera-context,no,no,no
1823,0aaa76206517,LaraCeilingFront,GAME/LARA.C,5187,LaraAboveWater,combat-camera-context,no,no,no
1824,0aaa76206517,LaraCeilingFront,GAME/LARA.C,5208,LookLeftRight,combat-camera-context,no,no,no
1825,0aaa76206517,LaraCeilingFront,GAME/LARA.C,5210,ResetLook,combat-camera-context,no,no,no
1826,0aaa76206517,LaraCeilingFront,GAME/LARA.C,5214,CLAMPADD2,combat-camera-context,no,no,no
1827,0aaa76206517,LaraCeilingFront,GAME/LARA.C,5214,ANGLE,combat-camera-context,no,no,no
1828,0aaa76206517,LaraCeilingFront,GAME/LARA.C,5214,ANGLE,combat-camera-context,no,no,no
1829,0aaa76206517,LaraCeilingFront,GAME/LARA.C,5215,CLAMPADD2,combat-camera-context,no,no,no
1830,0aaa76206517,LaraCeilingFront,GAME/LARA.C,5215,ANGLE,combat-camera-context,no,no,no
1831,0aaa76206517,LaraCeilingFront,GAME/LARA.C,5215,ANGLE,combat-camera-context,no,no,no
1832,0aaa76206517,LaraCeilingFront,GAME/LARA.C,5218,AnimateLara,combat-camera-context,no,no,no
1833,0aaa76206517,LaraCeilingFront,GAME/LARA.C,5219,LaraBaddieCollision,combat-camera-context,no,no,no
1834,0aaa76206517,LaraCeilingFront,GAME/LARA.C,5221,UpdateLaraRoom,combat-camera-context,no,no,no
1835,0aaa76206517,LaraCeilingFront,GAME/LARA.C,5228,LaraGun,combat-camera-context,no,no,no
1836,0aaa76206517,LaraCeilingFront,GAME/LARA.C,5230,TestTriggers,combat-camera-context,no,no,no
1837,0aaa76206517,LaraCeilingFront,GAME/LARA.C,5233,TestHangSwingIn,combat-camera-context,no,no,no
1838,0aaa76206517,LaraCeilingFront,GAME/LARA.C,5242,ANGLE,combat-camera-context,no,no,no
1839,0aaa76206517,LaraCeilingFront,GAME/LARA.C,5246,ANGLE,combat-camera-context,no,no,no
1840,0aaa76206517,LaraCeilingFront,GAME/LARA.C,5250,ANGLE,combat-camera-context,no,no,no
1841,0aaa76206517,LaraCeilingFront,GAME/LARA.C,5259,GetFloor,combat-camera-context,no,no,no
1842,0aaa76206517,LaraCeilingFront,GAME/LARA.C,5260,GetHeight,combat-camera-context,no,no,no
1843,0aaa76206517,LaraCeilingFront,GAME/LARA.C,5261,GetCeiling,combat-camera-context,no,no,no
1844,0aaa76206517,LaraCeilingFront,GAME/LARA.C,5266,LaraHangLeftCornerTest,combat-camera-context,no,no,no
1845,0aaa76206517,LaraCeilingFront,GAME/LARA.C,5268,UNIMPLEMENTED,combat-camera-context,no,no,no
1846,0aaa76206517,LaraCeilingFront,GAME/LARA.C,5272,LaraHangRightCornerTest,combat-camera-context,no,no,no
1847,0aaa76206517,LaraCeilingFront,GAME/LARA.C,5274,UNIMPLEMENTED,combat-camera-context,no,no,no
1848,0aaa76206517,LaraCeilingFront,GAME/LARA.C,5278,IsValidHangPos,combat-camera-context,no,no,no
1849,0aaa76206517,LaraCeilingFront,GAME/LARA.C,5280,LaraFloorFront,combat-camera-context,no,no,no
1850,0aaa76206517,LaraCeilingFront,GAME/LARA.C,5283,ANGLE,combat-camera-context,no,no,no
1851,0aaa76206517,LaraCeilingFront,GAME/LARA.C,5283,ANGLE,combat-camera-context,no,no,no
1852,0aaa76206517,LaraCeilingFront,GAME/LARA.C,5307,GetLaraCollisionInfo,combat-camera-context,no,no,no
1853,0aaa76206517,LaraCeilingFront,GAME/LARA.C,5312,ABS,combat-camera-context,no,no,no
1854,0aaa76206517,LaraCeilingFront,GAME/LARA.C,5315,LaraHangTest,combat-camera-context,no,no,no
1855,0aaa76206517,LaraCeilingFront,GAME/LARA.C,5336,ANGLE,combat-camera-context,no,no,no
1856,0aaa76206517,LaraCeilingFront,GAME/LARA.C,5340,ANGLE,combat-camera-context,no,no,no
1857,0aaa76206517,LaraCeilingFront,GAME/LARA.C,5349,LaraFloorFront,combat-camera-context,no,no,no
1858,0aaa76206517,LaraCeilingFront,GAME/LARA.C,5357,LaraCeilingFront,combat-camera-context,no,no,no
1859,0aaa76206517,LaraCeilingFront,GAME/LARA.C,5358,ANGLE,combat-camera-context,no,no,no
1860,0aaa76206517,LaraCeilingFront,GAME/LARA.C,5392,GetLaraCollisionInfo,combat-camera-context,no,no,no
1861,0aaa76206517,LaraCeilingFront,GAME/LARA.C,5421,LaraTestHangOnClimbWall,combat-camera-context,no,no,no
1862,0aaa76206517,LaraCeilingFront,GAME/LARA.C,5426,SnapLaraToEdgeOfBlock,combat-camera-context,no,no,no
1863,0aaa76206517,LaraCeilingFront,GAME/LARA.C,5451,LaraTestClimbStance,combat-camera-context,no,no,no
1864,0aaa76206517,LaraCeilingFront,GAME/LARA.C,5471,GetBoundsAccurate,combat-camera-context,no,no,no
1865,0aaa76206517,LaraCeilingFront,GAME/LARA.C,5476,GetBoundsAccurate,combat-camera-context,no,no,no
1866,0aaa76206517,LaraCeilingFront,GAME/LARA.C,5501,GetBoundsAccurate,combat-camera-context,no,no,no
1867,0aaa76206517,LaraCeilingFront,GAME/LARA.C,5504,GetBoundsAccurate,combat-camera-context,no,no,no
1868,0aaa76206517,LaraCeilingFront,GAME/LARA.C,5536,GetClimbTrigger,combat-camera-context,no,no,no
1869,0aaa76206517,LaraCeilingFront,GAME/LARA.C,5538,LaraTestHangOnClimbWall,combat-camera-context,no,no,no
1870,0aaa76206517,LaraCeilingFront,GAME/LARA.C,5630,SnapLaraToEdgeOfBlock,combat-camera-context,no,no,no
1871,0aaa76206517,LaraCeilingFront,GAME/LARA.C,5673,LaraTestHangOnClimbWall,combat-camera-context,no,no,no
1872,0aaa76206517,LaraCeilingFront,GAME/LARA.C,5684,ANGLE,combat-camera-context,no,no,no
1873,0aaa76206517,LaraCeilingFront,GAME/LARA.C,5700,GetBoundsAccurate,combat-camera-context,no,no,no
1874,0aaa76206517,LaraCeilingFront,GAME/LARA.C,5704,LaraCeilingFront,combat-camera-context,no,no,no
1875,0aaa76206517,LaraCeilingFront,GAME/LARA.C,5705,LaraCeilingFront,combat-camera-context,no,no,no
1876,0aaa76206517,LaraCeilingFront,GAME/LARA.C,5707,ABS,combat-camera-context,no,no,no
1877,0aaa76206517,LaraCeilingFront,GAME/LARA.C,5711,LaraTestClimbPos,combat-camera-context,no,no,no
1878,0aaa76206517,LaraCeilingFront,GAME/LARA.C,5712,LaraTestClimbPos,combat-camera-context,no,no,no
1879,0aaa76206517,LaraCeilingFront,GAME/LARA.C,5714,LaraTestClimbPos,combat-camera-context,no,no,no
1880,0aaa76206517,LaraCeilingFront,GAME/LARA.C,5730,LaraSlideEdgeJump,combat-camera-context,no,no,no
1881,0aaa76206517,LaraCeilingFront,GAME/LARA.C,5732,ShiftItem,combat-camera-context,no,no,no
1882,0aaa76206517,LaraCeilingFront,GAME/LARA.C,5737,ANGLE,combat-camera-context,no,no,no
1883,0aaa76206517,LaraCeilingFront,GAME/LARA.C,5741,ANGLE,combat-camera-context,no,no,no
1884,0aaa76206517,LaraCeilingFront,GAME/LARA.C,5751,COS,combat-camera-context,no,no,no
1885,0aaa76206517,LaraCeilingFront,GAME/LARA.C,5752,SIN,combat-camera-context,no,no,no
1886,0aaa76206517,LaraCeilingFront,GAME/LARA.C,5765,LaraDeflectEdgeJump,combat-camera-context,no,no,no
1887,0aaa76206517,LaraCeilingFront,GAME/LARA.C,5767,ShiftItem,combat-camera-context,no,no,no
1888,0aaa76206517,LaraCeilingFront,GAME/LARA.C,5796,ANGLE,combat-camera-context,no,no,no
1889,0aaa76206517,LaraCeilingFront,GAME/LARA.C,5809,ANGLE,combat-camera-context,no,no,no
1890,0aaa76206517,LaraCeilingFront,GAME/LARA.C,5812,ANGLE,combat-camera-context,no,no,no
1891,0aaa76206517,LaraCeilingFront,GAME/LARA.C,5815,SIN,combat-camera-context,no,no,no
1892,0aaa76206517,LaraCeilingFront,GAME/LARA.C,5816,COS,combat-camera-context,no,no,no
1893,0aaa76206517,LaraCeilingFront,GAME/LARA.C,5828,lara_slide_slope,combat-camera-context,no,no,no
1894,0aaa76206517,LaraCeilingFront,GAME/LARA.C,5834,GetLaraCollisionInfo,combat-camera-context,no,no,no
1895,0aaa76206517,LaraCeilingFront,GAME/LARA.C,5836,LaraHitCeiling,combat-camera-context,no,no,no
1896,0aaa76206517,LaraCeilingFront,GAME/LARA.C,5838,LaraDeflectEdge,combat-camera-context,no,no,no
1897,0aaa76206517,LaraCeilingFront,GAME/LARA.C,5842,TestLaraSlide,combat-camera-context,no,no,no
1898,0aaa76206517,LaraCeilingFront,GAME/LARA.C,5846,ABS,combat-camera-context,no,no,no
1899,0aaa76206517,LaraCeilingFront,GAME/LARA.C,5846,ABS,combat-camera-context,no,no,no
1900,0aaa76206517,LaraCeilingFront,GAME/LARA.C,5849,StopSoundEffect,combat-camera-context,no,no,no
1901,0aaa76206517,LaraCeilingFront,GAME/LARA.C,5871,StopSoundEffect,combat-camera-context,no,no,no
1902,0aaa76206517,LaraCeilingFront,GAME/LARA.C,5879,LaraCollideStop,combat-camera-context,no,no,no
1903,0aaa76206517,LaraCeilingFront,GAME/LARA.C,5902,AnimateLara,combat-camera-context,no,no,no
1904,0aaa76206517,LaraCeilingFront,GAME/LARA.C,5911,TestWall,combat-camera-context,no,no,no
1905,0aaa76206517,LaraCeilingFront,GAME/LARA.C,5917,ANGLE,combat-camera-context,no,no,no
1906,0aaa76206517,LaraCeilingFront,GAME/LARA.C,5923,ANGLE,combat-camera-context,no,no,no
1907,0aaa76206517,LaraCeilingFront,GAME/LARA.C,5941,GetFloor,combat-camera-context,no,no,no
1908,0aaa76206517,LaraCeilingFront,GAME/LARA.C,5943,ANGLE,combat-camera-context,no,no,no
1909,0aaa76206517,LaraCeilingFront,GAME/LARA.C,5961,GetFloor,combat-camera-context,no,no,no
1910,0aaa76206517,LaraCeilingFront,GAME/LARA.C,5962,GetHeight,combat-camera-context,no,no,no
1911,0aaa76206517,LaraCeilingFront,GAME/LARA.C,5963,GetCeiling,combat-camera-context,no,no,no
1912,0aaa76206517,LaraCeilingFront,GAME/LARA.C,5974,TestLaraVault,combat-camera-context,no,no,no
1913,0aaa76206517,LaraCeilingFront,GAME/LARA.C,6303,var_8,combat-camera-context,no,no,no
1914,0aaa76206517,LaraCeilingFront,GAME/LARA.C,6304,var_C,combat-camera-context,no,no,no
1915,0aaa76206517,LaraCeilingFront,GAME/LARA.C,6305,var_10,combat-camera-context,no,no,no
1916,0aaa76206517,LaraCeilingFront,GAME/LARA.C,6306,var_14,combat-camera-context,no,no,no
1917,0aaa76206517,LaraCeilingFront,GAME/LARA.C,6307,var_18,combat-camera-context,no,no,no
1918,0aaa76206517,LaraCeilingFront,GAME/LARA.C,6314,LaraTestClimbStance,combat-camera-context,no,no,no
1919,0aaa76206517,LaraCeilingFront,GAME/LARA.C,6318,LaraTestClimbPos,combat-camera-context,no,no,no
1920,0aaa76206517,LaraCeilingFront,GAME/LARA.C,6321,LaraTestClimbPos,combat-camera-context,no,no,no
1921,0aaa76206517,LaraCeilingFront,GAME/LARA.C,6333,SIGN,combat-camera-context,no,no,no
1922,0aaa76206517,LaraCeilingFront,GAME/LARA.C,6333,SIGN,combat-camera-context,no,no,no
1923,0aaa76206517,LaraCeilingFront,GAME/LARA.C,6334,ABS,combat-camera-context,no,no,no
1924,0aaa76206517,LaraCeilingFront,GAME/LARA.C,6334,ABS,combat-camera-context,no,no,no
1925,0aaa76206517,LaraCeilingFront,GAME/LARA.C,6351,LaraTestEdgeCatch,combat-camera-context,no,no,no
1926,0aaa76206517,LaraCeilingFront,GAME/LARA.C,6356,GetBoundsAccurate,combat-camera-context,no,no,no
1927,0aaa76206517,LaraCeilingFront,GAME/LARA.C,6398,LaraDeflectEdgeDuck,combat-camera-context,no,no,no
1928,0aaa76206517,LaraCeilingFront,GAME/LARA.C,6402,ShiftItem,combat-camera-context,no,no,no
1929,0aaa76206517,LaraCeilingFront,GAME/LARA.C,6411,ShiftItem,combat-camera-context,no,no,no
1930,0aaa76206517,LaraCeilingFront,GAME/LARA.C,6412,ANGLE,combat-camera-context,no,no,no
1931,0aaa76206517,LaraCeilingFront,GAME/LARA.C,6416,ShiftItem,combat-camera-context,no,no,no
1932,0aaa76206517,LaraCeilingFront,GAME/LARA.C,6417,ANGLE,combat-camera-context,no,no,no
1933,0aaa76206517,LaraCeilingFront,GAME/LARA.C,6423,LaraDeflectEdge,combat-camera-context,no,no,no
1934,0aaa76206517,LaraCeilingFront,GAME/LARA.C,6427,ShiftItem,combat-camera-context,no,no,no
1935,0aaa76206517,LaraCeilingFront,GAME/LARA.C,6437,ShiftItem,combat-camera-context,no,no,no
1936,0aaa76206517,LaraCeilingFront,GAME/LARA.C,6438,ANGLE,combat-camera-context,no,no,no
1937,0aaa76206517,LaraCeilingFront,GAME/LARA.C,6445,ShiftItem,combat-camera-context,no,no,no
1938,0aaa76206517,LaraCeilingFront,GAME/LARA.C,6446,ANGLE,combat-camera-context,no,no,no
1939,0aaa76206517,LaraCeilingFront,GAME/LARA.C,6452,LaraHitCeiling,combat-camera-context,no,no,no
1940,0aaa76206517,LaraCeilingFront,GAME/LARA.C,6478,LaraLandedBad,combat-camera-context,no,no,no
1941,0aaa76206517,LaraCeilingFront,GAME/LARA.C,6499,LaraFallen,combat-camera-context,no,no,no
1942,0aaa76206517,LaraCeilingFront,GAME/LARA.C,6517,TestLaraSlide,combat-camera-context,no,no,no
1943,0aaa76206517,LaraCeilingFront,GAME/LARA.C,6523,ABS,combat-camera-context,no,no,no
1944,0aaa76206517,LaraCeilingFront,GAME/LARA.C,6523,ABS,combat-camera-context,no,no,no
1945,0aaa76206517,LaraCeilingFront,GAME/LARA.C,6527,ANGLE,combat-camera-context,no,no,no
1946,0aaa76206517,LaraCeilingFront,GAME/LARA.C,6529,ANGLE,combat-camera-context,no,no,no
1947,0aaa76206517,LaraCeilingFront,GAME/LARA.C,6531,ABS,combat-camera-context,no,no,no
1948,0aaa76206517,LaraCeilingFront,GAME/LARA.C,6532,ANGLE,combat-camera-context,no,no,no
1949,0aaa76206517,LaraCeilingFront,GAME/LARA.C,6533,ABS,combat-camera-context,no,no,no
1950,0aaa76206517,LaraCeilingFront,GAME/LARA.C,6538,ShiftItem,combat-camera-context,no,no,no
1951,0aaa76206517,LaraCeilingFront,GAME/LARA.C,6570,LaraCeilingFront,combat-camera-context,no,no,no
1952,0aaa76206517,LaraCeilingFront,GAME/LARA.C,6582,SIN,combat-camera-context,no,no,no
1953,0aaa76206517,LaraCeilingFront,GAME/LARA.C,6583,COS,combat-camera-context,no,no,no
1954,0aaa76206517,LaraCeilingFront,GAME/LARA.C,6585,GetCeiling,combat-camera-context,no,no,no
1955,0aaa76206517,LaraCeilingFront,GAME/LARA.C,6585,GetFloor,combat-camera-context,no,no,no
1956,0aaa76206517,LaraCeilingFront,GAME/LARA.C,6597,SIN,combat-camera-context,no,no,no
1957,0aaa76206517,LaraCeilingFront,GAME/LARA.C,6599,COS,combat-camera-context,no,no,no
1958,0aaa76206517,LaraCeilingFront,GAME/LARA.C,6601,GetHeight,combat-camera-context,no,no,no
1959,0aaa76206517,LaraCeilingFront,GAME/LARA.C,6601,GetFloor,combat-camera-context,no,no,no
1960,0aaa76206517,LaraCeilingFront,GAME/LARA.C,6610,LaraFloorFront,combat-camera-context,no,no,no
1961,0aaa76206517,LaraCeilingFront,GAME/LARA.C,6621,SIN,combat-camera-context,no,no,no
1962,0aaa76206517,LaraCeilingFront,GAME/LARA.C,6622,COS,combat-camera-context,no,no,no
1963,0aaa76206517,LaraCeilingFront,GAME/LARA.C,6625,GetHeight,combat-camera-context,no,no,no
1964,0aaa76206517,LaraCeilingFront,GAME/LARA.C,6625,GetFloor,combat-camera-context,no,no,no
1965,0aaa76206517,LaraCeilingFront,GAME/LARA.C,6637,SIN,combat-camera-context,no,no,no
1966,0aaa76206517,LaraCeilingFront,GAME/LARA.C,6639,COS,combat-camera-context,no,no,no
1967,0aaa76206517,LaraCeilingFront,GAME/LARA.C,6641,GetHeight,combat-camera-context,no,no,no
1968,0aaa76206517,LaraCeilingFront,GAME/LARA.C,6641,GetFloor,combat-camera-context,no,no,no
1969,0aaa76206517,LaraCeilingFront,GAME/LARA.C,6650,GetLaraCollisionInfo,combat-camera-context,no,no,no
1970,0aaa76206517,LaraCeilingFront,GAME/LARA.C,6653,GetCollisionInfo,combat-camera-context,no,no,no
1971,0aaa76206517,LaraCeilingFront,GAME/LARA.C,6657,GetLaraJointPos,combat-camera-context,no,no,no
1972,0aaa76206517,LaraCeilingFront,GAME/LARA.C,6659,phd_PushMatrix,combat-camera-context,no,no,no
1973,0aaa76206517,LaraCeilingFront,GAME/LARA.C,6674,mTranslateXYZ,combat-camera-context,no,no,no
1974,0aaa76206517,LaraCeilingFront,GAME/LARA.C,6684,mPopMatrix,combat-camera-context,no,no,no
1975,0aaa76206517,LaraCeilingFront,GAME/LARA.C,6689,AnimateLara,combat-camera-context,no,no,no
1976,0aaa76206517,LaraCeilingFront,GAME/LARA.C,6691,UNIMPLEMENTED,combat-camera-context,no,no,no
1977,0aaa76206517,LaraCeilingFront,GAME/LARA.C,6695,SetLaraUnderwaterNodes,combat-camera-context,no,no,no
1978,0aaa76206517,LaraCeilingFront,GAME/LARA.C,6711,GetFloor,combat-camera-context,no,no,no
1979,0aaa76206517,LaraCeilingFront,GAME/LARA.C,6718,GetLaraJointPos,combat-camera-context,no,no,no
1980,0aaa76206517,LaraCeilingFront,GAME/LARA.C,6728,GetFloor,combat-camera-context,no,no,no
1981,0aaa76206517,LaraCeilingFront,GAME/LARA.C,6755,SetPendulumVelocity,combat-camera-context,no,no,no
1982,0aaa76206517,LaraCeilingFront,GAME/LARA.C,6771,LaraClimbRope,combat-camera-context,no,no,no
1983,0aaa76206517,LaraCeilingFront,GAME/LARA.C,6773,UNIMPLEMENTED,combat-camera-context,no,no,no
1984,0aaa76206517,LaraCeilingFront,GAME/LARA.C,6776,FireChaff,combat-camera-context,no,no,no
1985,0aaa76206517,LaraCeilingFront,GAME/LARA.C,6778,UNIMPLEMENTED,combat-camera-context,no,no,no
1986,0aaa76206517,LaraCeilingFront,GAME/LARA.C,6781,GetLaraJointPosRot,combat-camera-context,no,no,no
1987,0aaa76206517,LaraCeilingFront,GAME/LARA.C,6783,UNIMPLEMENTED,combat-camera-context,no,no,no
1988,0aaa76206517,LaraCeilingFront,GAME/LARA.C,6786,DoSubsuitStuff,combat-camera-context,no,no,no
1989,0aaa76206517,LaraCeilingFront,GAME/LARA.C,6788,UNIMPLEMENTED,combat-camera-context,no,no,no
1990,0aaa76206517,MonkeySwingSnap,GAME/LARA.C,55,void,combat-camera-context,no,no,no
1991,0aaa76206517,MonkeySwingSnap,GAME/LARA.C,198,void,combat-camera-context,no,no,no
1992,0aaa76206517,MonkeySwingSnap,GAME/LARA.C,341,lara_as_pbleapoff,combat-camera-context,no,no,no
1993,0aaa76206517,MonkeySwingSnap,GAME/LARA.C,366,SIN,combat-camera-context,no,no,no
1994,0aaa76206517,MonkeySwingSnap,GAME/LARA.C,367,COS,combat-camera-context,no,no,no
1995,0aaa76206517,MonkeySwingSnap,GAME/LARA.C,377,lara_as_parallelbars,combat-camera-context,no,no,no
1996,0aaa76206517,MonkeySwingSnap,GAME/LARA.C,385,lara_as_trfall,combat-camera-context,no,no,no
1997,0aaa76206517,MonkeySwingSnap,GAME/LARA.C,396,GetLaraJointPos,combat-camera-context,no,no,no
1998,0aaa76206517,MonkeySwingSnap,GAME/LARA.C,456,GetRandomControl,combat-camera-context,no,no,no
1999,0aaa76206517,MonkeySwingSnap,GAME/LARA.C,462,lara_as_trwalk,combat-camera-context,no,no,no
2000,0aaa76206517,MonkeySwingSnap,GAME/LARA.C,472,GetHeight,combat-camera-context,no,no,no
2001,0aaa76206517,MonkeySwingSnap,GAME/LARA.C,472,GetFloor,combat-camera-context,no,no,no
2002,0aaa76206517,MonkeySwingSnap,GAME/LARA.C,481,GetTighRopeFallOff,combat-camera-context,no,no,no
2003,0aaa76206517,MonkeySwingSnap,GAME/LARA.C,488,LookUpDown,combat-camera-context,no,no,no
2004,0aaa76206517,MonkeySwingSnap,GAME/LARA.C,500,lara_as_trpose,combat-camera-context,no,no,no
2005,0aaa76206517,MonkeySwingSnap,GAME/LARA.C,503,LookUpDown,combat-camera-context,no,no,no
2006,0aaa76206517,MonkeySwingSnap,GAME/LARA.C,505,GetTighRopeFallOff,combat-camera-context,no,no,no
2007,0aaa76206517,MonkeySwingSnap,GAME/LARA.C,510,GetRandomControl,combat-camera-context,no,no,no
2008,0aaa76206517,MonkeySwingSnap,GAME/LARA.C,528,GetTighRopeFallOff,combat-camera-context,no,no,no
2009,0aaa76206517,MonkeySwingSnap,GAME/LARA.C,535,GetTighRopeFallOff,combat-camera-context,no,no,no
2010,0aaa76206517,MonkeySwingSnap,GAME/LARA.C,545,GetRandomControl,combat-camera-context,no,no,no
2011,0aaa76206517,MonkeySwingSnap,GAME/LARA.C,546,GetRandomControl,combat-camera-context,no,no,no
2012,0aaa76206517,MonkeySwingSnap,GAME/LARA.C,549,LookLeftRight,combat-camera-context,no,no,no
2013,0aaa76206517,MonkeySwingSnap,GAME/LARA.C,555,ANGLE,combat-camera-context,no,no,no
2014,0aaa76206517,MonkeySwingSnap,GAME/LARA.C,558,ANGLE,combat-camera-context,no,no,no
2015,0aaa76206517,MonkeySwingSnap,GAME/LARA.C,560,ANGLE,combat-camera-context,no,no,no
2016,0aaa76206517,MonkeySwingSnap,GAME/LARA.C,566,ANGLE,combat-camera-context,no,no,no
2017,0aaa76206517,MonkeySwingSnap,GAME/LARA.C,569,ANGLE,combat-camera-context,no,no,no
2018,0aaa76206517,MonkeySwingSnap,GAME/LARA.C,571,ANGLE,combat-camera-context,no,no,no
2019,0aaa76206517,MonkeySwingSnap,GAME/LARA.C,578,LookUpDown,combat-camera-context,no,no,no
2020,0aaa76206517,MonkeySwingSnap,GAME/LARA.C,584,ANGLE,combat-camera-context,no,no,no
2021,0aaa76206517,MonkeySwingSnap,GAME/LARA.C,587,ANGLE,combat-camera-context,no,no,no
2022,0aaa76206517,MonkeySwingSnap,GAME/LARA.C,589,ANGLE,combat-camera-context,no,no,no
2023,0aaa76206517,MonkeySwingSnap,GAME/LARA.C,595,ANGLE,combat-camera-context,no,no,no
2024,0aaa76206517,MonkeySwingSnap,GAME/LARA.C,598,ANGLE,combat-camera-context,no,no,no
2025,0aaa76206517,MonkeySwingSnap,GAME/LARA.C,600,ANGLE,combat-camera-context,no,no,no
2026,0aaa76206517,MonkeySwingSnap,GAME/LARA.C,607,ResetLook,combat-camera-context,no,no,no
2027,0aaa76206517,MonkeySwingSnap,GAME/LARA.C,611,ANGLE,combat-camera-context,no,no,no
2028,0aaa76206517,MonkeySwingSnap,GAME/LARA.C,611,ANGLE,combat-camera-context,no,no,no
2029,0aaa76206517,MonkeySwingSnap,GAME/LARA.C,616,ANGLE,combat-camera-context,no,no,no
2030,0aaa76206517,MonkeySwingSnap,GAME/LARA.C,616,ANGLE,combat-camera-context,no,no,no
2031,0aaa76206517,MonkeySwingSnap,GAME/LARA.C,636,lara_col_jumper,combat-camera-context,no,no,no
2032,0aaa76206517,MonkeySwingSnap,GAME/LARA.C,642,GetLaraCollisionInfo,combat-camera-context,no,no,no
2033,0aaa76206517,MonkeySwingSnap,GAME/LARA.C,643,LaraDeflectEdgeJump,combat-camera-context,no,no,no
2034,0aaa76206517,MonkeySwingSnap,GAME/LARA.C,647,LaraLandedBad,combat-camera-context,no,no,no
2035,0aaa76206517,MonkeySwingSnap,GAME/LARA.C,660,lara_default_col,combat-camera-context,no,no,no
2036,0aaa76206517,MonkeySwingSnap,GAME/LARA.C,668,GetLaraCollisionInfo,combat-camera-context,no,no,no
2037,0aaa76206517,MonkeySwingSnap,GAME/LARA.C,671,lara_col_wade,combat-camera-context,no,no,no
2038,0aaa76206517,MonkeySwingSnap,GAME/LARA.C,681,GetLaraCollisionInfo,combat-camera-context,no,no,no
2039,0aaa76206517,MonkeySwingSnap,GAME/LARA.C,683,LaraHitCeiling,combat-camera-context,no,no,no
2040,0aaa76206517,MonkeySwingSnap,GAME/LARA.C,683,TestLaraVault,combat-camera-context,no,no,no
2041,0aaa76206517,MonkeySwingSnap,GAME/LARA.C,685,LaraDeflectEdge,combat-camera-context,no,no,no
2042,0aaa76206517,MonkeySwingSnap,GAME/LARA.C,708,LaraCollideStop,combat-camera-context,no,no,no
2043,0aaa76206517,MonkeySwingSnap,GAME/LARA.C,737,lara_col_fastdive,combat-camera-context,no,no,no
2044,0aaa76206517,MonkeySwingSnap,GAME/LARA.C,745,GetLaraCollisionInfo,combat-camera-context,no,no,no
2045,0aaa76206517,MonkeySwingSnap,GAME/LARA.C,746,LaraDeflectEdgeJump,combat-camera-context,no,no,no
2046,0aaa76206517,MonkeySwingSnap,GAME/LARA.C,763,lara_col_swandive,combat-camera-context,no,no,no
2047,0aaa76206517,MonkeySwingSnap,GAME/LARA.C,771,GetLaraCollisionInfo,combat-camera-context,no,no,no
2048,0aaa76206517,MonkeySwingSnap,GAME/LARA.C,772,LaraDeflectEdgeJump,combat-camera-context,no,no,no
2049,0aaa76206517,MonkeySwingSnap,GAME/LARA.C,786,lara_col_roll2,combat-camera-context,no,no,no
2050,0aaa76206517,MonkeySwingSnap,GAME/LARA.C,793,ANGLE,combat-camera-context,no,no,no
2051,0aaa76206517,MonkeySwingSnap,GAME/LARA.C,801,GetLaraCollisionInfo,combat-camera-context,no,no,no
2052,0aaa76206517,MonkeySwingSnap,GAME/LARA.C,803,LaraHitCeiling,combat-camera-context,no,no,no
2053,0aaa76206517,MonkeySwingSnap,GAME/LARA.C,803,TestLaraSlide,combat-camera-context,no,no,no
2054,0aaa76206517,MonkeySwingSnap,GAME/LARA.C,807,ShiftItem,combat-camera-context,no,no,no
2055,0aaa76206517,MonkeySwingSnap,GAME/LARA.C,826,lara_col_roll,combat-camera-context,no,no,no
2056,0aaa76206517,MonkeySwingSnap,GAME/LARA.C,840,GetLaraCollisionInfo,combat-camera-context,no,no,no
2057,0aaa76206517,MonkeySwingSnap,GAME/LARA.C,842,LaraHitCeiling,combat-camera-context,no,no,no
2058,0aaa76206517,MonkeySwingSnap,GAME/LARA.C,844,TestLaraSlide,combat-camera-context,no,no,no
2059,0aaa76206517,MonkeySwingSnap,GAME/LARA.C,846,LaraFallen,combat-camera-context,no,no,no
2060,0aaa76206517,MonkeySwingSnap,GAME/LARA.C,848,ShiftItem,combat-camera-context,no,no,no
2061,0aaa76206517,MonkeySwingSnap,GAME/LARA.C,857,lara_col_slideback,combat-camera-context,no,no,no
2062,0aaa76206517,MonkeySwingSnap,GAME/LARA.C,859,ANGLE,combat-camera-context,no,no,no
2063,0aaa76206517,MonkeySwingSnap,GAME/LARA.C,860,lara_slide_slope,combat-camera-context,no,no,no
2064,0aaa76206517,MonkeySwingSnap,GAME/LARA.C,863,lara_col_fallback,combat-camera-context,no,no,no
2065,0aaa76206517,MonkeySwingSnap,GAME/LARA.C,865,ANGLE,combat-camera-context,no,no,no
2066,0aaa76206517,MonkeySwingSnap,GAME/LARA.C,871,GetLaraCollisionInfo,combat-camera-context,no,no,no
2067,0aaa76206517,MonkeySwingSnap,GAME/LARA.C,872,LaraDeflectEdgeJump,combat-camera-context,no,no,no
2068,0aaa76206517,MonkeySwingSnap,GAME/LARA.C,876,LaraLandedBad,combat-camera-context,no,no,no
2069,0aaa76206517,MonkeySwingSnap,GAME/LARA.C,889,lara_col_leftjump,combat-camera-context,no,no,no
2070,0aaa76206517,MonkeySwingSnap,GAME/LARA.C,891,ANGLE,combat-camera-context,no,no,no
2071,0aaa76206517,MonkeySwingSnap,GAME/LARA.C,892,lara_col_jumper,combat-camera-context,no,no,no
2072,0aaa76206517,MonkeySwingSnap,GAME/LARA.C,895,lara_col_rightjump,combat-camera-context,no,no,no
2073,0aaa76206517,MonkeySwingSnap,GAME/LARA.C,897,ANGLE,combat-camera-context,no,no,no
2074,0aaa76206517,MonkeySwingSnap,GAME/LARA.C,898,lara_col_jumper,combat-camera-context,no,no,no
2075,0aaa76206517,MonkeySwingSnap,GAME/LARA.C,901,lara_col_backjump,combat-camera-context,no,no,no
2076,0aaa76206517,MonkeySwingSnap,GAME/LARA.C,903,ANGLE,combat-camera-context,no,no,no
2077,0aaa76206517,MonkeySwingSnap,GAME/LARA.C,904,lara_col_jumper,combat-camera-context,no,no,no
2078,0aaa76206517,MonkeySwingSnap,GAME/LARA.C,907,lara_col_slide,combat-camera-context,no,no,no
2079,0aaa76206517,MonkeySwingSnap,GAME/LARA.C,910,lara_slide_slope,combat-camera-context,no,no,no
2080,0aaa76206517,MonkeySwingSnap,GAME/LARA.C,913,lara_col_stepleft,combat-camera-context,no,no,no
2081,0aaa76206517,MonkeySwingSnap,GAME/LARA.C,915,lara_col_stepright,combat-camera-context,no,no,no
2082,0aaa76206517,MonkeySwingSnap,GAME/LARA.C,918,lara_col_stepright,combat-camera-context,no,no,no
2083,0aaa76206517,MonkeySwingSnap,GAME/LARA.C,921,ANGLE,combat-camera-context,no,no,no
2084,0aaa76206517,MonkeySwingSnap,GAME/LARA.C,923,ANGLE,combat-camera-context,no,no,no
2085,0aaa76206517,MonkeySwingSnap,GAME/LARA.C,939,GetLaraCollisionInfo,combat-camera-context,no,no,no
2086,0aaa76206517,MonkeySwingSnap,GAME/LARA.C,941,LaraHitCeiling,combat-camera-context,no,no,no
2087,0aaa76206517,MonkeySwingSnap,GAME/LARA.C,943,LaraDeflectEdge,combat-camera-context,no,no,no
2088,0aaa76206517,MonkeySwingSnap,GAME/LARA.C,944,LaraCollideStop,combat-camera-context,no,no,no
2089,0aaa76206517,MonkeySwingSnap,GAME/LARA.C,946,LaraFallen,combat-camera-context,no,no,no
2090,0aaa76206517,MonkeySwingSnap,GAME/LARA.C,946,TestLaraSlide,combat-camera-context,no,no,no
2091,0aaa76206517,MonkeySwingSnap,GAME/LARA.C,951,lara_col_back,combat-camera-context,no,no,no
2092,0aaa76206517,MonkeySwingSnap,GAME/LARA.C,956,ANGLE,combat-camera-context,no,no,no
2093,0aaa76206517,MonkeySwingSnap,GAME/LARA.C,969,GetLaraCollisionInfo,combat-camera-context,no,no,no
2094,0aaa76206517,MonkeySwingSnap,GAME/LARA.C,971,LaraHitCeiling,combat-camera-context,no,no,no
2095,0aaa76206517,MonkeySwingSnap,GAME/LARA.C,973,LaraDeflectEdge,combat-camera-context,no,no,no
2096,0aaa76206517,MonkeySwingSnap,GAME/LARA.C,974,LaraCollideStop,combat-camera-context,no,no,no
2097,0aaa76206517,MonkeySwingSnap,GAME/LARA.C,976,LaraFallen,combat-camera-context,no,no,no
2098,0aaa76206517,MonkeySwingSnap,GAME/LARA.C,992,TestLaraSlide,combat-camera-context,no,no,no
2099,0aaa76206517,MonkeySwingSnap,GAME/LARA.C,998,lara_col_compress,combat-camera-context,no,no,no
2100,0aaa76206517,MonkeySwingSnap,GAME/LARA.C,1007,GetLaraCollisionInfo,combat-camera-context,no,no,no
2101,0aaa76206517,MonkeySwingSnap,GAME/LARA.C,1009,LaraFallen,combat-camera-context,no,no,no
2102,0aaa76206517,MonkeySwingSnap,GAME/LARA.C,1032,lara_col_land,combat-camera-context,no,no,no
2103,0aaa76206517,MonkeySwingSnap,GAME/LARA.C,1034,lara_col_stop,combat-camera-context,no,no,no
2104,0aaa76206517,MonkeySwingSnap,GAME/LARA.C,1037,lara_col_splat,combat-camera-context,no,no,no
2105,0aaa76206517,MonkeySwingSnap,GAME/LARA.C,1048,GetLaraCollisionInfo,combat-camera-context,no,no,no
2106,0aaa76206517,MonkeySwingSnap,GAME/LARA.C,1049,ShiftItem,combat-camera-context,no,no,no
2107,0aaa76206517,MonkeySwingSnap,GAME/LARA.C,1055,lara_col_fastfall,combat-camera-context,no,no,no
2108,0aaa76206517,MonkeySwingSnap,GAME/LARA.C,1063,GetLaraCollisionInfo,combat-camera-context,no,no,no
2109,0aaa76206517,MonkeySwingSnap,GAME/LARA.C,1064,LaraSlideEdgeJump,combat-camera-context,no,no,no
2110,0aaa76206517,MonkeySwingSnap,GAME/LARA.C,1068,LaraLandedBad,combat-camera-context,no,no,no
2111,0aaa76206517,MonkeySwingSnap,GAME/LARA.C,1080,StopSoundEffect,combat-camera-context,no,no,no
2112,0aaa76206517,MonkeySwingSnap,GAME/LARA.C,1090,lara_col_death,combat-camera-context,no,no,no
2113,0aaa76206517,MonkeySwingSnap,GAME/LARA.C,1092,StopSoundEffect,combat-camera-context,no,no,no
2114,0aaa76206517,MonkeySwingSnap,GAME/LARA.C,1100,GetLaraCollisionInfo,combat-camera-context,no,no,no
2115,0aaa76206517,MonkeySwingSnap,GAME/LARA.C,1101,ShiftItem,combat-camera-context,no,no,no
2116,0aaa76206517,MonkeySwingSnap,GAME/LARA.C,1110,lara_col_turn_l,combat-camera-context,no,no,no
2117,0aaa76206517,MonkeySwingSnap,GAME/LARA.C,1112,lara_col_turn_r,combat-camera-context,no,no,no
2118,0aaa76206517,MonkeySwingSnap,GAME/LARA.C,1115,lara_col_turn_r,combat-camera-context,no,no,no
2119,0aaa76206517,MonkeySwingSnap,GAME/LARA.C,1128,GetLaraCollisionInfo,combat-camera-context,no,no,no
2120,0aaa76206517,MonkeySwingSnap,GAME/LARA.C,1132,TestLaraSlide,combat-camera-context,no,no,no
2121,0aaa76206517,MonkeySwingSnap,GAME/LARA.C,1146,lara_col_fastback,combat-camera-context,no,no,no
2122,0aaa76206517,MonkeySwingSnap,GAME/LARA.C,1151,ANGLE,combat-camera-context,no,no,no
2123,0aaa76206517,MonkeySwingSnap,GAME/LARA.C,1160,GetLaraCollisionInfo,combat-camera-context,no,no,no
2124,0aaa76206517,MonkeySwingSnap,GAME/LARA.C,1162,LaraHitCeiling,combat-camera-context,no,no,no
2125,0aaa76206517,MonkeySwingSnap,GAME/LARA.C,1166,LaraDeflectEdge,combat-camera-context,no,no,no
2126,0aaa76206517,MonkeySwingSnap,GAME/LARA.C,1167,LaraCollideStop,combat-camera-context,no,no,no
2127,0aaa76206517,MonkeySwingSnap,GAME/LARA.C,1169,TestLaraSlide,combat-camera-context,no,no,no
2128,0aaa76206517,MonkeySwingSnap,GAME/LARA.C,1186,lara_col_pose,combat-camera-context,no,no,no
2129,0aaa76206517,MonkeySwingSnap,GAME/LARA.C,1188,lara_col_stop,combat-camera-context,no,no,no
2130,0aaa76206517,MonkeySwingSnap,GAME/LARA.C,1191,lara_col_run,combat-camera-context,no,no,no
2131,0aaa76206517,MonkeySwingSnap,GAME/LARA.C,1201,GetLaraCollisionInfo,combat-camera-context,no,no,no
2132,0aaa76206517,MonkeySwingSnap,GAME/LARA.C,1203,LaraHitCeiling,combat-camera-context,no,no,no
2133,0aaa76206517,MonkeySwingSnap,GAME/LARA.C,1203,TestLaraVault,combat-camera-context,no,no,no
2134,0aaa76206517,MonkeySwingSnap,GAME/LARA.C,1205,LaraDeflectEdge,combat-camera-context,no,no,no
2135,0aaa76206517,MonkeySwingSnap,GAME/LARA.C,1209,TestWall,combat-camera-context,no,no,no
2136,0aaa76206517,MonkeySwingSnap,GAME/LARA.C,1230,LaraCollideStop,combat-camera-context,no,no,no
2137,0aaa76206517,MonkeySwingSnap,GAME/LARA.C,1233,LaraFallen,combat-camera-context,no,no,no
2138,0aaa76206517,MonkeySwingSnap,GAME/LARA.C,1256,TestLaraSlide,combat-camera-context,no,no,no
2139,0aaa76206517,MonkeySwingSnap,GAME/LARA.C,1272,lara_col_walk,combat-camera-context,no,no,no
2140,0aaa76206517,MonkeySwingSnap,GAME/LARA.C,1287,GetLaraCollisionInfo,combat-camera-context,no,no,no
2141,0aaa76206517,MonkeySwingSnap,GAME/LARA.C,1289,LaraHitCeiling,combat-camera-context,no,no,no
2142,0aaa76206517,MonkeySwingSnap,GAME/LARA.C,1289,TestLaraVault,combat-camera-context,no,no,no
2143,0aaa76206517,MonkeySwingSnap,GAME/LARA.C,1291,LaraDeflectEdge,combat-camera-context,no,no,no
2144,0aaa76206517,MonkeySwingSnap,GAME/LARA.C,1308,LaraCollideStop,combat-camera-context,no,no,no
2145,0aaa76206517,MonkeySwingSnap,GAME/LARA.C,1313,LaraFallen,combat-camera-context,no,no,no
2146,0aaa76206517,MonkeySwingSnap,GAME/LARA.C,1358,TestLaraSlide,combat-camera-context,no,no,no
2147,0aaa76206517,MonkeySwingSnap,GAME/LARA.C,1364,lara_as_pulley,combat-camera-context,no,no,no
2148,0aaa76206517,MonkeySwingSnap,GAME/LARA.C,1404,ABS,combat-camera-context,no,no,no
2149,0aaa76206517,MonkeySwingSnap,GAME/LARA.C,1415,lara_col_turnswitch,combat-camera-context,no,no,no
2150,0aaa76206517,MonkeySwingSnap,GAME/LARA.C,1421,ANGLE,combat-camera-context,no,no,no
2151,0aaa76206517,MonkeySwingSnap,GAME/LARA.C,1429,ANGLE,combat-camera-context,no,no,no
2152,0aaa76206517,MonkeySwingSnap,GAME/LARA.C,1437,lara_as_controlledl,combat-camera-context,no,no,no
2153,0aaa76206517,MonkeySwingSnap,GAME/LARA.C,1444,lara_as_controlled,combat-camera-context,no,no,no
2154,0aaa76206517,MonkeySwingSnap,GAME/LARA.C,1457,lara_as_deathslide,combat-camera-context,no,no,no
2155,0aaa76206517,MonkeySwingSnap,GAME/LARA.C,1461,ANGLE,combat-camera-context,no,no,no
2156,0aaa76206517,MonkeySwingSnap,GAME/LARA.C,1463,GetHeight,combat-camera-context,no,no,no
2157,0aaa76206517,MonkeySwingSnap,GAME/LARA.C,1463,GetFloor,combat-camera-context,no,no,no
2158,0aaa76206517,MonkeySwingSnap,GAME/LARA.C,1472,AnimateLara,combat-camera-context,no,no,no
2159,0aaa76206517,MonkeySwingSnap,GAME/LARA.C,1482,lara_as_wade,combat-camera-context,no,no,no
2160,0aaa76206517,MonkeySwingSnap,GAME/LARA.C,1491,ANGLE,combat-camera-context,no,no,no
2161,0aaa76206517,MonkeySwingSnap,GAME/LARA.C,1496,ANGLE,combat-camera-context,no,no,no
2162,0aaa76206517,MonkeySwingSnap,GAME/LARA.C,1497,ANGLE,combat-camera-context,no,no,no
2163,0aaa76206517,MonkeySwingSnap,GAME/LARA.C,1499,ANGLE,combat-camera-context,no,no,no
2164,0aaa76206517,MonkeySwingSnap,GAME/LARA.C,1500,ANGLE,combat-camera-context,no,no,no
2165,0aaa76206517,MonkeySwingSnap,GAME/LARA.C,1501,ANGLE,combat-camera-context,no,no,no
2166,0aaa76206517,MonkeySwingSnap,GAME/LARA.C,1506,ANGLE,combat-camera-context,no,no,no
2167,0aaa76206517,MonkeySwingSnap,GAME/LARA.C,1507,ANGLE,combat-camera-context,no,no,no
2168,0aaa76206517,MonkeySwingSnap,GAME/LARA.C,1509,ANGLE,combat-camera-context,no,no,no
2169,0aaa76206517,MonkeySwingSnap,GAME/LARA.C,1510,ANGLE,combat-camera-context,no,no,no
2170,0aaa76206517,MonkeySwingSnap,GAME/LARA.C,1511,ANGLE,combat-camera-context,no,no,no
2171,0aaa76206517,MonkeySwingSnap,GAME/LARA.C,1527,lara_as_waterout,combat-camera-context,no,no,no
2172,0aaa76206517,MonkeySwingSnap,GAME/LARA.C,1534,lara_as_gymnast,combat-camera-context,no,no,no
2173,0aaa76206517,MonkeySwingSnap,GAME/LARA.C,1540,lara_as_fastdive,combat-camera-context,no,no,no
2174,0aaa76206517,MonkeySwingSnap,GAME/LARA.C,1549,lara_as_swandive,combat-camera-context,no,no,no
2175,0aaa76206517,MonkeySwingSnap,GAME/LARA.C,1557,lara_as_special,combat-camera-context,no,no,no
2176,0aaa76206517,MonkeySwingSnap,GAME/LARA.C,1560,ANGLE,combat-camera-context,no,no,no
2177,0aaa76206517,MonkeySwingSnap,GAME/LARA.C,1561,ANGLE,combat-camera-context,no,no,no
2178,0aaa76206517,MonkeySwingSnap,GAME/LARA.C,1564,lara_as_usepuzzle,combat-camera-context,no,no,no
2179,0aaa76206517,MonkeySwingSnap,GAME/LARA.C,1571,ANGLE,combat-camera-context,no,no,no
2180,0aaa76206517,MonkeySwingSnap,GAME/LARA.C,1572,ANGLE,combat-camera-context,no,no,no
2181,0aaa76206517,MonkeySwingSnap,GAME/LARA.C,1573,SECTOR,combat-camera-context,no,no,no
2182,0aaa76206517,MonkeySwingSnap,GAME/LARA.C,1586,lara_as_usekey,combat-camera-context,no,no,no
2183,0aaa76206517,MonkeySwingSnap,GAME/LARA.C,1591,ANGLE,combat-camera-context,no,no,no
2184,0aaa76206517,MonkeySwingSnap,GAME/LARA.C,1593,SECTOR,combat-camera-context,no,no,no
2185,0aaa76206517,MonkeySwingSnap,GAME/LARA.C,1596,lara_as_switchoff,combat-camera-context,no,no,no
2186,0aaa76206517,MonkeySwingSnap,GAME/LARA.C,1601,ANGLE,combat-camera-context,no,no,no
2187,0aaa76206517,MonkeySwingSnap,GAME/LARA.C,1602,ANGLE,combat-camera-context,no,no,no
2188,0aaa76206517,MonkeySwingSnap,GAME/LARA.C,1603,SECTOR,combat-camera-context,no,no,no
2189,0aaa76206517,MonkeySwingSnap,GAME/LARA.C,1607,lara_as_switchon,combat-camera-context,no,no,no
2190,0aaa76206517,MonkeySwingSnap,GAME/LARA.C,1612,ANGLE,combat-camera-context,no,no,no
2191,0aaa76206517,MonkeySwingSnap,GAME/LARA.C,1613,ANGLE,combat-camera-context,no,no,no
2192,0aaa76206517,MonkeySwingSnap,GAME/LARA.C,1614,SECTOR,combat-camera-context,no,no,no
2193,0aaa76206517,MonkeySwingSnap,GAME/LARA.C,1618,lara_as_pickupflare,combat-camera-context,no,no,no
2194,0aaa76206517,MonkeySwingSnap,GAME/LARA.C,1623,ANGLE,combat-camera-context,no,no,no
2195,0aaa76206517,MonkeySwingSnap,GAME/LARA.C,1624,ANGLE,combat-camera-context,no,no,no
2196,0aaa76206517,MonkeySwingSnap,GAME/LARA.C,1625,SECTOR,combat-camera-context,no,no,no
2197,0aaa76206517,MonkeySwingSnap,GAME/LARA.C,1630,lara_as_pickup,combat-camera-context,no,no,no
2198,0aaa76206517,MonkeySwingSnap,GAME/LARA.C,1635,ANGLE,combat-camera-context,no,no,no
2199,0aaa76206517,MonkeySwingSnap,GAME/LARA.C,1636,ANGLE,combat-camera-context,no,no,no
2200,0aaa76206517,MonkeySwingSnap,GAME/LARA.C,1637,SECTOR,combat-camera-context,no,no,no
2201,0aaa76206517,MonkeySwingSnap,GAME/LARA.C,1640,lara_as_ppready,combat-camera-context,no,no,no
2202,0aaa76206517,MonkeySwingSnap,GAME/LARA.C,1644,ANGLE,combat-camera-context,no,no,no
2203,0aaa76206517,MonkeySwingSnap,GAME/LARA.C,1649,lara_as_pullblock,combat-camera-context,no,no,no
2204,0aaa76206517,MonkeySwingSnap,GAME/LARA.C,1655,ANGLE,combat-camera-context,no,no,no
2205,0aaa76206517,MonkeySwingSnap,GAME/LARA.C,1659,lara_as_pushblock,combat-camera-context,no,no,no
2206,0aaa76206517,MonkeySwingSnap,GAME/LARA.C,1665,ANGLE,combat-camera-context,no,no,no
2207,0aaa76206517,MonkeySwingSnap,GAME/LARA.C,1669,lara_as_slideback,combat-camera-context,no,no,no
2208,0aaa76206517,MonkeySwingSnap,GAME/LARA.C,1677,lara_as_fallback,combat-camera-context,no,no,no
2209,0aaa76206517,MonkeySwingSnap,GAME/LARA.C,1687,lara_as_leftjump,combat-camera-context,no,no,no
2210,0aaa76206517,MonkeySwingSnap,GAME/LARA.C,1704,lara_as_rightjump,combat-camera-context,no,no,no
2211,0aaa76206517,MonkeySwingSnap,GAME/LARA.C,1721,lara_as_backjump,combat-camera-context,no,no,no
2212,0aaa76206517,MonkeySwingSnap,GAME/LARA.C,1723,ANGLE,combat-camera-context,no,no,no
2213,0aaa76206517,MonkeySwingSnap,GAME/LARA.C,1741,lara_as_slide,combat-camera-context,no,no,no
2214,0aaa76206517,MonkeySwingSnap,GAME/LARA.C,1749,lara_as_stepleft,combat-camera-context,no,no,no
2215,0aaa76206517,MonkeySwingSnap,GAME/LARA.C,1768,ANGLE,combat-camera-context,no,no,no
2216,0aaa76206517,MonkeySwingSnap,GAME/LARA.C,1769,ANGLE,combat-camera-context,no,no,no
2217,0aaa76206517,MonkeySwingSnap,GAME/LARA.C,1774,ANGLE,combat-camera-context,no,no,no
2218,0aaa76206517,MonkeySwingSnap,GAME/LARA.C,1775,ANGLE,combat-camera-context,no,no,no
2219,0aaa76206517,MonkeySwingSnap,GAME/LARA.C,1780,lara_as_stepright,combat-camera-context,no,no,no
2220,0aaa76206517,MonkeySwingSnap,GAME/LARA.C,1799,ANGLE,combat-camera-context,no,no,no
2221,0aaa76206517,MonkeySwingSnap,GAME/LARA.C,1800,ANGLE,combat-camera-context,no,no,no
2222,0aaa76206517,MonkeySwingSnap,GAME/LARA.C,1805,ANGLE,combat-camera-context,no,no,no
2223,0aaa76206517,MonkeySwingSnap,GAME/LARA.C,1806,ANGLE,combat-camera-context,no,no,no
2224,0aaa76206517,MonkeySwingSnap,GAME/LARA.C,1811,lara_col_fastturn,combat-camera-context,no,no,no
2225,0aaa76206517,MonkeySwingSnap,GAME/LARA.C,1813,lara_col_stop,combat-camera-context,no,no,no
2226,0aaa76206517,MonkeySwingSnap,GAME/LARA.C,1816,lara_as_fastturn,combat-camera-context,no,no,no
2227,0aaa76206517,MonkeySwingSnap,GAME/LARA.C,1827,ANGLE,combat-camera-context,no,no,no
2228,0aaa76206517,MonkeySwingSnap,GAME/LARA.C,1836,ANGLE,combat-camera-context,no,no,no
2229,0aaa76206517,MonkeySwingSnap,GAME/LARA.C,1845,lara_as_null,combat-camera-context,no,no,no
2230,0aaa76206517,MonkeySwingSnap,GAME/LARA.C,1852,lara_as_back,combat-camera-context,no,no,no
2231,0aaa76206517,MonkeySwingSnap,GAME/LARA.C,1871,ANGLE,combat-camera-context,no,no,no
2232,0aaa76206517,MonkeySwingSnap,GAME/LARA.C,1872,ANGLE,combat-camera-context,no,no,no
2233,0aaa76206517,MonkeySwingSnap,GAME/LARA.C,1877,ANGLE,combat-camera-context,no,no,no
2234,0aaa76206517,MonkeySwingSnap,GAME/LARA.C,1878,ANGLE,combat-camera-context,no,no,no
2235,0aaa76206517,MonkeySwingSnap,GAME/LARA.C,1883,lara_as_compress,combat-camera-context,no,no,no
2236,0aaa76206517,MonkeySwingSnap,GAME/LARA.C,1887,LaraFloorFront,combat-camera-context,no,no,no
2237,0aaa76206517,MonkeySwingSnap,GAME/LARA.C,1892,LaraFloorFront,combat-camera-context,no,no,no
2238,0aaa76206517,MonkeySwingSnap,GAME/LARA.C,1892,ANGLE,combat-camera-context,no,no,no
2239,0aaa76206517,MonkeySwingSnap,GAME/LARA.C,1895,ANGLE,combat-camera-context,no,no,no
2240,0aaa76206517,MonkeySwingSnap,GAME/LARA.C,1897,LaraFloorFront,combat-camera-context,no,no,no
2241,0aaa76206517,MonkeySwingSnap,GAME/LARA.C,1897,ANGLE,combat-camera-context,no,no,no
2242,0aaa76206517,MonkeySwingSnap,GAME/LARA.C,1900,ANGLE,combat-camera-context,no,no,no
2243,0aaa76206517,MonkeySwingSnap,GAME/LARA.C,1902,LaraFloorFront,combat-camera-context,no,no,no
2244,0aaa76206517,MonkeySwingSnap,GAME/LARA.C,1902,ANGLE,combat-camera-context,no,no,no
2245,0aaa76206517,MonkeySwingSnap,GAME/LARA.C,1905,ANGLE,combat-camera-context,no,no,no
2246,0aaa76206517,MonkeySwingSnap,GAME/LARA.C,1913,lara_as_splat,combat-camera-context,no,no,no
2247,0aaa76206517,MonkeySwingSnap,GAME/LARA.C,1918,lara_as_intcornerr,combat-camera-context,no,no,no
2248,0aaa76206517,MonkeySwingSnap,GAME/LARA.C,1921,ANGLE,combat-camera-context,no,no,no
2249,0aaa76206517,MonkeySwingSnap,GAME/LARA.C,1922,SetCornerAnim,combat-camera-context,no,no,no
2250,0aaa76206517,MonkeySwingSnap,GAME/LARA.C,1922,ANGLE,combat-camera-context,no,no,no
2251,0aaa76206517,MonkeySwingSnap,GAME/LARA.C,1927,lara_as_intcornerl,combat-camera-context,no,no,no
2252,0aaa76206517,MonkeySwingSnap,GAME/LARA.C,1930,ANGLE,combat-camera-context,no,no,no
2253,0aaa76206517,MonkeySwingSnap,GAME/LARA.C,1931,SetCornerAnim,combat-camera-context,no,no,no
2254,0aaa76206517,MonkeySwingSnap,GAME/LARA.C,1931,ANGLE,combat-camera-context,no,no,no
2255,0aaa76206517,MonkeySwingSnap,GAME/LARA.C,1936,lara_as_extcornerr,combat-camera-context,no,no,no
2256,0aaa76206517,MonkeySwingSnap,GAME/LARA.C,1939,ANGLE,combat-camera-context,no,no,no
2257,0aaa76206517,MonkeySwingSnap,GAME/LARA.C,1940,SetCornerAnim,combat-camera-context,no,no,no
2258,0aaa76206517,MonkeySwingSnap,GAME/LARA.C,1940,ANGLE,combat-camera-context,no,no,no
2259,0aaa76206517,MonkeySwingSnap,GAME/LARA.C,1945,lara_as_extcornerl,combat-camera-context,no,no,no
2260,0aaa76206517,MonkeySwingSnap,GAME/LARA.C,1948,ANGLE,combat-camera-context,no,no,no
2261,0aaa76206517,MonkeySwingSnap,GAME/LARA.C,1949,SetCornerAnim,combat-camera-context,no,no,no
2262,0aaa76206517,MonkeySwingSnap,GAME/LARA.C,1949,ANGLE,combat-camera-context,no,no,no
2263,0aaa76206517,MonkeySwingSnap,GAME/LARA.C,1954,SetCornerAnim,combat-camera-context,no,no,no
2264,0aaa76206517,MonkeySwingSnap,GAME/LARA.C,2004,lara_col_hangright,combat-camera-context,no,no,no
2265,0aaa76206517,MonkeySwingSnap,GAME/LARA.C,2006,ANGLE,combat-camera-context,no,no,no
2266,0aaa76206517,MonkeySwingSnap,GAME/LARA.C,2008,LaraHangTest,combat-camera-context,no,no,no
2267,0aaa76206517,MonkeySwingSnap,GAME/LARA.C,2009,ANGLE,combat-camera-context,no,no,no
2268,0aaa76206517,MonkeySwingSnap,GAME/LARA.C,2012,lara_as_hangright,combat-camera-context,no,no,no
2269,0aaa76206517,MonkeySwingSnap,GAME/LARA.C,2017,ANGLE,combat-camera-context,no,no,no
2270,0aaa76206517,MonkeySwingSnap,GAME/LARA.C,2022,lara_col_hangleft,combat-camera-context,no,no,no
2271,0aaa76206517,MonkeySwingSnap,GAME/LARA.C,2024,ANGLE,combat-camera-context,no,no,no
2272,0aaa76206517,MonkeySwingSnap,GAME/LARA.C,2026,LaraHangTest,combat-camera-context,no,no,no
2273,0aaa76206517,MonkeySwingSnap,GAME/LARA.C,2027,ANGLE,combat-camera-context,no,no,no
2274,0aaa76206517,MonkeySwingSnap,GAME/LARA.C,2030,lara_as_hangleft,combat-camera-context,no,no,no
2275,0aaa76206517,MonkeySwingSnap,GAME/LARA.C,2035,ANGLE,combat-camera-context,no,no,no
2276,0aaa76206517,MonkeySwingSnap,GAME/LARA.C,2040,lara_col_hang,combat-camera-context,no,no,no
2277,0aaa76206517,MonkeySwingSnap,GAME/LARA.C,2051,CanLaraHangSideways,combat-camera-context,no,no,no
2278,0aaa76206517,MonkeySwingSnap,GAME/LARA.C,2051,ANGLE,combat-camera-context,no,no,no
2279,0aaa76206517,MonkeySwingSnap,GAME/LARA.C,2058,LaraHangLeftCornerTest,combat-camera-context,no,no,no
2280,0aaa76206517,MonkeySwingSnap,GAME/LARA.C,2072,CanLaraHangSideways,combat-camera-context,no,no,no
2281,0aaa76206517,MonkeySwingSnap,GAME/LARA.C,2072,ANGLE,combat-camera-context,no,no,no
2282,0aaa76206517,MonkeySwingSnap,GAME/LARA.C,2079,LaraHangLeftCornerTest,combat-camera-context,no,no,no
2283,0aaa76206517,MonkeySwingSnap,GAME/LARA.C,2094,LaraHangTest,combat-camera-context,no,no,no
2284,0aaa76206517,MonkeySwingSnap,GAME/LARA.C,2098,TestForObjectOnLedge,combat-camera-context,no,no,no
2285,0aaa76206517,MonkeySwingSnap,GAME/LARA.C,2109,ABS,combat-camera-context,no,no,no
2286,0aaa76206517,MonkeySwingSnap,GAME/LARA.C,2134,ABS,combat-camera-context,no,no,no
2287,0aaa76206517,MonkeySwingSnap,GAME/LARA.C,2157,ABS,combat-camera-context,no,no,no
2288,0aaa76206517,MonkeySwingSnap,GAME/LARA.C,2159,LaraTestClimbStance,combat-camera-context,no,no,no
2289,0aaa76206517,MonkeySwingSnap,GAME/LARA.C,2180,LaraTestClimbStance,combat-camera-context,no,no,no
2290,0aaa76206517,MonkeySwingSnap,GAME/LARA.C,2196,lara_as_hang,combat-camera-context,no,no,no
2291,0aaa76206517,MonkeySwingSnap,GAME/LARA.C,2208,LookUpDown,combat-camera-context,no,no,no
2292,0aaa76206517,MonkeySwingSnap,GAME/LARA.C,2214,ANGLE,combat-camera-context,no,no,no
2293,0aaa76206517,MonkeySwingSnap,GAME/LARA.C,2217,CanLaraHangSideways,combat-camera-context,no,no,no
2294,0aaa76206517,MonkeySwingSnap,GAME/LARA.C,2227,ANGLE,combat-camera-context,no,no,no
2295,0aaa76206517,MonkeySwingSnap,GAME/LARA.C,2227,ANGLE,combat-camera-context,no,no,no
2296,0aaa76206517,MonkeySwingSnap,GAME/LARA.C,2248,LaraHangTest,combat-camera-context,no,no,no
2297,0aaa76206517,MonkeySwingSnap,GAME/LARA.C,2258,lara_void_func,combat-camera-context,no,no,no
2298,0aaa76206517,MonkeySwingSnap,GAME/LARA.C,2263,lara_as_fastfall,combat-camera-context,no,no,no
2299,0aaa76206517,MonkeySwingSnap,GAME/LARA.C,2267,SoundEffect,combat-camera-context,no,no,no
2300,0aaa76206517,MonkeySwingSnap,GAME/LARA.C,2270,lara_as_death,combat-camera-context,no,no,no
2301,0aaa76206517,MonkeySwingSnap,GAME/LARA.C,2279,AlterFOV,combat-camera-context,no,no,no
2302,0aaa76206517,MonkeySwingSnap,GAME/LARA.C,2279,ANGLE,combat-camera-context,no,no,no
2303,0aaa76206517,MonkeySwingSnap,GAME/LARA.C,2285,lara_as_turn_l,combat-camera-context,no,no,no
2304,0aaa76206517,MonkeySwingSnap,GAME/LARA.C,2298,ANGLE,combat-camera-context,no,no,no
2305,0aaa76206517,MonkeySwingSnap,GAME/LARA.C,2301,ANGLE,combat-camera-context,no,no,no
2306,0aaa76206517,MonkeySwingSnap,GAME/LARA.C,2333,lara_as_turn_r,combat-camera-context,no,no,no
2307,0aaa76206517,MonkeySwingSnap,GAME/LARA.C,2346,ANGLE,combat-camera-context,no,no,no
2308,0aaa76206517,MonkeySwingSnap,GAME/LARA.C,2349,ANGLE,combat-camera-context,no,no,no
2309,0aaa76206517,MonkeySwingSnap,GAME/LARA.C,2381,lara_as_fastback,combat-camera-context,no,no,no
2310,0aaa76206517,MonkeySwingSnap,GAME/LARA.C,2387,ANGLE,combat-camera-context,no,no,no
2311,0aaa76206517,MonkeySwingSnap,GAME/LARA.C,2388,ANGLE,combat-camera-context,no,no,no
2312,0aaa76206517,MonkeySwingSnap,GAME/LARA.C,2393,ANGLE,combat-camera-context,no,no,no
2313,0aaa76206517,MonkeySwingSnap,GAME/LARA.C,2394,ANGLE,combat-camera-context,no,no,no
2314,0aaa76206517,MonkeySwingSnap,GAME/LARA.C,2398,lara_as_run,combat-camera-context,no,no,no
2315,0aaa76206517,MonkeySwingSnap,GAME/LARA.C,2444,ANGLE,combat-camera-context,no,no,no
2316,0aaa76206517,MonkeySwingSnap,GAME/LARA.C,2445,ANGLE,combat-camera-context,no,no,no
2317,0aaa76206517,MonkeySwingSnap,GAME/LARA.C,2447,ANGLE,combat-camera-context,no,no,no
2318,0aaa76206517,MonkeySwingSnap,GAME/LARA.C,2448,ANGLE,combat-camera-context,no,no,no
2319,0aaa76206517,MonkeySwingSnap,GAME/LARA.C,2449,ANGLE,combat-camera-context,no,no,no
2320,0aaa76206517,MonkeySwingSnap,GAME/LARA.C,2454,ANGLE,combat-camera-context,no,no,no
2321,0aaa76206517,MonkeySwingSnap,GAME/LARA.C,2455,ANGLE,combat-camera-context,no,no,no
2322,0aaa76206517,MonkeySwingSnap,GAME/LARA.C,2457,ANGLE,combat-camera-context,no,no,no
2323,0aaa76206517,MonkeySwingSnap,GAME/LARA.C,2458,ANGLE,combat-camera-context,no,no,no
2324,0aaa76206517,MonkeySwingSnap,GAME/LARA.C,2459,ANGLE,combat-camera-context,no,no,no
2325,0aaa76206517,MonkeySwingSnap,GAME/LARA.C,2498,lara_as_walk,combat-camera-context,no,no,no
2326,0aaa76206517,MonkeySwingSnap,GAME/LARA.C,2512,ANGLE,combat-camera-context,no,no,no
2327,0aaa76206517,MonkeySwingSnap,GAME/LARA.C,2513,ANGLE,combat-camera-context,no,no,no
2328,0aaa76206517,MonkeySwingSnap,GAME/LARA.C,2518,ANGLE,combat-camera-context,no,no,no
2329,0aaa76206517,MonkeySwingSnap,GAME/LARA.C,2519,ANGLE,combat-camera-context,no,no,no
2330,0aaa76206517,MonkeySwingSnap,GAME/LARA.C,2544,lara_col_reach,combat-camera-context,no,no,no
2331,0aaa76206517,MonkeySwingSnap,GAME/LARA.C,2570,GetLaraCollisionInfo,combat-camera-context,no,no,no
2332,0aaa76206517,MonkeySwingSnap,GAME/LARA.C,2579,SetupPadVibration,combat-camera-context,no,no,no
2333,0aaa76206517,MonkeySwingSnap,GAME/LARA.C,2610,LaraTestEdgeCatch,combat-camera-context,no,no,no
2334,0aaa76206517,MonkeySwingSnap,GAME/LARA.C,2614,LaraTestHangOnClimbWall,combat-camera-context,no,no,no
2335,0aaa76206517,MonkeySwingSnap,GAME/LARA.C,2617,ANGLE,combat-camera-context,no,no,no
2336,0aaa76206517,MonkeySwingSnap,GAME/LARA.C,2619,ANGLE,combat-camera-context,no,no,no
2337,0aaa76206517,MonkeySwingSnap,GAME/LARA.C,2641,SetupPadVibration,combat-camera-context,no,no,no
2338,0aaa76206517,MonkeySwingSnap,GAME/LARA.C,2644,TestHangSwingIn,combat-camera-context,no,no,no
2339,0aaa76206517,MonkeySwingSnap,GAME/LARA.C,2667,GetBoundsAccurate,combat-camera-context,no,no,no
2340,0aaa76206517,MonkeySwingSnap,GAME/LARA.C,2678,ANGLE,combat-camera-context,no,no,no
2341,0aaa76206517,MonkeySwingSnap,GAME/LARA.C,2718,LaraSlideEdgeJump,combat-camera-context,no,no,no
2342,0aaa76206517,MonkeySwingSnap,GAME/LARA.C,2719,GetLaraCollisionInfo,combat-camera-context,no,no,no
2343,0aaa76206517,MonkeySwingSnap,GAME/LARA.C,2720,ShiftItem,combat-camera-context,no,no,no
2344,0aaa76206517,MonkeySwingSnap,GAME/LARA.C,2726,LaraLandedBad,combat-camera-context,no,no,no
2345,0aaa76206517,MonkeySwingSnap,GAME/LARA.C,2757,GetLaraCollisionInfo,combat-camera-context,no,no,no
2346,0aaa76206517,MonkeySwingSnap,GAME/LARA.C,2788,LaraTestEdgeCatch,combat-camera-context,no,no,no
2347,0aaa76206517,MonkeySwingSnap,GAME/LARA.C,2790,LaraTestHangOnClimbWall,combat-camera-context,no,no,no
2348,0aaa76206517,MonkeySwingSnap,GAME/LARA.C,2794,ABS,combat-camera-context,no,no,no
2349,0aaa76206517,MonkeySwingSnap,GAME/LARA.C,2794,ANGLE,combat-camera-context,no,no,no
2350,0aaa76206517,MonkeySwingSnap,GAME/LARA.C,2800,ANGLE,combat-camera-context,no,no,no
2351,0aaa76206517,MonkeySwingSnap,GAME/LARA.C,2804,ANGLE,combat-camera-context,no,no,no
2352,0aaa76206517,MonkeySwingSnap,GAME/LARA.C,2809,ANGLE,combat-camera-context,no,no,no
2353,0aaa76206517,MonkeySwingSnap,GAME/LARA.C,2821,TestHangSwingIn,combat-camera-context,no,no,no
2354,0aaa76206517,MonkeySwingSnap,GAME/LARA.C,2843,GetBoundsAccurate,combat-camera-context,no,no,no
2355,0aaa76206517,MonkeySwingSnap,GAME/LARA.C,2853,ANGLE,combat-camera-context,no,no,no
2356,0aaa76206517,MonkeySwingSnap,GAME/LARA.C,2853,ANGLE,combat-camera-context,no,no,no
2357,0aaa76206517,MonkeySwingSnap,GAME/LARA.C,2890,lara_as_reach,combat-camera-context,no,no,no
2358,0aaa76206517,MonkeySwingSnap,GAME/LARA.C,2892,ANGLE,combat-camera-context,no,no,no
2359,0aaa76206517,MonkeySwingSnap,GAME/LARA.C,2897,lara_col_forwardjump,combat-camera-context,no,no,no
2360,0aaa76206517,MonkeySwingSnap,GAME/LARA.C,2900,ANGLE,combat-camera-context,no,no,no
2361,0aaa76206517,MonkeySwingSnap,GAME/LARA.C,2908,GetLaraCollisionInfo,combat-camera-context,no,no,no
2362,0aaa76206517,MonkeySwingSnap,GAME/LARA.C,2909,LaraDeflectEdgeJump,combat-camera-context,no,no,no
2363,0aaa76206517,MonkeySwingSnap,GAME/LARA.C,2916,LaraLandedBad,combat-camera-context,no,no,no
2364,0aaa76206517,MonkeySwingSnap,GAME/LARA.C,2938,lara_as_forwardjump,combat-camera-context,no,no,no
2365,0aaa76206517,MonkeySwingSnap,GAME/LARA.C,2974,ANGLE,combat-camera-context,no,no,no
2366,0aaa76206517,MonkeySwingSnap,GAME/LARA.C,2976,ANGLE,combat-camera-context,no,no,no
2367,0aaa76206517,MonkeySwingSnap,GAME/LARA.C,2983,ANGLE,combat-camera-context,no,no,no
2368,0aaa76206517,MonkeySwingSnap,GAME/LARA.C,2985,ANGLE,combat-camera-context,no,no,no
2369,0aaa76206517,MonkeySwingSnap,GAME/LARA.C,2990,lara_col_upjump,combat-camera-context,no,no,no
2370,0aaa76206517,MonkeySwingSnap,GAME/LARA.C,3005,ANGLE,combat-camera-context,no,no,no
2371,0aaa76206517,MonkeySwingSnap,GAME/LARA.C,3010,GetCollisionInfo,combat-camera-context,no,no,no
2372,0aaa76206517,MonkeySwingSnap,GAME/LARA.C,3029,MonkeySwingSnap,combat-camera-context,no,no,no
2373,0aaa76206517,MonkeySwingSnap,GAME/LARA.C,3037,LaraTestEdgeCatch,combat-camera-context,no,no,no
2374,0aaa76206517,MonkeySwingSnap,GAME/LARA.C,3041,LaraTestHangOnClimbWall,combat-camera-context,no,no,no
2375,0aaa76206517,MonkeySwingSnap,GAME/LARA.C,3045,ABS,combat-camera-context,no,no,no
2376,0aaa76206517,MonkeySwingSnap,GAME/LARA.C,3045,ANGLE,combat-camera-context,no,no,no
2377,0aaa76206517,MonkeySwingSnap,GAME/LARA.C,3051,ANGLE,combat-camera-context,no,no,no
2378,0aaa76206517,MonkeySwingSnap,GAME/LARA.C,3055,ANGLE,combat-camera-context,no,no,no
2379,0aaa76206517,MonkeySwingSnap,GAME/LARA.C,3060,ANGLE,combat-camera-context,no,no,no
2380,0aaa76206517,MonkeySwingSnap,GAME/LARA.C,3072,TestHangSwingIn,combat-camera-context,no,no,no
2381,0aaa76206517,MonkeySwingSnap,GAME/LARA.C,3089,GetBoundsAccurate,combat-camera-context,no,no,no
2382,0aaa76206517,MonkeySwingSnap,GAME/LARA.C,3118,ShiftItem,combat-camera-context,no,no,no
2383,0aaa76206517,MonkeySwingSnap,GAME/LARA.C,3149,LaraLandedBad,combat-camera-context,no,no,no
2384,0aaa76206517,MonkeySwingSnap,GAME/LARA.C,3161,lara_as_upjump,combat-camera-context,no,no,no
2385,0aaa76206517,MonkeySwingSnap,GAME/LARA.C,3169,lara_col_stop,combat-camera-context,no,no,no
2386,0aaa76206517,MonkeySwingSnap,GAME/LARA.C,3183,GetLaraCollisionInfo,combat-camera-context,no,no,no
2387,0aaa76206517,MonkeySwingSnap,GAME/LARA.C,3185,LaraHitCeiling,combat-camera-context,no,no,no
2388,0aaa76206517,MonkeySwingSnap,GAME/LARA.C,3187,LaraFallen,combat-camera-context,no,no,no
2389,0aaa76206517,MonkeySwingSnap,GAME/LARA.C,3189,TestLaraSlide,combat-camera-context,no,no,no
2390,0aaa76206517,MonkeySwingSnap,GAME/LARA.C,3191,ShiftItem,combat-camera-context,no,no,no
2391,0aaa76206517,MonkeySwingSnap,GAME/LARA.C,3200,lara_as_stop,combat-camera-context,no,no,no
2392,0aaa76206517,MonkeySwingSnap,GAME/LARA.C,3214,StopSoundEffect,combat-camera-context,no,no,no
2393,0aaa76206517,MonkeySwingSnap,GAME/LARA.C,3246,LookUpDown,combat-camera-context,no,no,no
2394,0aaa76206517,MonkeySwingSnap,GAME/LARA.C,3251,LaraFloorFront,combat-camera-context,no,no,no
2395,0aaa76206517,MonkeySwingSnap,GAME/LARA.C,3255,LaraFloorFront,combat-camera-context,no,no,no
2396,0aaa76206517,MonkeySwingSnap,GAME/LARA.C,3255,ANGLE,combat-camera-context,no,no,no
2397,0aaa76206517,MonkeySwingSnap,GAME/LARA.C,3260,ABS,combat-camera-context,no,no,no
2398,0aaa76206517,MonkeySwingSnap,GAME/LARA.C,3260,LaraFloorFront,combat-camera-context,no,no,no
2399,0aaa76206517,MonkeySwingSnap,GAME/LARA.C,3260,ANGLE,combat-camera-context,no,no,no
2400,0aaa76206517,MonkeySwingSnap,GAME/LARA.C,3262,LaraCeilingFront,combat-camera-context,no,no,no
2401,0aaa76206517,MonkeySwingSnap,GAME/LARA.C,3262,ANGLE,combat-camera-context,no,no,no
2402,0aaa76206517,MonkeySwingSnap,GAME/LARA.C,3269,ABS,combat-camera-context,no,no,no
2403,0aaa76206517,MonkeySwingSnap,GAME/LARA.C,3269,LaraFloorFront,combat-camera-context,no,no,no
2404,0aaa76206517,MonkeySwingSnap,GAME/LARA.C,3269,ANGLE,combat-camera-context,no,no,no
2405,0aaa76206517,MonkeySwingSnap,GAME/LARA.C,3271,LaraCeilingFront,combat-camera-context,no,no,no
2406,0aaa76206517,MonkeySwingSnap,GAME/LARA.C,3271,ANGLE,combat-camera-context,no,no,no
2407,0aaa76206517,MonkeySwingSnap,GAME/LARA.C,3294,ABS,combat-camera-context,no,no,no
2408,0aaa76206517,MonkeySwingSnap,GAME/LARA.C,3305,GetLaraCollisionInfo,combat-camera-context,no,no,no
2409,0aaa76206517,MonkeySwingSnap,GAME/LARA.C,3306,TestLaraVault,combat-camera-context,no,no,no
2410,0aaa76206517,MonkeySwingSnap,GAME/LARA.C,3311,lara_as_wade,combat-camera-context,no,no,no
2411,0aaa76206517,MonkeySwingSnap,GAME/LARA.C,3314,ABS,combat-camera-context,no,no,no
2412,0aaa76206517,MonkeySwingSnap,GAME/LARA.C,3316,lara_as_back,combat-camera-context,no,no,no
2413,0aaa76206517,MonkeySwingSnap,GAME/LARA.C,3325,LaraCeilingFront,combat-camera-context,no,no,no
2414,0aaa76206517,MonkeySwingSnap,GAME/LARA.C,3326,LaraFloorFront,combat-camera-context,no,no,no
2415,0aaa76206517,MonkeySwingSnap,GAME/LARA.C,3338,lara_as_walk,combat-camera-context,no,no,no
2416,0aaa76206517,MonkeySwingSnap,GAME/LARA.C,3340,lara_as_run,combat-camera-context,no,no,no
2417,0aaa76206517,MonkeySwingSnap,GAME/LARA.C,3353,GetLaraCollisionInfo,combat-camera-context,no,no,no
2418,0aaa76206517,MonkeySwingSnap,GAME/LARA.C,3355,TestLaraVault,combat-camera-context,no,no,no
2419,0aaa76206517,MonkeySwingSnap,GAME/LARA.C,3367,ABS,combat-camera-context,no,no,no
2420,0aaa76206517,MonkeySwingSnap,GAME/LARA.C,3368,lara_as_back,combat-camera-context,no,no,no
2421,0aaa76206517,MonkeySwingSnap,GAME/LARA.C,3377,lara_as_climbroped,combat-camera-context,no,no,no
2422,0aaa76206517,MonkeySwingSnap,GAME/LARA.C,3379,LaraClimbRope,combat-camera-context,no,no,no
2423,0aaa76206517,MonkeySwingSnap,GAME/LARA.C,3382,lara_as_climbrope,combat-camera-context,no,no,no
2424,0aaa76206517,MonkeySwingSnap,GAME/LARA.C,3386,FallFromRope,combat-camera-context,no,no,no
2425,0aaa76206517,MonkeySwingSnap,GAME/LARA.C,3390,ANGLE,combat-camera-context,no,no,no
2426,0aaa76206517,MonkeySwingSnap,GAME/LARA.C,3404,lara_col_ropefwd,combat-camera-context,no,no,no
2427,0aaa76206517,MonkeySwingSnap,GAME/LARA.C,3406,SECTOR,combat-camera-context,no,no,no
2428,0aaa76206517,MonkeySwingSnap,GAME/LARA.C,3408,UpdateRopeSwing,combat-camera-context,no,no,no
2429,0aaa76206517,MonkeySwingSnap,GAME/LARA.C,3416,ABS,combat-camera-context,no,no,no
2430,0aaa76206517,MonkeySwingSnap,GAME/LARA.C,3417,ABS,combat-camera-context,no,no,no
2431,0aaa76206517,MonkeySwingSnap,GAME/LARA.C,3421,ApplyVelocityToRope,combat-camera-context,no,no,no
2432,0aaa76206517,MonkeySwingSnap,GAME/LARA.C,3422,ANGLE,combat-camera-context,no,no,no
2433,0aaa76206517,MonkeySwingSnap,GAME/LARA.C,3454,JumpOffRope,combat-camera-context,no,no,no
2434,0aaa76206517,MonkeySwingSnap,GAME/LARA.C,3458,ApplyVelocityToRope,combat-camera-context,no,no,no
2435,0aaa76206517,MonkeySwingSnap,GAME/LARA.C,3462,lara_as_roper,combat-camera-context,no,no,no
2436,0aaa76206517,MonkeySwingSnap,GAME/LARA.C,3477,FallFromRope,combat-camera-context,no,no,no
2437,0aaa76206517,MonkeySwingSnap,GAME/LARA.C,3481,lara_as_ropel,combat-camera-context,no,no,no
2438,0aaa76206517,MonkeySwingSnap,GAME/LARA.C,3496,FallFromRope,combat-camera-context,no,no,no
2439,0aaa76206517,MonkeySwingSnap,GAME/LARA.C,3500,lara_col_rope,combat-camera-context,no,no,no
2440,0aaa76206517,MonkeySwingSnap,GAME/LARA.C,3504,UpdateRopeSwing,combat-camera-context,no,no,no
2441,0aaa76206517,MonkeySwingSnap,GAME/LARA.C,3535,FallFromRope,combat-camera-context,no,no,no
2442,0aaa76206517,MonkeySwingSnap,GAME/LARA.C,3539,lara_as_rope,combat-camera-context,no,no,no
2443,0aaa76206517,MonkeySwingSnap,GAME/LARA.C,3542,FallFromRope,combat-camera-context,no,no,no
2444,0aaa76206517,MonkeySwingSnap,GAME/LARA.C,3545,LookUpDown,combat-camera-context,no,no,no
2445,0aaa76206517,MonkeySwingSnap,GAME/LARA.C,3548,ApplyVelocityToRope,combat-camera-context,no,no,no
2446,0aaa76206517,MonkeySwingSnap,GAME/LARA.C,3550,SetPendulumVelocity,combat-camera-context,no,no,no
2447,0aaa76206517,MonkeySwingSnap,GAME/LARA.C,3551,SIN,combat-camera-context,no,no,no
2448,0aaa76206517,MonkeySwingSnap,GAME/LARA.C,3553,COS,combat-camera-context,no,no,no
2449,0aaa76206517,MonkeySwingSnap,GAME/LARA.C,3556,UpdateRopeSwing,combat-camera-context,no,no,no
2450,0aaa76206517,MonkeySwingSnap,GAME/LARA.C,3558,UNIMPLEMENTED,combat-camera-context,no,no,no
2451,0aaa76206517,MonkeySwingSnap,GAME/LARA.C,3561,JumpOffRope,combat-camera-context,no,no,no
2452,0aaa76206517,MonkeySwingSnap,GAME/LARA.C,3603,FallFromRope,combat-camera-context,no,no,no
2453,0aaa76206517,MonkeySwingSnap,GAME/LARA.C,3605,ABS,combat-camera-context,no,no,no
2454,0aaa76206517,MonkeySwingSnap,GAME/LARA.C,3605,ABS,combat-camera-context,no,no,no
2455,0aaa76206517,MonkeySwingSnap,GAME/LARA.C,3621,lara_col_poledown,combat-camera-context,no,no,no
2456,0aaa76206517,MonkeySwingSnap,GAME/LARA.C,3627,LookUpDown,combat-camera-context,no,no,no
2457,0aaa76206517,MonkeySwingSnap,GAME/LARA.C,3643,GetLaraCollisionInfo,combat-camera-context,no,no,no
2458,0aaa76206517,MonkeySwingSnap,GAME/LARA.C,3649,GetHeight,combat-camera-context,no,no,no
2459,0aaa76206517,MonkeySwingSnap,GAME/LARA.C,3649,GetFloor,combat-camera-context,no,no,no
2460,0aaa76206517,MonkeySwingSnap,GAME/LARA.C,3675,SoundEffect,combat-camera-context,no,no,no
2461,0aaa76206517,MonkeySwingSnap,GAME/LARA.C,3677,CLAMP,combat-camera-context,no,no,no
2462,0aaa76206517,MonkeySwingSnap,GAME/LARA.C,3677,ANGLE,combat-camera-context,no,no,no
2463,0aaa76206517,MonkeySwingSnap,GAME/LARA.C,3682,lara_col_poleup,combat-camera-context,no,no,no
2464,0aaa76206517,MonkeySwingSnap,GAME/LARA.C,3690,LookUpDown,combat-camera-context,no,no,no
2465,0aaa76206517,MonkeySwingSnap,GAME/LARA.C,3698,GetCeiling,combat-camera-context,no,no,no
2466,0aaa76206517,MonkeySwingSnap,GAME/LARA.C,3698,GetFloor,combat-camera-context,no,no,no
2467,0aaa76206517,MonkeySwingSnap,GAME/LARA.C,3699,SECTOR,combat-camera-context,no,no,no
2468,0aaa76206517,MonkeySwingSnap,GAME/LARA.C,3703,lara_as_poleright,combat-camera-context,no,no,no
2469,0aaa76206517,MonkeySwingSnap,GAME/LARA.C,3713,lara_as_poleleft,combat-camera-context,no,no,no
2470,0aaa76206517,MonkeySwingSnap,GAME/LARA.C,3723,lara_col_polestat,combat-camera-context,no,no,no
2471,0aaa76206517,MonkeySwingSnap,GAME/LARA.C,3749,GetLaraCollisionInfo,combat-camera-context,no,no,no
2472,0aaa76206517,MonkeySwingSnap,GAME/LARA.C,3765,LookUpDown,combat-camera-context,no,no,no
2473,0aaa76206517,MonkeySwingSnap,GAME/LARA.C,3771,GetCeiling,combat-camera-context,no,no,no
2474,0aaa76206517,MonkeySwingSnap,GAME/LARA.C,3771,GetFloor,combat-camera-context,no,no,no
2475,0aaa76206517,MonkeySwingSnap,GAME/LARA.C,3772,SECTOR,combat-camera-context,no,no,no
2476,0aaa76206517,MonkeySwingSnap,GAME/LARA.C,3793,SIN,combat-camera-context,no,no,no
2477,0aaa76206517,MonkeySwingSnap,GAME/LARA.C,3794,COS,combat-camera-context,no,no,no
2478,0aaa76206517,MonkeySwingSnap,GAME/LARA.C,3799,lara_col_monkey180,combat-camera-context,no,no,no
2479,0aaa76206517,MonkeySwingSnap,GAME/LARA.C,3801,lara_col_monkeyswing,combat-camera-context,no,no,no
2480,0aaa76206517,MonkeySwingSnap,GAME/LARA.C,3804,lara_as_monkey180,combat-camera-context,no,no,no
2481,0aaa76206517,MonkeySwingSnap,GAME/LARA.C,3811,lara_as_hangturnr,combat-camera-context,no,no,no
2482,0aaa76206517,MonkeySwingSnap,GAME/LARA.C,3817,ANGLE,combat-camera-context,no,no,no
2483,0aaa76206517,MonkeySwingSnap,GAME/LARA.C,3824,lara_col_hangturnlr,combat-camera-context,no,no,no
2484,0aaa76206517,MonkeySwingSnap,GAME/LARA.C,3838,GetCollisionInfo,combat-camera-context,no,no,no
2485,0aaa76206517,MonkeySwingSnap,GAME/LARA.C,3839,MonkeySwingSnap,combat-camera-context,no,no,no
2486,0aaa76206517,MonkeySwingSnap,GAME/LARA.C,3843,MonkeySwingFall,combat-camera-context,no,no,no
2487,0aaa76206517,MonkeySwingSnap,GAME/LARA.C,3847,lara_as_hangturnl,combat-camera-context,no,no,no
2488,0aaa76206517,MonkeySwingSnap,GAME/LARA.C,3853,ANGLE,combat-camera-context,no,no,no
2489,0aaa76206517,MonkeySwingSnap,GAME/LARA.C,3860,lara_col_monkeyr,combat-camera-context,no,no,no
2490,0aaa76206517,MonkeySwingSnap,GAME/LARA.C,3864,TestMonkeyRight,combat-camera-context,no,no,no
2491,0aaa76206517,MonkeySwingSnap,GAME/LARA.C,3866,MonkeySwingSnap,combat-camera-context,no,no,no
2492,0aaa76206517,MonkeySwingSnap,GAME/LARA.C,3878,MonkeySwingFall,combat-camera-context,no,no,no
2493,0aaa76206517,MonkeySwingSnap,GAME/LARA.C,3882,lara_as_monkeyr,combat-camera-context,no,no,no
2494,0aaa76206517,MonkeySwingSnap,GAME/LARA.C,3900,ANGLE,combat-camera-context,no,no,no
2495,0aaa76206517,MonkeySwingSnap,GAME/LARA.C,3905,ANGLE,combat-camera-context,no,no,no
2496,0aaa76206517,MonkeySwingSnap,GAME/LARA.C,3909,lara_col_monkeyl,combat-camera-context,no,no,no
2497,0aaa76206517,MonkeySwingSnap,GAME/LARA.C,3913,TestMonkeyLeft,combat-camera-context,no,no,no
2498,0aaa76206517,MonkeySwingSnap,GAME/LARA.C,3915,MonkeySwingSnap,combat-camera-context,no,no,no
2499,0aaa76206517,MonkeySwingSnap,GAME/LARA.C,3927,MonkeySwingFall,combat-camera-context,no,no,no
2500,0aaa76206517,MonkeySwingSnap,GAME/LARA.C,3931,lara_as_monkeyl,combat-camera-context,no,no,no
2501,0aaa76206517,MonkeySwingSnap,GAME/LARA.C,3949,ANGLE,combat-camera-context,no,no,no
2502,0aaa76206517,MonkeySwingSnap,GAME/LARA.C,3954,ANGLE,combat-camera-context,no,no,no
2503,0aaa76206517,MonkeySwingSnap,GAME/LARA.C,3958,lara_col_monkeyswing,combat-camera-context,no,no,no
2504,0aaa76206517,MonkeySwingSnap,GAME/LARA.C,3974,GetCollisionInfo,combat-camera-context,no,no,no
2505,0aaa76206517,MonkeySwingSnap,GAME/LARA.C,3977,ABS,combat-camera-context,no,no,no
2506,0aaa76206517,MonkeySwingSnap,GAME/LARA.C,3987,ABS,combat-camera-context,no,no,no
2507,0aaa76206517,MonkeySwingSnap,GAME/LARA.C,3989,ABS,combat-camera-context,no,no,no
2508,0aaa76206517,MonkeySwingSnap,GAME/LARA.C,3991,ShiftItem,combat-camera-context,no,no,no
2509,0aaa76206517,MonkeySwingSnap,GAME/LARA.C,3992,ANGLE,combat-camera-context,no,no,no
2510,0aaa76206517,MonkeySwingSnap,GAME/LARA.C,3997,ShiftItem,combat-camera-context,no,no,no
2511,0aaa76206517,MonkeySwingSnap,GAME/LARA.C,3998,ANGLE,combat-camera-context,no,no,no
2512,0aaa76206517,MonkeySwingSnap,GAME/LARA.C,4001,ANGLE,combat-camera-context,no,no,no
2513,0aaa76206517,MonkeySwingSnap,GAME/LARA.C,4002,MonkeySwingSnap,combat-camera-context,no,no,no
2514,0aaa76206517,MonkeySwingSnap,GAME/LARA.C,4007,MonkeySwingFall,combat-camera-context,no,no,no
2515,0aaa76206517,MonkeySwingSnap,GAME/LARA.C,4011,lara_as_monkeyswing,combat-camera-context,no,no,no
2516,0aaa76206517,MonkeySwingSnap,GAME/LARA.C,4027,LookUpDown,combat-camera-context,no,no,no
2517,0aaa76206517,MonkeySwingSnap,GAME/LARA.C,4038,ANGLE,combat-camera-context,no,no,no
2518,0aaa76206517,MonkeySwingSnap,GAME/LARA.C,4039,ANGLE,combat-camera-context,no,no,no
2519,0aaa76206517,MonkeySwingSnap,GAME/LARA.C,4045,ANGLE,combat-camera-context,no,no,no
2520,0aaa76206517,MonkeySwingSnap,GAME/LARA.C,4046,ANGLE,combat-camera-context,no,no,no
2521,0aaa76206517,MonkeySwingSnap,GAME/LARA.C,4050,lara_col_hang2,combat-camera-context,no,no,no
2522,0aaa76206517,MonkeySwingSnap,GAME/LARA.C,4068,GetCollisionInfo,combat-camera-context,no,no,no
2523,0aaa76206517,MonkeySwingSnap,GAME/LARA.C,4070,ABS,combat-camera-context,no,no,no
2524,0aaa76206517,MonkeySwingSnap,GAME/LARA.C,4074,TestMonkeyLeft,combat-camera-context,no,no,no
2525,0aaa76206517,MonkeySwingSnap,GAME/LARA.C,4078,TestMonkeyRight,combat-camera-context,no,no,no
2526,0aaa76206517,MonkeySwingSnap,GAME/LARA.C,4091,MonkeySwingSnap,combat-camera-context,no,no,no
2527,0aaa76206517,MonkeySwingSnap,GAME/LARA.C,4095,LaraHangTest,combat-camera-context,no,no,no
2528,0aaa76206517,MonkeySwingSnap,GAME/LARA.C,4099,TestForObjectOnLedge,combat-camera-context,no,no,no
2529,0aaa76206517,MonkeySwingSnap,GAME/LARA.C,4149,lara_as_hang2,combat-camera-context,no,no,no
2530,0aaa76206517,MonkeySwingSnap,GAME/LARA.C,4167,MonkeySwingFall,combat-camera-context,no,no,no
2531,0aaa76206517,MonkeySwingSnap,GAME/LARA.C,4170,ANGLE,combat-camera-context,no,no,no
2532,0aaa76206517,MonkeySwingSnap,GAME/LARA.C,4174,LookUpDown,combat-camera-context,no,no,no
2533,0aaa76206517,MonkeySwingSnap,GAME/LARA.C,4177,TestMonkeyRight,combat-camera-context,no,no,no
2534,0aaa76206517,MonkeySwingSnap,GAME/LARA.C,4183,ANGLE,combat-camera-context,no,no,no
2535,0aaa76206517,MonkeySwingSnap,GAME/LARA.C,4187,GetCollisionInfo,combat-camera-context,no,no,no
2536,0aaa76206517,MonkeySwingSnap,GAME/LARA.C,4188,ABS,combat-camera-context,no,no,no
2537,0aaa76206517,MonkeySwingSnap,GAME/LARA.C,4192,GetDirOctant,combat-camera-context,no,no,no
2538,0aaa76206517,MonkeySwingSnap,GAME/LARA.C,4208,TestMonkeyLeft,combat-camera-context,no,no,no
2539,0aaa76206517,MonkeySwingSnap,GAME/LARA.C,4214,ANGLE,combat-camera-context,no,no,no
2540,0aaa76206517,MonkeySwingSnap,GAME/LARA.C,4218,GetCollisionInfo,combat-camera-context,no,no,no
2541,0aaa76206517,MonkeySwingSnap,GAME/LARA.C,4219,ABS,combat-camera-context,no,no,no
2542,0aaa76206517,MonkeySwingSnap,GAME/LARA.C,4223,GetDirOctant,combat-camera-context,no,no,no
2543,0aaa76206517,MonkeySwingSnap,GAME/LARA.C,4240,GetDirOctant,combat-camera-context,no,no,no
2544,0aaa76206517,MonkeySwingSnap,GAME/LARA.C,4242,ABS,combat-camera-context,no,no,no
2545,0aaa76206517,MonkeySwingSnap,GAME/LARA.C,4242,ANGLE,combat-camera-context,no,no,no
2546,0aaa76206517,MonkeySwingSnap,GAME/LARA.C,4242,ABS,combat-camera-context,no,no,no
2547,0aaa76206517,MonkeySwingSnap,GAME/LARA.C,4242,ANGLE,combat-camera-context,no,no,no
2548,0aaa76206517,MonkeySwingSnap,GAME/LARA.C,4245,MonkeySwingSnap,combat-camera-context,no,no,no
2549,0aaa76206517,MonkeySwingSnap,GAME/LARA.C,4249,GetCeiling,combat-camera-context,no,no,no
2550,0aaa76206517,MonkeySwingSnap,GAME/LARA.C,4249,GetFloor,combat-camera-context,no,no,no
2551,0aaa76206517,MonkeySwingSnap,GAME/LARA.C,4253,MonkeySwingFall,combat-camera-context,no,no,no
2552,0aaa76206517,MonkeySwingSnap,GAME/LARA.C,4270,lara_col_dashdive,combat-camera-context,no,no,no
2553,0aaa76206517,MonkeySwingSnap,GAME/LARA.C,4273,ANGLE,combat-camera-context,no,no,no
2554,0aaa76206517,MonkeySwingSnap,GAME/LARA.C,4283,GetLaraCollisionInfo,combat-camera-context,no,no,no
2555,0aaa76206517,MonkeySwingSnap,GAME/LARA.C,4285,LaraDeflectEdgeJump,combat-camera-context,no,no,no
2556,0aaa76206517,MonkeySwingSnap,GAME/LARA.C,4287,LaraFallen,combat-camera-context,no,no,no
2557,0aaa76206517,MonkeySwingSnap,GAME/LARA.C,4294,LaraLandedBad,combat-camera-context,no,no,no
2558,0aaa76206517,MonkeySwingSnap,GAME/LARA.C,4312,AnimateLara,combat-camera-context,no,no,no
2559,0aaa76206517,MonkeySwingSnap,GAME/LARA.C,4315,ShiftItem,combat-camera-context,no,no,no
2560,0aaa76206517,MonkeySwingSnap,GAME/LARA.C,4322,lara_as_dashdive,combat-camera-context,no,no,no
2561,0aaa76206517,MonkeySwingSnap,GAME/LARA.C,4331,lara_col_dash,combat-camera-context,no,no,no
2562,0aaa76206517,MonkeySwingSnap,GAME/LARA.C,4341,GetLaraCollisionInfo,combat-camera-context,no,no,no
2563,0aaa76206517,MonkeySwingSnap,GAME/LARA.C,4343,LaraHitCeiling,combat-camera-context,no,no,no
2564,0aaa76206517,MonkeySwingSnap,GAME/LARA.C,4343,TestLaraVault,combat-camera-context,no,no,no
2565,0aaa76206517,MonkeySwingSnap,GAME/LARA.C,4345,LaraDeflectEdge,combat-camera-context,no,no,no
2566,0aaa76206517,MonkeySwingSnap,GAME/LARA.C,4349,TestWall,combat-camera-context,no,no,no
2567,0aaa76206517,MonkeySwingSnap,GAME/LARA.C,4359,LaraCollideStop,combat-camera-context,no,no,no
2568,0aaa76206517,MonkeySwingSnap,GAME/LARA.C,4362,LaraFallen,combat-camera-context,no,no,no
2569,0aaa76206517,MonkeySwingSnap,GAME/LARA.C,4378,TestLaraSlide,combat-camera-context,no,no,no
2570,0aaa76206517,MonkeySwingSnap,GAME/LARA.C,4394,lara_as_dash,combat-camera-context,no,no,no
2571,0aaa76206517,MonkeySwingSnap,GAME/LARA.C,4419,ANGLE,combat-camera-context,no,no,no
2572,0aaa76206517,MonkeySwingSnap,GAME/LARA.C,4420,ANGLE,combat-camera-context,no,no,no
2573,0aaa76206517,MonkeySwingSnap,GAME/LARA.C,4422,ANGLE,combat-camera-context,no,no,no
2574,0aaa76206517,MonkeySwingSnap,GAME/LARA.C,4423,ANGLE,combat-camera-context,no,no,no
2575,0aaa76206517,MonkeySwingSnap,GAME/LARA.C,4424,ANGLE,combat-camera-context,no,no,no
2576,0aaa76206517,MonkeySwingSnap,GAME/LARA.C,4429,ANGLE,combat-camera-context,no,no,no
2577,0aaa76206517,MonkeySwingSnap,GAME/LARA.C,4430,ANGLE,combat-camera-context,no,no,no
2578,0aaa76206517,MonkeySwingSnap,GAME/LARA.C,4432,ANGLE,combat-camera-context,no,no,no
2579,0aaa76206517,MonkeySwingSnap,GAME/LARA.C,4433,ANGLE,combat-camera-context,no,no,no
2580,0aaa76206517,MonkeySwingSnap,GAME/LARA.C,4434,ANGLE,combat-camera-context,no,no,no
2581,0aaa76206517,MonkeySwingSnap,GAME/LARA.C,4457,lara_col_crawl2hang,combat-camera-context,no,no,no
2582,0aaa76206517,MonkeySwingSnap,GAME/LARA.C,4460,ANGLE,combat-camera-context,no,no,no
2583,0aaa76206517,MonkeySwingSnap,GAME/LARA.C,4480,GetCollisionInfo,combat-camera-context,no,no,no
2584,0aaa76206517,MonkeySwingSnap,GAME/LARA.C,4481,LaraTestEdgeCatch,combat-camera-context,no,no,no
2585,0aaa76206517,MonkeySwingSnap,GAME/LARA.C,4485,LaraTestHangOnClimbWall,combat-camera-context,no,no,no
2586,0aaa76206517,MonkeySwingSnap,GAME/LARA.C,4489,ABS,combat-camera-context,no,no,no
2587,0aaa76206517,MonkeySwingSnap,GAME/LARA.C,4489,ANGLE,combat-camera-context,no,no,no
2588,0aaa76206517,MonkeySwingSnap,GAME/LARA.C,4493,ANGLE,combat-camera-context,no,no,no
2589,0aaa76206517,MonkeySwingSnap,GAME/LARA.C,4497,ABS,combat-camera-context,no,no,no
2590,0aaa76206517,MonkeySwingSnap,GAME/LARA.C,4499,ANGLE,combat-camera-context,no,no,no
2591,0aaa76206517,MonkeySwingSnap,GAME/LARA.C,4503,ANGLE,combat-camera-context,no,no,no
2592,0aaa76206517,MonkeySwingSnap,GAME/LARA.C,4516,TestHangSwingIn,combat-camera-context,no,no,no
2593,0aaa76206517,MonkeySwingSnap,GAME/LARA.C,4538,GetBoundsAccurate,combat-camera-context,no,no,no
2594,0aaa76206517,MonkeySwingSnap,GAME/LARA.C,4564,lara_col_crawlb,combat-camera-context,no,no,no
2595,0aaa76206517,MonkeySwingSnap,GAME/LARA.C,4578,ANGLE,combat-camera-context,no,no,no
2596,0aaa76206517,MonkeySwingSnap,GAME/LARA.C,4582,GetCollisionInfo,combat-camera-context,no,no,no
2597,0aaa76206517,MonkeySwingSnap,GAME/LARA.C,4584,LaraDeflectEdgeDuck,combat-camera-context,no,no,no
2598,0aaa76206517,MonkeySwingSnap,GAME/LARA.C,4595,LaraFallen,combat-camera-context,no,no,no
2599,0aaa76206517,MonkeySwingSnap,GAME/LARA.C,4599,TestLaraSlide,combat-camera-context,no,no,no
2600,0aaa76206517,MonkeySwingSnap,GAME/LARA.C,4601,ShiftItem,combat-camera-context,no,no,no
2601,0aaa76206517,MonkeySwingSnap,GAME/LARA.C,4610,lara_as_crawlb,combat-camera-context,no,no,no
2602,0aaa76206517,MonkeySwingSnap,GAME/LARA.C,4620,LookUpDown,combat-camera-context,no,no,no
2603,0aaa76206517,MonkeySwingSnap,GAME/LARA.C,4628,ANGLE,combat-camera-context,no,no,no
2604,0aaa76206517,MonkeySwingSnap,GAME/LARA.C,4635,ANGLE,combat-camera-context,no,no,no
2605,0aaa76206517,MonkeySwingSnap,GAME/LARA.C,4636,ANGLE,combat-camera-context,no,no,no
2606,0aaa76206517,MonkeySwingSnap,GAME/LARA.C,4641,ANGLE,combat-camera-context,no,no,no
2607,0aaa76206517,MonkeySwingSnap,GAME/LARA.C,4642,ANGLE,combat-camera-context,no,no,no
2608,0aaa76206517,MonkeySwingSnap,GAME/LARA.C,4651,lara_as_all4turnr,combat-camera-context,no,no,no
2609,0aaa76206517,MonkeySwingSnap,GAME/LARA.C,4658,ANGLE,combat-camera-context,no,no,no
2610,0aaa76206517,MonkeySwingSnap,GAME/LARA.C,4659,ANGLE,combat-camera-context,no,no,no
2611,0aaa76206517,MonkeySwingSnap,GAME/LARA.C,4666,lara_col_all4turnlr,combat-camera-context,no,no,no
2612,0aaa76206517,MonkeySwingSnap,GAME/LARA.C,4668,GetCollisionInfo,combat-camera-context,no,no,no
2613,0aaa76206517,MonkeySwingSnap,GAME/LARA.C,4670,TestLaraSlide,combat-camera-context,no,no,no
2614,0aaa76206517,MonkeySwingSnap,GAME/LARA.C,4677,lara_as_all4turnl,combat-camera-context,no,no,no
2615,0aaa76206517,MonkeySwingSnap,GAME/LARA.C,4684,ANGLE,combat-camera-context,no,no,no
2616,0aaa76206517,MonkeySwingSnap,GAME/LARA.C,4685,ANGLE,combat-camera-context,no,no,no
2617,0aaa76206517,MonkeySwingSnap,GAME/LARA.C,4692,lara_col_crawl,combat-camera-context,no,no,no
2618,0aaa76206517,MonkeySwingSnap,GAME/LARA.C,4710,GetCollisionInfo,combat-camera-context,no,no,no
2619,0aaa76206517,MonkeySwingSnap,GAME/LARA.C,4712,LaraDeflectEdgeDuck,combat-camera-context,no,no,no
2620,0aaa76206517,MonkeySwingSnap,GAME/LARA.C,4723,LaraFallen,combat-camera-context,no,no,no
2621,0aaa76206517,MonkeySwingSnap,GAME/LARA.C,4727,TestLaraSlide,combat-camera-context,no,no,no
2622,0aaa76206517,MonkeySwingSnap,GAME/LARA.C,4729,ShiftItem,combat-camera-context,no,no,no
2623,0aaa76206517,MonkeySwingSnap,GAME/LARA.C,4736,lara_as_crawl,combat-camera-context,no,no,no
2624,0aaa76206517,MonkeySwingSnap,GAME/LARA.C,4746,LookUpDown,combat-camera-context,no,no,no
2625,0aaa76206517,MonkeySwingSnap,GAME/LARA.C,4754,ANGLE,combat-camera-context,no,no,no
2626,0aaa76206517,MonkeySwingSnap,GAME/LARA.C,4764,ANGLE,combat-camera-context,no,no,no
2627,0aaa76206517,MonkeySwingSnap,GAME/LARA.C,4765,ANGLE,combat-camera-context,no,no,no
2628,0aaa76206517,MonkeySwingSnap,GAME/LARA.C,4771,ANGLE,combat-camera-context,no,no,no
2629,0aaa76206517,MonkeySwingSnap,GAME/LARA.C,4772,ANGLE,combat-camera-context,no,no,no
2630,0aaa76206517,MonkeySwingSnap,GAME/LARA.C,4781,lara_col_all4s,combat-camera-context,no,no,no
2631,0aaa76206517,MonkeySwingSnap,GAME/LARA.C,4799,GetCollisionInfo,combat-camera-context,no,no,no
2632,0aaa76206517,MonkeySwingSnap,GAME/LARA.C,4801,LaraFallen,combat-camera-context,no,no,no
2633,0aaa76206517,MonkeySwingSnap,GAME/LARA.C,4805,TestLaraSlide,combat-camera-context,no,no,no
2634,0aaa76206517,MonkeySwingSnap,GAME/LARA.C,4807,ABS,combat-camera-context,no,no,no
2635,0aaa76206517,MonkeySwingSnap,GAME/LARA.C,4810,ShiftItem,combat-camera-context,no,no,no
2636,0aaa76206517,MonkeySwingSnap,GAME/LARA.C,4824,ABS,combat-camera-context,no,no,no
2637,0aaa76206517,MonkeySwingSnap,GAME/LARA.C,4824,LaraFloorFront,combat-camera-context,no,no,no
2638,0aaa76206517,MonkeySwingSnap,GAME/LARA.C,4829,LaraCeilingFront,combat-camera-context,no,no,no
2639,0aaa76206517,MonkeySwingSnap,GAME/LARA.C,4840,SIN,combat-camera-context,no,no,no
2640,0aaa76206517,MonkeySwingSnap,GAME/LARA.C,4840,ANGLE,combat-camera-context,no,no,no
2641,0aaa76206517,MonkeySwingSnap,GAME/LARA.C,4841,COS,combat-camera-context,no,no,no
2642,0aaa76206517,MonkeySwingSnap,GAME/LARA.C,4841,ANGLE,combat-camera-context,no,no,no
2643,0aaa76206517,MonkeySwingSnap,GAME/LARA.C,4843,LaraFloorFront,combat-camera-context,no,no,no
2644,0aaa76206517,MonkeySwingSnap,GAME/LARA.C,4845,SIN,combat-camera-context,no,no,no
2645,0aaa76206517,MonkeySwingSnap,GAME/LARA.C,4845,ANGLE,combat-camera-context,no,no,no
2646,0aaa76206517,MonkeySwingSnap,GAME/LARA.C,4846,COS,combat-camera-context,no,no,no
2647,0aaa76206517,MonkeySwingSnap,GAME/LARA.C,4846,ANGLE,combat-camera-context,no,no,no
2648,0aaa76206517,MonkeySwingSnap,GAME/LARA.C,4848,LaraFloorFront,combat-camera-context,no,no,no
2649,0aaa76206517,MonkeySwingSnap,GAME/LARA.C,4854,LaraFloorFront,combat-camera-context,no,no,no
2650,0aaa76206517,MonkeySwingSnap,GAME/LARA.C,4856,ABS,combat-camera-context,no,no,no
2651,0aaa76206517,MonkeySwingSnap,GAME/LARA.C,4871,SIN,combat-camera-context,no,no,no
2652,0aaa76206517,MonkeySwingSnap,GAME/LARA.C,4872,SIN,combat-camera-context,no,no,no
2653,0aaa76206517,MonkeySwingSnap,GAME/LARA.C,4874,GetCollidedObjects,combat-camera-context,no,no,no
2654,0aaa76206517,MonkeySwingSnap,GAME/LARA.C,4875,S_Warn,combat-camera-context,no,no,no
2655,0aaa76206517,MonkeySwingSnap,GAME/LARA.C,4876,GetCollidedObjects,combat-camera-context,no,no,no
2656,0aaa76206517,MonkeySwingSnap,GAME/LARA.C,4883,ANGLE,combat-camera-context,no,no,no
2657,0aaa76206517,MonkeySwingSnap,GAME/LARA.C,4883,ANGLE,combat-camera-context,no,no,no
2658,0aaa76206517,MonkeySwingSnap,GAME/LARA.C,4890,ANGLE,combat-camera-context,no,no,no
2659,0aaa76206517,MonkeySwingSnap,GAME/LARA.C,4894,ANGLE,combat-camera-context,no,no,no
2660,0aaa76206517,MonkeySwingSnap,GAME/LARA.C,4898,ANGLE,combat-camera-context,no,no,no
2661,0aaa76206517,MonkeySwingSnap,GAME/LARA.C,4940,lara_as_all4s,combat-camera-context,no,no,no
2662,0aaa76206517,MonkeySwingSnap,GAME/LARA.C,4951,LaraFloorFront,combat-camera-context,no,no,no
2663,0aaa76206517,MonkeySwingSnap,GAME/LARA.C,4952,LaraCeilingFront,combat-camera-context,no,no,no
2664,0aaa76206517,MonkeySwingSnap,GAME/LARA.C,4953,LaraCeilingFront,combat-camera-context,no,no,no
2665,0aaa76206517,MonkeySwingSnap,GAME/LARA.C,4964,SIN,combat-camera-context,no,no,no
2666,0aaa76206517,MonkeySwingSnap,GAME/LARA.C,4966,COS,combat-camera-context,no,no,no
2667,0aaa76206517,MonkeySwingSnap,GAME/LARA.C,4968,LOS,combat-camera-context,no,no,no
2668,0aaa76206517,MonkeySwingSnap,GAME/LARA.C,4970,ObjectOnLOS2,combat-camera-context,no,no,no
2669,0aaa76206517,MonkeySwingSnap,GAME/LARA.C,4983,LookUpDown,combat-camera-context,no,no,no
2670,0aaa76206517,MonkeySwingSnap,GAME/LARA.C,4994,ANGLE,combat-camera-context,no,no,no
2671,0aaa76206517,MonkeySwingSnap,GAME/LARA.C,4997,lara_col_duck,combat-camera-context,no,no,no
2672,0aaa76206517,MonkeySwingSnap,GAME/LARA.C,5008,GetCollisionInfo,combat-camera-context,no,no,no
2673,0aaa76206517,MonkeySwingSnap,GAME/LARA.C,5010,LaraFallen,combat-camera-context,no,no,no
2674,0aaa76206517,MonkeySwingSnap,GAME/LARA.C,5017,TestLaraSlide,combat-camera-context,no,no,no
2675,0aaa76206517,MonkeySwingSnap,GAME/LARA.C,5029,ShiftItem,combat-camera-context,no,no,no
2676,0aaa76206517,MonkeySwingSnap,GAME/LARA.C,5088,lara_as_duck,combat-camera-context,no,no,no
2677,0aaa76206517,MonkeySwingSnap,GAME/LARA.C,5102,LookUpDown,combat-camera-context,no,no,no
2678,0aaa76206517,MonkeySwingSnap,GAME/LARA.C,5138,lara_col_ducklr,combat-camera-context,no,no,no
2679,0aaa76206517,MonkeySwingSnap,GAME/LARA.C,5151,GetCollisionInfo,combat-camera-context,no,no,no
2680,0aaa76206517,MonkeySwingSnap,GAME/LARA.C,5153,LaraFallen,combat-camera-context,no,no,no
2681,0aaa76206517,MonkeySwingSnap,GAME/LARA.C,5157,TestLaraSlide,combat-camera-context,no,no,no
2682,0aaa76206517,MonkeySwingSnap,GAME/LARA.C,5164,ShiftItem,combat-camera-context,no,no,no
2683,0aaa76206517,MonkeySwingSnap,GAME/LARA.C,5171,lara_as_duckr,combat-camera-context,no,no,no
2684,0aaa76206517,MonkeySwingSnap,GAME/LARA.C,5176,ANGLE,combat-camera-context,no,no,no
2685,0aaa76206517,MonkeySwingSnap,GAME/LARA.C,5179,lara_as_duckl,combat-camera-context,no,no,no
2686,0aaa76206517,MonkeySwingSnap,GAME/LARA.C,5184,ANGLE,combat-camera-context,no,no,no
2687,0aaa76206517,MonkeySwingSnap,GAME/LARA.C,5187,LaraAboveWater,combat-camera-context,no,no,no
2688,0aaa76206517,MonkeySwingSnap,GAME/LARA.C,5208,LookLeftRight,combat-camera-context,no,no,no
2689,0aaa76206517,MonkeySwingSnap,GAME/LARA.C,5210,ResetLook,combat-camera-context,no,no,no
2690,0aaa76206517,MonkeySwingSnap,GAME/LARA.C,5214,CLAMPADD2,combat-camera-context,no,no,no
2691,0aaa76206517,MonkeySwingSnap,GAME/LARA.C,5214,ANGLE,combat-camera-context,no,no,no
2692,0aaa76206517,MonkeySwingSnap,GAME/LARA.C,5214,ANGLE,combat-camera-context,no,no,no
2693,0aaa76206517,MonkeySwingSnap,GAME/LARA.C,5215,CLAMPADD2,combat-camera-context,no,no,no
2694,0aaa76206517,MonkeySwingSnap,GAME/LARA.C,5215,ANGLE,combat-camera-context,no,no,no
2695,0aaa76206517,MonkeySwingSnap,GAME/LARA.C,5215,ANGLE,combat-camera-context,no,no,no
2696,0aaa76206517,MonkeySwingSnap,GAME/LARA.C,5218,AnimateLara,combat-camera-context,no,no,no
2697,0aaa76206517,MonkeySwingSnap,GAME/LARA.C,5219,LaraBaddieCollision,combat-camera-context,no,no,no
2698,0aaa76206517,MonkeySwingSnap,GAME/LARA.C,5221,UpdateLaraRoom,combat-camera-context,no,no,no
2699,0aaa76206517,MonkeySwingSnap,GAME/LARA.C,5228,LaraGun,combat-camera-context,no,no,no
2700,0aaa76206517,MonkeySwingSnap,GAME/LARA.C,5230,TestTriggers,combat-camera-context,no,no,no
2701,0aaa76206517,MonkeySwingSnap,GAME/LARA.C,5233,TestHangSwingIn,combat-camera-context,no,no,no
2702,0aaa76206517,MonkeySwingSnap,GAME/LARA.C,5242,ANGLE,combat-camera-context,no,no,no
2703,0aaa76206517,MonkeySwingSnap,GAME/LARA.C,5246,ANGLE,combat-camera-context,no,no,no
2704,0aaa76206517,MonkeySwingSnap,GAME/LARA.C,5250,ANGLE,combat-camera-context,no,no,no
2705,0aaa76206517,MonkeySwingSnap,GAME/LARA.C,5259,GetFloor,combat-camera-context,no,no,no
2706,0aaa76206517,MonkeySwingSnap,GAME/LARA.C,5260,GetHeight,combat-camera-context,no,no,no
2707,0aaa76206517,MonkeySwingSnap,GAME/LARA.C,5261,GetCeiling,combat-camera-context,no,no,no
2708,0aaa76206517,MonkeySwingSnap,GAME/LARA.C,5266,LaraHangLeftCornerTest,combat-camera-context,no,no,no
2709,0aaa76206517,MonkeySwingSnap,GAME/LARA.C,5268,UNIMPLEMENTED,combat-camera-context,no,no,no
2710,0aaa76206517,MonkeySwingSnap,GAME/LARA.C,5272,LaraHangRightCornerTest,combat-camera-context,no,no,no
2711,0aaa76206517,MonkeySwingSnap,GAME/LARA.C,5274,UNIMPLEMENTED,combat-camera-context,no,no,no
2712,0aaa76206517,MonkeySwingSnap,GAME/LARA.C,5278,IsValidHangPos,combat-camera-context,no,no,no
2713,0aaa76206517,MonkeySwingSnap,GAME/LARA.C,5280,LaraFloorFront,combat-camera-context,no,no,no
2714,0aaa76206517,MonkeySwingSnap,GAME/LARA.C,5283,ANGLE,combat-camera-context,no,no,no
2715,0aaa76206517,MonkeySwingSnap,GAME/LARA.C,5283,ANGLE,combat-camera-context,no,no,no
2716,0aaa76206517,MonkeySwingSnap,GAME/LARA.C,5307,GetLaraCollisionInfo,combat-camera-context,no,no,no
2717,0aaa76206517,MonkeySwingSnap,GAME/LARA.C,5312,ABS,combat-camera-context,no,no,no
2718,0aaa76206517,MonkeySwingSnap,GAME/LARA.C,5315,LaraHangTest,combat-camera-context,no,no,no
2719,0aaa76206517,MonkeySwingSnap,GAME/LARA.C,5336,ANGLE,combat-camera-context,no,no,no
2720,0aaa76206517,MonkeySwingSnap,GAME/LARA.C,5340,ANGLE,combat-camera-context,no,no,no
2721,0aaa76206517,MonkeySwingSnap,GAME/LARA.C,5349,LaraFloorFront,combat-camera-context,no,no,no
2722,0aaa76206517,MonkeySwingSnap,GAME/LARA.C,5357,LaraCeilingFront,combat-camera-context,no,no,no
2723,0aaa76206517,MonkeySwingSnap,GAME/LARA.C,5358,ANGLE,combat-camera-context,no,no,no
2724,0aaa76206517,MonkeySwingSnap,GAME/LARA.C,5392,GetLaraCollisionInfo,combat-camera-context,no,no,no
2725,0aaa76206517,MonkeySwingSnap,GAME/LARA.C,5421,LaraTestHangOnClimbWall,combat-camera-context,no,no,no
2726,0aaa76206517,MonkeySwingSnap,GAME/LARA.C,5426,SnapLaraToEdgeOfBlock,combat-camera-context,no,no,no
2727,0aaa76206517,MonkeySwingSnap,GAME/LARA.C,5451,LaraTestClimbStance,combat-camera-context,no,no,no
2728,0aaa76206517,MonkeySwingSnap,GAME/LARA.C,5471,GetBoundsAccurate,combat-camera-context,no,no,no
2729,0aaa76206517,MonkeySwingSnap,GAME/LARA.C,5476,GetBoundsAccurate,combat-camera-context,no,no,no
2730,0aaa76206517,MonkeySwingSnap,GAME/LARA.C,5501,GetBoundsAccurate,combat-camera-context,no,no,no
2731,0aaa76206517,MonkeySwingSnap,GAME/LARA.C,5504,GetBoundsAccurate,combat-camera-context,no,no,no
2732,0aaa76206517,MonkeySwingSnap,GAME/LARA.C,5536,GetClimbTrigger,combat-camera-context,no,no,no
2733,0aaa76206517,MonkeySwingSnap,GAME/LARA.C,5538,LaraTestHangOnClimbWall,combat-camera-context,no,no,no
2734,0aaa76206517,MonkeySwingSnap,GAME/LARA.C,5630,SnapLaraToEdgeOfBlock,combat-camera-context,no,no,no
2735,0aaa76206517,MonkeySwingSnap,GAME/LARA.C,5673,LaraTestHangOnClimbWall,combat-camera-context,no,no,no
2736,0aaa76206517,MonkeySwingSnap,GAME/LARA.C,5684,ANGLE,combat-camera-context,no,no,no
2737,0aaa76206517,MonkeySwingSnap,GAME/LARA.C,5700,GetBoundsAccurate,combat-camera-context,no,no,no
2738,0aaa76206517,MonkeySwingSnap,GAME/LARA.C,5704,LaraCeilingFront,combat-camera-context,no,no,no
2739,0aaa76206517,MonkeySwingSnap,GAME/LARA.C,5705,LaraCeilingFront,combat-camera-context,no,no,no
2740,0aaa76206517,MonkeySwingSnap,GAME/LARA.C,5707,ABS,combat-camera-context,no,no,no
2741,0aaa76206517,MonkeySwingSnap,GAME/LARA.C,5711,LaraTestClimbPos,combat-camera-context,no,no,no
2742,0aaa76206517,MonkeySwingSnap,GAME/LARA.C,5712,LaraTestClimbPos,combat-camera-context,no,no,no
2743,0aaa76206517,MonkeySwingSnap,GAME/LARA.C,5714,LaraTestClimbPos,combat-camera-context,no,no,no
2744,0aaa76206517,MonkeySwingSnap,GAME/LARA.C,5730,LaraSlideEdgeJump,combat-camera-context,no,no,no
2745,0aaa76206517,MonkeySwingSnap,GAME/LARA.C,5732,ShiftItem,combat-camera-context,no,no,no
2746,0aaa76206517,MonkeySwingSnap,GAME/LARA.C,5737,ANGLE,combat-camera-context,no,no,no
2747,0aaa76206517,MonkeySwingSnap,GAME/LARA.C,5741,ANGLE,combat-camera-context,no,no,no
2748,0aaa76206517,MonkeySwingSnap,GAME/LARA.C,5751,COS,combat-camera-context,no,no,no
2749,0aaa76206517,MonkeySwingSnap,GAME/LARA.C,5752,SIN,combat-camera-context,no,no,no
2750,0aaa76206517,MonkeySwingSnap,GAME/LARA.C,5765,LaraDeflectEdgeJump,combat-camera-context,no,no,no
2751,0aaa76206517,MonkeySwingSnap,GAME/LARA.C,5767,ShiftItem,combat-camera-context,no,no,no
2752,0aaa76206517,MonkeySwingSnap,GAME/LARA.C,5796,ANGLE,combat-camera-context,no,no,no
2753,0aaa76206517,MonkeySwingSnap,GAME/LARA.C,5809,ANGLE,combat-camera-context,no,no,no
2754,0aaa76206517,MonkeySwingSnap,GAME/LARA.C,5812,ANGLE,combat-camera-context,no,no,no
2755,0aaa76206517,MonkeySwingSnap,GAME/LARA.C,5815,SIN,combat-camera-context,no,no,no
2756,0aaa76206517,MonkeySwingSnap,GAME/LARA.C,5816,COS,combat-camera-context,no,no,no
2757,0aaa76206517,MonkeySwingSnap,GAME/LARA.C,5828,lara_slide_slope,combat-camera-context,no,no,no
2758,0aaa76206517,MonkeySwingSnap,GAME/LARA.C,5834,GetLaraCollisionInfo,combat-camera-context,no,no,no
2759,0aaa76206517,MonkeySwingSnap,GAME/LARA.C,5836,LaraHitCeiling,combat-camera-context,no,no,no
2760,0aaa76206517,MonkeySwingSnap,GAME/LARA.C,5838,LaraDeflectEdge,combat-camera-context,no,no,no
2761,0aaa76206517,MonkeySwingSnap,GAME/LARA.C,5842,TestLaraSlide,combat-camera-context,no,no,no
2762,0aaa76206517,MonkeySwingSnap,GAME/LARA.C,5846,ABS,combat-camera-context,no,no,no
2763,0aaa76206517,MonkeySwingSnap,GAME/LARA.C,5846,ABS,combat-camera-context,no,no,no
2764,0aaa76206517,MonkeySwingSnap,GAME/LARA.C,5849,StopSoundEffect,combat-camera-context,no,no,no
2765,0aaa76206517,MonkeySwingSnap,GAME/LARA.C,5871,StopSoundEffect,combat-camera-context,no,no,no
2766,0aaa76206517,MonkeySwingSnap,GAME/LARA.C,5879,LaraCollideStop,combat-camera-context,no,no,no
2767,0aaa76206517,MonkeySwingSnap,GAME/LARA.C,5902,AnimateLara,combat-camera-context,no,no,no
2768,0aaa76206517,MonkeySwingSnap,GAME/LARA.C,5911,TestWall,combat-camera-context,no,no,no
2769,0aaa76206517,MonkeySwingSnap,GAME/LARA.C,5917,ANGLE,combat-camera-context,no,no,no
2770,0aaa76206517,MonkeySwingSnap,GAME/LARA.C,5923,ANGLE,combat-camera-context,no,no,no
2771,0aaa76206517,MonkeySwingSnap,GAME/LARA.C,5941,GetFloor,combat-camera-context,no,no,no
2772,0aaa76206517,MonkeySwingSnap,GAME/LARA.C,5943,ANGLE,combat-camera-context,no,no,no
2773,0aaa76206517,MonkeySwingSnap,GAME/LARA.C,5961,GetFloor,combat-camera-context,no,no,no
2774,0aaa76206517,MonkeySwingSnap,GAME/LARA.C,5962,GetHeight,combat-camera-context,no,no,no
2775,0aaa76206517,MonkeySwingSnap,GAME/LARA.C,5963,GetCeiling,combat-camera-context,no,no,no
2776,0aaa76206517,MonkeySwingSnap,GAME/LARA.C,5974,TestLaraVault,combat-camera-context,no,no,no
2777,0aaa76206517,MonkeySwingSnap,GAME/LARA.C,6303,var_8,combat-camera-context,no,no,no
2778,0aaa76206517,MonkeySwingSnap,GAME/LARA.C,6304,var_C,combat-camera-context,no,no,no
2779,0aaa76206517,MonkeySwingSnap,GAME/LARA.C,6305,var_10,combat-camera-context,no,no,no
2780,0aaa76206517,MonkeySwingSnap,GAME/LARA.C,6306,var_14,combat-camera-context,no,no,no
2781,0aaa76206517,MonkeySwingSnap,GAME/LARA.C,6307,var_18,combat-camera-context,no,no,no
2782,0aaa76206517,MonkeySwingSnap,GAME/LARA.C,6314,LaraTestClimbStance,combat-camera-context,no,no,no
2783,0aaa76206517,MonkeySwingSnap,GAME/LARA.C,6318,LaraTestClimbPos,combat-camera-context,no,no,no
2784,0aaa76206517,MonkeySwingSnap,GAME/LARA.C,6321,LaraTestClimbPos,combat-camera-context,no,no,no
2785,0aaa76206517,MonkeySwingSnap,GAME/LARA.C,6333,SIGN,combat-camera-context,no,no,no
2786,0aaa76206517,MonkeySwingSnap,GAME/LARA.C,6333,SIGN,combat-camera-context,no,no,no
2787,0aaa76206517,MonkeySwingSnap,GAME/LARA.C,6334,ABS,combat-camera-context,no,no,no
2788,0aaa76206517,MonkeySwingSnap,GAME/LARA.C,6334,ABS,combat-camera-context,no,no,no
2789,0aaa76206517,MonkeySwingSnap,GAME/LARA.C,6351,LaraTestEdgeCatch,combat-camera-context,no,no,no
2790,0aaa76206517,MonkeySwingSnap,GAME/LARA.C,6356,GetBoundsAccurate,combat-camera-context,no,no,no
2791,0aaa76206517,MonkeySwingSnap,GAME/LARA.C,6398,LaraDeflectEdgeDuck,combat-camera-context,no,no,no
2792,0aaa76206517,MonkeySwingSnap,GAME/LARA.C,6402,ShiftItem,combat-camera-context,no,no,no
2793,0aaa76206517,MonkeySwingSnap,GAME/LARA.C,6411,ShiftItem,combat-camera-context,no,no,no
2794,0aaa76206517,MonkeySwingSnap,GAME/LARA.C,6412,ANGLE,combat-camera-context,no,no,no
2795,0aaa76206517,MonkeySwingSnap,GAME/LARA.C,6416,ShiftItem,combat-camera-context,no,no,no
2796,0aaa76206517,MonkeySwingSnap,GAME/LARA.C,6417,ANGLE,combat-camera-context,no,no,no
2797,0aaa76206517,MonkeySwingSnap,GAME/LARA.C,6423,LaraDeflectEdge,combat-camera-context,no,no,no
2798,0aaa76206517,MonkeySwingSnap,GAME/LARA.C,6427,ShiftItem,combat-camera-context,no,no,no
2799,0aaa76206517,MonkeySwingSnap,GAME/LARA.C,6437,ShiftItem,combat-camera-context,no,no,no
2800,0aaa76206517,MonkeySwingSnap,GAME/LARA.C,6438,ANGLE,combat-camera-context,no,no,no
2801,0aaa76206517,MonkeySwingSnap,GAME/LARA.C,6445,ShiftItem,combat-camera-context,no,no,no
2802,0aaa76206517,MonkeySwingSnap,GAME/LARA.C,6446,ANGLE,combat-camera-context,no,no,no
2803,0aaa76206517,MonkeySwingSnap,GAME/LARA.C,6452,LaraHitCeiling,combat-camera-context,no,no,no
2804,0aaa76206517,MonkeySwingSnap,GAME/LARA.C,6478,LaraLandedBad,combat-camera-context,no,no,no
2805,0aaa76206517,MonkeySwingSnap,GAME/LARA.C,6499,LaraFallen,combat-camera-context,no,no,no
2806,0aaa76206517,MonkeySwingSnap,GAME/LARA.C,6517,TestLaraSlide,combat-camera-context,no,no,no
2807,0aaa76206517,MonkeySwingSnap,GAME/LARA.C,6523,ABS,combat-camera-context,no,no,no
2808,0aaa76206517,MonkeySwingSnap,GAME/LARA.C,6523,ABS,combat-camera-context,no,no,no
2809,0aaa76206517,MonkeySwingSnap,GAME/LARA.C,6527,ANGLE,combat-camera-context,no,no,no
2810,0aaa76206517,MonkeySwingSnap,GAME/LARA.C,6529,ANGLE,combat-camera-context,no,no,no
2811,0aaa76206517,MonkeySwingSnap,GAME/LARA.C,6531,ABS,combat-camera-context,no,no,no
2812,0aaa76206517,MonkeySwingSnap,GAME/LARA.C,6532,ANGLE,combat-camera-context,no,no,no
2813,0aaa76206517,MonkeySwingSnap,GAME/LARA.C,6533,ABS,combat-camera-context,no,no,no
2814,0aaa76206517,MonkeySwingSnap,GAME/LARA.C,6538,ShiftItem,combat-camera-context,no,no,no
2815,0aaa76206517,MonkeySwingSnap,GAME/LARA.C,6570,LaraCeilingFront,combat-camera-context,no,no,no
2816,0aaa76206517,MonkeySwingSnap,GAME/LARA.C,6582,SIN,combat-camera-context,no,no,no
2817,0aaa76206517,MonkeySwingSnap,GAME/LARA.C,6583,COS,combat-camera-context,no,no,no
2818,0aaa76206517,MonkeySwingSnap,GAME/LARA.C,6585,GetCeiling,combat-camera-context,no,no,no
2819,0aaa76206517,MonkeySwingSnap,GAME/LARA.C,6585,GetFloor,combat-camera-context,no,no,no
2820,0aaa76206517,MonkeySwingSnap,GAME/LARA.C,6597,SIN,combat-camera-context,no,no,no
2821,0aaa76206517,MonkeySwingSnap,GAME/LARA.C,6599,COS,combat-camera-context,no,no,no
2822,0aaa76206517,MonkeySwingSnap,GAME/LARA.C,6601,GetHeight,combat-camera-context,no,no,no
2823,0aaa76206517,MonkeySwingSnap,GAME/LARA.C,6601,GetFloor,combat-camera-context,no,no,no
2824,0aaa76206517,MonkeySwingSnap,GAME/LARA.C,6610,LaraFloorFront,combat-camera-context,no,no,no
2825,0aaa76206517,MonkeySwingSnap,GAME/LARA.C,6621,SIN,combat-camera-context,no,no,no
2826,0aaa76206517,MonkeySwingSnap,GAME/LARA.C,6622,COS,combat-camera-context,no,no,no
2827,0aaa76206517,MonkeySwingSnap,GAME/LARA.C,6625,GetHeight,combat-camera-context,no,no,no
2828,0aaa76206517,MonkeySwingSnap,GAME/LARA.C,6625,GetFloor,combat-camera-context,no,no,no
2829,0aaa76206517,MonkeySwingSnap,GAME/LARA.C,6637,SIN,combat-camera-context,no,no,no
2830,0aaa76206517,MonkeySwingSnap,GAME/LARA.C,6639,COS,combat-camera-context,no,no,no
2831,0aaa76206517,MonkeySwingSnap,GAME/LARA.C,6641,GetHeight,combat-camera-context,no,no,no
2832,0aaa76206517,MonkeySwingSnap,GAME/LARA.C,6641,GetFloor,combat-camera-context,no,no,no
2833,0aaa76206517,MonkeySwingSnap,GAME/LARA.C,6650,GetLaraCollisionInfo,combat-camera-context,no,no,no
2834,0aaa76206517,MonkeySwingSnap,GAME/LARA.C,6653,GetCollisionInfo,combat-camera-context,no,no,no
2835,0aaa76206517,MonkeySwingSnap,GAME/LARA.C,6657,GetLaraJointPos,combat-camera-context,no,no,no
2836,0aaa76206517,MonkeySwingSnap,GAME/LARA.C,6659,phd_PushMatrix,combat-camera-context,no,no,no
2837,0aaa76206517,MonkeySwingSnap,GAME/LARA.C,6674,mTranslateXYZ,combat-camera-context,no,no,no
2838,0aaa76206517,MonkeySwingSnap,GAME/LARA.C,6684,mPopMatrix,combat-camera-context,no,no,no
2839,0aaa76206517,MonkeySwingSnap,GAME/LARA.C,6689,AnimateLara,combat-camera-context,no,no,no
2840,0aaa76206517,MonkeySwingSnap,GAME/LARA.C,6691,UNIMPLEMENTED,combat-camera-context,no,no,no
2841,0aaa76206517,MonkeySwingSnap,GAME/LARA.C,6695,SetLaraUnderwaterNodes,combat-camera-context,no,no,no
2842,0aaa76206517,MonkeySwingSnap,GAME/LARA.C,6711,GetFloor,combat-camera-context,no,no,no
2843,0aaa76206517,MonkeySwingSnap,GAME/LARA.C,6718,GetLaraJointPos,combat-camera-context,no,no,no
2844,0aaa76206517,MonkeySwingSnap,GAME/LARA.C,6728,GetFloor,combat-camera-context,no,no,no
2845,0aaa76206517,MonkeySwingSnap,GAME/LARA.C,6755,SetPendulumVelocity,combat-camera-context,no,no,no
2846,0aaa76206517,MonkeySwingSnap,GAME/LARA.C,6771,LaraClimbRope,combat-camera-context,no,no,no
2847,0aaa76206517,MonkeySwingSnap,GAME/LARA.C,6773,UNIMPLEMENTED,combat-camera-context,no,no,no
2848,0aaa76206517,MonkeySwingSnap,GAME/LARA.C,6776,FireChaff,combat-camera-context,no,no,no
2849,0aaa76206517,MonkeySwingSnap,GAME/LARA.C,6778,UNIMPLEMENTED,combat-camera-context,no,no,no
2850,0aaa76206517,MonkeySwingSnap,GAME/LARA.C,6781,GetLaraJointPosRot,combat-camera-context,no,no,no
2851,0aaa76206517,MonkeySwingSnap,GAME/LARA.C,6783,UNIMPLEMENTED,combat-camera-context,no,no,no
2852,0aaa76206517,MonkeySwingSnap,GAME/LARA.C,6786,DoSubsuitStuff,combat-camera-context,no,no,no
2853,0aaa76206517,MonkeySwingSnap,GAME/LARA.C,6788,UNIMPLEMENTED,combat-camera-context,no,no,no
2854,0aaa76206517,TestHangSwingIn,GAME/LARA.C,55,void,combat-camera-context,no,no,no
2855,0aaa76206517,TestHangSwingIn,GAME/LARA.C,198,void,combat-camera-context,no,no,no
2856,0aaa76206517,TestHangSwingIn,GAME/LARA.C,341,lara_as_pbleapoff,combat-camera-context,no,no,no
2857,0aaa76206517,TestHangSwingIn,GAME/LARA.C,366,SIN,combat-camera-context,no,no,no
2858,0aaa76206517,TestHangSwingIn,GAME/LARA.C,367,COS,combat-camera-context,no,no,no
2859,0aaa76206517,TestHangSwingIn,GAME/LARA.C,377,lara_as_parallelbars,combat-camera-context,no,no,no
2860,0aaa76206517,TestHangSwingIn,GAME/LARA.C,385,lara_as_trfall,combat-camera-context,no,no,no
2861,0aaa76206517,TestHangSwingIn,GAME/LARA.C,396,GetLaraJointPos,combat-camera-context,no,no,no
2862,0aaa76206517,TestHangSwingIn,GAME/LARA.C,456,GetRandomControl,combat-camera-context,no,no,no
2863,0aaa76206517,TestHangSwingIn,GAME/LARA.C,462,lara_as_trwalk,combat-camera-context,no,no,no
2864,0aaa76206517,TestHangSwingIn,GAME/LARA.C,472,GetHeight,combat-camera-context,no,no,no
2865,0aaa76206517,TestHangSwingIn,GAME/LARA.C,472,GetFloor,combat-camera-context,no,no,no
2866,0aaa76206517,TestHangSwingIn,GAME/LARA.C,481,GetTighRopeFallOff,combat-camera-context,no,no,no
2867,0aaa76206517,TestHangSwingIn,GAME/LARA.C,488,LookUpDown,combat-camera-context,no,no,no
2868,0aaa76206517,TestHangSwingIn,GAME/LARA.C,500,lara_as_trpose,combat-camera-context,no,no,no
2869,0aaa76206517,TestHangSwingIn,GAME/LARA.C,503,LookUpDown,combat-camera-context,no,no,no
2870,0aaa76206517,TestHangSwingIn,GAME/LARA.C,505,GetTighRopeFallOff,combat-camera-context,no,no,no
2871,0aaa76206517,TestHangSwingIn,GAME/LARA.C,510,GetRandomControl,combat-camera-context,no,no,no
2872,0aaa76206517,TestHangSwingIn,GAME/LARA.C,528,GetTighRopeFallOff,combat-camera-context,no,no,no
2873,0aaa76206517,TestHangSwingIn,GAME/LARA.C,535,GetTighRopeFallOff,combat-camera-context,no,no,no
2874,0aaa76206517,TestHangSwingIn,GAME/LARA.C,545,GetRandomControl,combat-camera-context,no,no,no
2875,0aaa76206517,TestHangSwingIn,GAME/LARA.C,546,GetRandomControl,combat-camera-context,no,no,no
2876,0aaa76206517,TestHangSwingIn,GAME/LARA.C,549,LookLeftRight,combat-camera-context,no,no,no
2877,0aaa76206517,TestHangSwingIn,GAME/LARA.C,555,ANGLE,combat-camera-context,no,no,no
2878,0aaa76206517,TestHangSwingIn,GAME/LARA.C,558,ANGLE,combat-camera-context,no,no,no
2879,0aaa76206517,TestHangSwingIn,GAME/LARA.C,560,ANGLE,combat-camera-context,no,no,no
2880,0aaa76206517,TestHangSwingIn,GAME/LARA.C,566,ANGLE,combat-camera-context,no,no,no
2881,0aaa76206517,TestHangSwingIn,GAME/LARA.C,569,ANGLE,combat-camera-context,no,no,no
2882,0aaa76206517,TestHangSwingIn,GAME/LARA.C,571,ANGLE,combat-camera-context,no,no,no
2883,0aaa76206517,TestHangSwingIn,GAME/LARA.C,578,LookUpDown,combat-camera-context,no,no,no
2884,0aaa76206517,TestHangSwingIn,GAME/LARA.C,584,ANGLE,combat-camera-context,no,no,no
2885,0aaa76206517,TestHangSwingIn,GAME/LARA.C,587,ANGLE,combat-camera-context,no,no,no
2886,0aaa76206517,TestHangSwingIn,GAME/LARA.C,589,ANGLE,combat-camera-context,no,no,no
2887,0aaa76206517,TestHangSwingIn,GAME/LARA.C,595,ANGLE,combat-camera-context,no,no,no
2888,0aaa76206517,TestHangSwingIn,GAME/LARA.C,598,ANGLE,combat-camera-context,no,no,no
2889,0aaa76206517,TestHangSwingIn,GAME/LARA.C,600,ANGLE,combat-camera-context,no,no,no
2890,0aaa76206517,TestHangSwingIn,GAME/LARA.C,607,ResetLook,combat-camera-context,no,no,no
2891,0aaa76206517,TestHangSwingIn,GAME/LARA.C,611,ANGLE,combat-camera-context,no,no,no
2892,0aaa76206517,TestHangSwingIn,GAME/LARA.C,611,ANGLE,combat-camera-context,no,no,no
2893,0aaa76206517,TestHangSwingIn,GAME/LARA.C,616,ANGLE,combat-camera-context,no,no,no
2894,0aaa76206517,TestHangSwingIn,GAME/LARA.C,616,ANGLE,combat-camera-context,no,no,no
2895,0aaa76206517,TestHangSwingIn,GAME/LARA.C,636,lara_col_jumper,combat-camera-context,no,no,no
2896,0aaa76206517,TestHangSwingIn,GAME/LARA.C,642,GetLaraCollisionInfo,combat-camera-context,no,no,no
2897,0aaa76206517,TestHangSwingIn,GAME/LARA.C,643,LaraDeflectEdgeJump,combat-camera-context,no,no,no
2898,0aaa76206517,TestHangSwingIn,GAME/LARA.C,647,LaraLandedBad,combat-camera-context,no,no,no
2899,0aaa76206517,TestHangSwingIn,GAME/LARA.C,660,lara_default_col,combat-camera-context,no,no,no
2900,0aaa76206517,TestHangSwingIn,GAME/LARA.C,668,GetLaraCollisionInfo,combat-camera-context,no,no,no
2901,0aaa76206517,TestHangSwingIn,GAME/LARA.C,671,lara_col_wade,combat-camera-context,no,no,no
2902,0aaa76206517,TestHangSwingIn,GAME/LARA.C,681,GetLaraCollisionInfo,combat-camera-context,no,no,no
2903,0aaa76206517,TestHangSwingIn,GAME/LARA.C,683,LaraHitCeiling,combat-camera-context,no,no,no
2904,0aaa76206517,TestHangSwingIn,GAME/LARA.C,683,TestLaraVault,combat-camera-context,no,no,no
2905,0aaa76206517,TestHangSwingIn,GAME/LARA.C,685,LaraDeflectEdge,combat-camera-context,no,no,no
2906,0aaa76206517,TestHangSwingIn,GAME/LARA.C,708,LaraCollideStop,combat-camera-context,no,no,no
2907,0aaa76206517,TestHangSwingIn,GAME/LARA.C,737,lara_col_fastdive,combat-camera-context,no,no,no
2908,0aaa76206517,TestHangSwingIn,GAME/LARA.C,745,GetLaraCollisionInfo,combat-camera-context,no,no,no
2909,0aaa76206517,TestHangSwingIn,GAME/LARA.C,746,LaraDeflectEdgeJump,combat-camera-context,no,no,no
2910,0aaa76206517,TestHangSwingIn,GAME/LARA.C,763,lara_col_swandive,combat-camera-context,no,no,no
2911,0aaa76206517,TestHangSwingIn,GAME/LARA.C,771,GetLaraCollisionInfo,combat-camera-context,no,no,no
2912,0aaa76206517,TestHangSwingIn,GAME/LARA.C,772,LaraDeflectEdgeJump,combat-camera-context,no,no,no
2913,0aaa76206517,TestHangSwingIn,GAME/LARA.C,786,lara_col_roll2,combat-camera-context,no,no,no
2914,0aaa76206517,TestHangSwingIn,GAME/LARA.C,793,ANGLE,combat-camera-context,no,no,no
2915,0aaa76206517,TestHangSwingIn,GAME/LARA.C,801,GetLaraCollisionInfo,combat-camera-context,no,no,no
2916,0aaa76206517,TestHangSwingIn,GAME/LARA.C,803,LaraHitCeiling,combat-camera-context,no,no,no
2917,0aaa76206517,TestHangSwingIn,GAME/LARA.C,803,TestLaraSlide,combat-camera-context,no,no,no
2918,0aaa76206517,TestHangSwingIn,GAME/LARA.C,807,ShiftItem,combat-camera-context,no,no,no
2919,0aaa76206517,TestHangSwingIn,GAME/LARA.C,826,lara_col_roll,combat-camera-context,no,no,no
2920,0aaa76206517,TestHangSwingIn,GAME/LARA.C,840,GetLaraCollisionInfo,combat-camera-context,no,no,no
2921,0aaa76206517,TestHangSwingIn,GAME/LARA.C,842,LaraHitCeiling,combat-camera-context,no,no,no
2922,0aaa76206517,TestHangSwingIn,GAME/LARA.C,844,TestLaraSlide,combat-camera-context,no,no,no
2923,0aaa76206517,TestHangSwingIn,GAME/LARA.C,846,LaraFallen,combat-camera-context,no,no,no
2924,0aaa76206517,TestHangSwingIn,GAME/LARA.C,848,ShiftItem,combat-camera-context,no,no,no
2925,0aaa76206517,TestHangSwingIn,GAME/LARA.C,857,lara_col_slideback,combat-camera-context,no,no,no
2926,0aaa76206517,TestHangSwingIn,GAME/LARA.C,859,ANGLE,combat-camera-context,no,no,no
2927,0aaa76206517,TestHangSwingIn,GAME/LARA.C,860,lara_slide_slope,combat-camera-context,no,no,no
2928,0aaa76206517,TestHangSwingIn,GAME/LARA.C,863,lara_col_fallback,combat-camera-context,no,no,no
2929,0aaa76206517,TestHangSwingIn,GAME/LARA.C,865,ANGLE,combat-camera-context,no,no,no
2930,0aaa76206517,TestHangSwingIn,GAME/LARA.C,871,GetLaraCollisionInfo,combat-camera-context,no,no,no
2931,0aaa76206517,TestHangSwingIn,GAME/LARA.C,872,LaraDeflectEdgeJump,combat-camera-context,no,no,no
2932,0aaa76206517,TestHangSwingIn,GAME/LARA.C,876,LaraLandedBad,combat-camera-context,no,no,no
2933,0aaa76206517,TestHangSwingIn,GAME/LARA.C,889,lara_col_leftjump,combat-camera-context,no,no,no
2934,0aaa76206517,TestHangSwingIn,GAME/LARA.C,891,ANGLE,combat-camera-context,no,no,no
2935,0aaa76206517,TestHangSwingIn,GAME/LARA.C,892,lara_col_jumper,combat-camera-context,no,no,no
2936,0aaa76206517,TestHangSwingIn,GAME/LARA.C,895,lara_col_rightjump,combat-camera-context,no,no,no
2937,0aaa76206517,TestHangSwingIn,GAME/LARA.C,897,ANGLE,combat-camera-context,no,no,no
2938,0aaa76206517,TestHangSwingIn,GAME/LARA.C,898,lara_col_jumper,combat-camera-context,no,no,no
2939,0aaa76206517,TestHangSwingIn,GAME/LARA.C,901,lara_col_backjump,combat-camera-context,no,no,no
2940,0aaa76206517,TestHangSwingIn,GAME/LARA.C,903,ANGLE,combat-camera-context,no,no,no
2941,0aaa76206517,TestHangSwingIn,GAME/LARA.C,904,lara_col_jumper,combat-camera-context,no,no,no
2942,0aaa76206517,TestHangSwingIn,GAME/LARA.C,907,lara_col_slide,combat-camera-context,no,no,no
2943,0aaa76206517,TestHangSwingIn,GAME/LARA.C,910,lara_slide_slope,combat-camera-context,no,no,no
2944,0aaa76206517,TestHangSwingIn,GAME/LARA.C,913,lara_col_stepleft,combat-camera-context,no,no,no
2945,0aaa76206517,TestHangSwingIn,GAME/LARA.C,915,lara_col_stepright,combat-camera-context,no,no,no
2946,0aaa76206517,TestHangSwingIn,GAME/LARA.C,918,lara_col_stepright,combat-camera-context,no,no,no
2947,0aaa76206517,TestHangSwingIn,GAME/LARA.C,921,ANGLE,combat-camera-context,no,no,no
2948,0aaa76206517,TestHangSwingIn,GAME/LARA.C,923,ANGLE,combat-camera-context,no,no,no
2949,0aaa76206517,TestHangSwingIn,GAME/LARA.C,939,GetLaraCollisionInfo,combat-camera-context,no,no,no
2950,0aaa76206517,TestHangSwingIn,GAME/LARA.C,941,LaraHitCeiling,combat-camera-context,no,no,no
2951,0aaa76206517,TestHangSwingIn,GAME/LARA.C,943,LaraDeflectEdge,combat-camera-context,no,no,no
2952,0aaa76206517,TestHangSwingIn,GAME/LARA.C,944,LaraCollideStop,combat-camera-context,no,no,no
2953,0aaa76206517,TestHangSwingIn,GAME/LARA.C,946,LaraFallen,combat-camera-context,no,no,no
2954,0aaa76206517,TestHangSwingIn,GAME/LARA.C,946,TestLaraSlide,combat-camera-context,no,no,no
2955,0aaa76206517,TestHangSwingIn,GAME/LARA.C,951,lara_col_back,combat-camera-context,no,no,no
2956,0aaa76206517,TestHangSwingIn,GAME/LARA.C,956,ANGLE,combat-camera-context,no,no,no
2957,0aaa76206517,TestHangSwingIn,GAME/LARA.C,969,GetLaraCollisionInfo,combat-camera-context,no,no,no
2958,0aaa76206517,TestHangSwingIn,GAME/LARA.C,971,LaraHitCeiling,combat-camera-context,no,no,no
2959,0aaa76206517,TestHangSwingIn,GAME/LARA.C,973,LaraDeflectEdge,combat-camera-context,no,no,no
2960,0aaa76206517,TestHangSwingIn,GAME/LARA.C,974,LaraCollideStop,combat-camera-context,no,no,no
2961,0aaa76206517,TestHangSwingIn,GAME/LARA.C,976,LaraFallen,combat-camera-context,no,no,no
2962,0aaa76206517,TestHangSwingIn,GAME/LARA.C,992,TestLaraSlide,combat-camera-context,no,no,no
2963,0aaa76206517,TestHangSwingIn,GAME/LARA.C,998,lara_col_compress,combat-camera-context,no,no,no
2964,0aaa76206517,TestHangSwingIn,GAME/LARA.C,1007,GetLaraCollisionInfo,combat-camera-context,no,no,no
2965,0aaa76206517,TestHangSwingIn,GAME/LARA.C,1009,LaraFallen,combat-camera-context,no,no,no
2966,0aaa76206517,TestHangSwingIn,GAME/LARA.C,1032,lara_col_land,combat-camera-context,no,no,no
2967,0aaa76206517,TestHangSwingIn,GAME/LARA.C,1034,lara_col_stop,combat-camera-context,no,no,no
2968,0aaa76206517,TestHangSwingIn,GAME/LARA.C,1037,lara_col_splat,combat-camera-context,no,no,no
2969,0aaa76206517,TestHangSwingIn,GAME/LARA.C,1048,GetLaraCollisionInfo,combat-camera-context,no,no,no
2970,0aaa76206517,TestHangSwingIn,GAME/LARA.C,1049,ShiftItem,combat-camera-context,no,no,no
2971,0aaa76206517,TestHangSwingIn,GAME/LARA.C,1055,lara_col_fastfall,combat-camera-context,no,no,no
2972,0aaa76206517,TestHangSwingIn,GAME/LARA.C,1063,GetLaraCollisionInfo,combat-camera-context,no,no,no
2973,0aaa76206517,TestHangSwingIn,GAME/LARA.C,1064,LaraSlideEdgeJump,combat-camera-context,no,no,no
2974,0aaa76206517,TestHangSwingIn,GAME/LARA.C,1068,LaraLandedBad,combat-camera-context,no,no,no
2975,0aaa76206517,TestHangSwingIn,GAME/LARA.C,1080,StopSoundEffect,combat-camera-context,no,no,no
2976,0aaa76206517,TestHangSwingIn,GAME/LARA.C,1090,lara_col_death,combat-camera-context,no,no,no
2977,0aaa76206517,TestHangSwingIn,GAME/LARA.C,1092,StopSoundEffect,combat-camera-context,no,no,no
2978,0aaa76206517,TestHangSwingIn,GAME/LARA.C,1100,GetLaraCollisionInfo,combat-camera-context,no,no,no
2979,0aaa76206517,TestHangSwingIn,GAME/LARA.C,1101,ShiftItem,combat-camera-context,no,no,no
2980,0aaa76206517,TestHangSwingIn,GAME/LARA.C,1110,lara_col_turn_l,combat-camera-context,no,no,no
2981,0aaa76206517,TestHangSwingIn,GAME/LARA.C,1112,lara_col_turn_r,combat-camera-context,no,no,no
2982,0aaa76206517,TestHangSwingIn,GAME/LARA.C,1115,lara_col_turn_r,combat-camera-context,no,no,no
2983,0aaa76206517,TestHangSwingIn,GAME/LARA.C,1128,GetLaraCollisionInfo,combat-camera-context,no,no,no
2984,0aaa76206517,TestHangSwingIn,GAME/LARA.C,1132,TestLaraSlide,combat-camera-context,no,no,no
2985,0aaa76206517,TestHangSwingIn,GAME/LARA.C,1146,lara_col_fastback,combat-camera-context,no,no,no
2986,0aaa76206517,TestHangSwingIn,GAME/LARA.C,1151,ANGLE,combat-camera-context,no,no,no
2987,0aaa76206517,TestHangSwingIn,GAME/LARA.C,1160,GetLaraCollisionInfo,combat-camera-context,no,no,no
2988,0aaa76206517,TestHangSwingIn,GAME/LARA.C,1162,LaraHitCeiling,combat-camera-context,no,no,no
2989,0aaa76206517,TestHangSwingIn,GAME/LARA.C,1166,LaraDeflectEdge,combat-camera-context,no,no,no
2990,0aaa76206517,TestHangSwingIn,GAME/LARA.C,1167,LaraCollideStop,combat-camera-context,no,no,no
2991,0aaa76206517,TestHangSwingIn,GAME/LARA.C,1169,TestLaraSlide,combat-camera-context,no,no,no
2992,0aaa76206517,TestHangSwingIn,GAME/LARA.C,1186,lara_col_pose,combat-camera-context,no,no,no
2993,0aaa76206517,TestHangSwingIn,GAME/LARA.C,1188,lara_col_stop,combat-camera-context,no,no,no
2994,0aaa76206517,TestHangSwingIn,GAME/LARA.C,1191,lara_col_run,combat-camera-context,no,no,no
2995,0aaa76206517,TestHangSwingIn,GAME/LARA.C,1201,GetLaraCollisionInfo,combat-camera-context,no,no,no
2996,0aaa76206517,TestHangSwingIn,GAME/LARA.C,1203,LaraHitCeiling,combat-camera-context,no,no,no
2997,0aaa76206517,TestHangSwingIn,GAME/LARA.C,1203,TestLaraVault,combat-camera-context,no,no,no
2998,0aaa76206517,TestHangSwingIn,GAME/LARA.C,1205,LaraDeflectEdge,combat-camera-context,no,no,no
2999,0aaa76206517,TestHangSwingIn,GAME/LARA.C,1209,TestWall,combat-camera-context,no,no,no
3000,0aaa76206517,TestHangSwingIn,GAME/LARA.C,1230,LaraCollideStop,combat-camera-context,no,no,no
3001,0aaa76206517,TestHangSwingIn,GAME/LARA.C,1233,LaraFallen,combat-camera-context,no,no,no
3002,0aaa76206517,TestHangSwingIn,GAME/LARA.C,1256,TestLaraSlide,combat-camera-context,no,no,no
3003,0aaa76206517,TestHangSwingIn,GAME/LARA.C,1272,lara_col_walk,combat-camera-context,no,no,no
3004,0aaa76206517,TestHangSwingIn,GAME/LARA.C,1287,GetLaraCollisionInfo,combat-camera-context,no,no,no
3005,0aaa76206517,TestHangSwingIn,GAME/LARA.C,1289,LaraHitCeiling,combat-camera-context,no,no,no
3006,0aaa76206517,TestHangSwingIn,GAME/LARA.C,1289,TestLaraVault,combat-camera-context,no,no,no
3007,0aaa76206517,TestHangSwingIn,GAME/LARA.C,1291,LaraDeflectEdge,combat-camera-context,no,no,no
3008,0aaa76206517,TestHangSwingIn,GAME/LARA.C,1308,LaraCollideStop,combat-camera-context,no,no,no
3009,0aaa76206517,TestHangSwingIn,GAME/LARA.C,1313,LaraFallen,combat-camera-context,no,no,no
3010,0aaa76206517,TestHangSwingIn,GAME/LARA.C,1358,TestLaraSlide,combat-camera-context,no,no,no
3011,0aaa76206517,TestHangSwingIn,GAME/LARA.C,1364,lara_as_pulley,combat-camera-context,no,no,no
3012,0aaa76206517,TestHangSwingIn,GAME/LARA.C,1404,ABS,combat-camera-context,no,no,no
3013,0aaa76206517,TestHangSwingIn,GAME/LARA.C,1415,lara_col_turnswitch,combat-camera-context,no,no,no
3014,0aaa76206517,TestHangSwingIn,GAME/LARA.C,1421,ANGLE,combat-camera-context,no,no,no
3015,0aaa76206517,TestHangSwingIn,GAME/LARA.C,1429,ANGLE,combat-camera-context,no,no,no
3016,0aaa76206517,TestHangSwingIn,GAME/LARA.C,1437,lara_as_controlledl,combat-camera-context,no,no,no
3017,0aaa76206517,TestHangSwingIn,GAME/LARA.C,1444,lara_as_controlled,combat-camera-context,no,no,no
3018,0aaa76206517,TestHangSwingIn,GAME/LARA.C,1457,lara_as_deathslide,combat-camera-context,no,no,no
3019,0aaa76206517,TestHangSwingIn,GAME/LARA.C,1461,ANGLE,combat-camera-context,no,no,no
3020,0aaa76206517,TestHangSwingIn,GAME/LARA.C,1463,GetHeight,combat-camera-context,no,no,no
3021,0aaa76206517,TestHangSwingIn,GAME/LARA.C,1463,GetFloor,combat-camera-context,no,no,no
3022,0aaa76206517,TestHangSwingIn,GAME/LARA.C,1472,AnimateLara,combat-camera-context,no,no,no
3023,0aaa76206517,TestHangSwingIn,GAME/LARA.C,1482,lara_as_wade,combat-camera-context,no,no,no
3024,0aaa76206517,TestHangSwingIn,GAME/LARA.C,1491,ANGLE,combat-camera-context,no,no,no
3025,0aaa76206517,TestHangSwingIn,GAME/LARA.C,1496,ANGLE,combat-camera-context,no,no,no
3026,0aaa76206517,TestHangSwingIn,GAME/LARA.C,1497,ANGLE,combat-camera-context,no,no,no
3027,0aaa76206517,TestHangSwingIn,GAME/LARA.C,1499,ANGLE,combat-camera-context,no,no,no
3028,0aaa76206517,TestHangSwingIn,GAME/LARA.C,1500,ANGLE,combat-camera-context,no,no,no
3029,0aaa76206517,TestHangSwingIn,GAME/LARA.C,1501,ANGLE,combat-camera-context,no,no,no
3030,0aaa76206517,TestHangSwingIn,GAME/LARA.C,1506,ANGLE,combat-camera-context,no,no,no
3031,0aaa76206517,TestHangSwingIn,GAME/LARA.C,1507,ANGLE,combat-camera-context,no,no,no
3032,0aaa76206517,TestHangSwingIn,GAME/LARA.C,1509,ANGLE,combat-camera-context,no,no,no
3033,0aaa76206517,TestHangSwingIn,GAME/LARA.C,1510,ANGLE,combat-camera-context,no,no,no
3034,0aaa76206517,TestHangSwingIn,GAME/LARA.C,1511,ANGLE,combat-camera-context,no,no,no
3035,0aaa76206517,TestHangSwingIn,GAME/LARA.C,1527,lara_as_waterout,combat-camera-context,no,no,no
3036,0aaa76206517,TestHangSwingIn,GAME/LARA.C,1534,lara_as_gymnast,combat-camera-context,no,no,no
3037,0aaa76206517,TestHangSwingIn,GAME/LARA.C,1540,lara_as_fastdive,combat-camera-context,no,no,no
3038,0aaa76206517,TestHangSwingIn,GAME/LARA.C,1549,lara_as_swandive,combat-camera-context,no,no,no
3039,0aaa76206517,TestHangSwingIn,GAME/LARA.C,1557,lara_as_special,combat-camera-context,no,no,no
3040,0aaa76206517,TestHangSwingIn,GAME/LARA.C,1560,ANGLE,combat-camera-context,no,no,no
3041,0aaa76206517,TestHangSwingIn,GAME/LARA.C,1561,ANGLE,combat-camera-context,no,no,no
3042,0aaa76206517,TestHangSwingIn,GAME/LARA.C,1564,lara_as_usepuzzle,combat-camera-context,no,no,no
3043,0aaa76206517,TestHangSwingIn,GAME/LARA.C,1571,ANGLE,combat-camera-context,no,no,no
3044,0aaa76206517,TestHangSwingIn,GAME/LARA.C,1572,ANGLE,combat-camera-context,no,no,no
3045,0aaa76206517,TestHangSwingIn,GAME/LARA.C,1573,SECTOR,combat-camera-context,no,no,no
3046,0aaa76206517,TestHangSwingIn,GAME/LARA.C,1586,lara_as_usekey,combat-camera-context,no,no,no
3047,0aaa76206517,TestHangSwingIn,GAME/LARA.C,1591,ANGLE,combat-camera-context,no,no,no
3048,0aaa76206517,TestHangSwingIn,GAME/LARA.C,1593,SECTOR,combat-camera-context,no,no,no
3049,0aaa76206517,TestHangSwingIn,GAME/LARA.C,1596,lara_as_switchoff,combat-camera-context,no,no,no
3050,0aaa76206517,TestHangSwingIn,GAME/LARA.C,1601,ANGLE,combat-camera-context,no,no,no
3051,0aaa76206517,TestHangSwingIn,GAME/LARA.C,1602,ANGLE,combat-camera-context,no,no,no
3052,0aaa76206517,TestHangSwingIn,GAME/LARA.C,1603,SECTOR,combat-camera-context,no,no,no
3053,0aaa76206517,TestHangSwingIn,GAME/LARA.C,1607,lara_as_switchon,combat-camera-context,no,no,no
3054,0aaa76206517,TestHangSwingIn,GAME/LARA.C,1612,ANGLE,combat-camera-context,no,no,no
3055,0aaa76206517,TestHangSwingIn,GAME/LARA.C,1613,ANGLE,combat-camera-context,no,no,no
3056,0aaa76206517,TestHangSwingIn,GAME/LARA.C,1614,SECTOR,combat-camera-context,no,no,no
3057,0aaa76206517,TestHangSwingIn,GAME/LARA.C,1618,lara_as_pickupflare,combat-camera-context,no,no,no
3058,0aaa76206517,TestHangSwingIn,GAME/LARA.C,1623,ANGLE,combat-camera-context,no,no,no
3059,0aaa76206517,TestHangSwingIn,GAME/LARA.C,1624,ANGLE,combat-camera-context,no,no,no
3060,0aaa76206517,TestHangSwingIn,GAME/LARA.C,1625,SECTOR,combat-camera-context,no,no,no
3061,0aaa76206517,TestHangSwingIn,GAME/LARA.C,1630,lara_as_pickup,combat-camera-context,no,no,no
3062,0aaa76206517,TestHangSwingIn,GAME/LARA.C,1635,ANGLE,combat-camera-context,no,no,no
3063,0aaa76206517,TestHangSwingIn,GAME/LARA.C,1636,ANGLE,combat-camera-context,no,no,no
3064,0aaa76206517,TestHangSwingIn,GAME/LARA.C,1637,SECTOR,combat-camera-context,no,no,no
3065,0aaa76206517,TestHangSwingIn,GAME/LARA.C,1640,lara_as_ppready,combat-camera-context,no,no,no
3066,0aaa76206517,TestHangSwingIn,GAME/LARA.C,1644,ANGLE,combat-camera-context,no,no,no
3067,0aaa76206517,TestHangSwingIn,GAME/LARA.C,1649,lara_as_pullblock,combat-camera-context,no,no,no
3068,0aaa76206517,TestHangSwingIn,GAME/LARA.C,1655,ANGLE,combat-camera-context,no,no,no
3069,0aaa76206517,TestHangSwingIn,GAME/LARA.C,1659,lara_as_pushblock,combat-camera-context,no,no,no
3070,0aaa76206517,TestHangSwingIn,GAME/LARA.C,1665,ANGLE,combat-camera-context,no,no,no
3071,0aaa76206517,TestHangSwingIn,GAME/LARA.C,1669,lara_as_slideback,combat-camera-context,no,no,no
3072,0aaa76206517,TestHangSwingIn,GAME/LARA.C,1677,lara_as_fallback,combat-camera-context,no,no,no
3073,0aaa76206517,TestHangSwingIn,GAME/LARA.C,1687,lara_as_leftjump,combat-camera-context,no,no,no
3074,0aaa76206517,TestHangSwingIn,GAME/LARA.C,1704,lara_as_rightjump,combat-camera-context,no,no,no
3075,0aaa76206517,TestHangSwingIn,GAME/LARA.C,1721,lara_as_backjump,combat-camera-context,no,no,no
3076,0aaa76206517,TestHangSwingIn,GAME/LARA.C,1723,ANGLE,combat-camera-context,no,no,no
3077,0aaa76206517,TestHangSwingIn,GAME/LARA.C,1741,lara_as_slide,combat-camera-context,no,no,no
3078,0aaa76206517,TestHangSwingIn,GAME/LARA.C,1749,lara_as_stepleft,combat-camera-context,no,no,no
3079,0aaa76206517,TestHangSwingIn,GAME/LARA.C,1768,ANGLE,combat-camera-context,no,no,no
3080,0aaa76206517,TestHangSwingIn,GAME/LARA.C,1769,ANGLE,combat-camera-context,no,no,no
3081,0aaa76206517,TestHangSwingIn,GAME/LARA.C,1774,ANGLE,combat-camera-context,no,no,no
3082,0aaa76206517,TestHangSwingIn,GAME/LARA.C,1775,ANGLE,combat-camera-context,no,no,no
3083,0aaa76206517,TestHangSwingIn,GAME/LARA.C,1780,lara_as_stepright,combat-camera-context,no,no,no
3084,0aaa76206517,TestHangSwingIn,GAME/LARA.C,1799,ANGLE,combat-camera-context,no,no,no
3085,0aaa76206517,TestHangSwingIn,GAME/LARA.C,1800,ANGLE,combat-camera-context,no,no,no
3086,0aaa76206517,TestHangSwingIn,GAME/LARA.C,1805,ANGLE,combat-camera-context,no,no,no
3087,0aaa76206517,TestHangSwingIn,GAME/LARA.C,1806,ANGLE,combat-camera-context,no,no,no
3088,0aaa76206517,TestHangSwingIn,GAME/LARA.C,1811,lara_col_fastturn,combat-camera-context,no,no,no
3089,0aaa76206517,TestHangSwingIn,GAME/LARA.C,1813,lara_col_stop,combat-camera-context,no,no,no
3090,0aaa76206517,TestHangSwingIn,GAME/LARA.C,1816,lara_as_fastturn,combat-camera-context,no,no,no
3091,0aaa76206517,TestHangSwingIn,GAME/LARA.C,1827,ANGLE,combat-camera-context,no,no,no
3092,0aaa76206517,TestHangSwingIn,GAME/LARA.C,1836,ANGLE,combat-camera-context,no,no,no
3093,0aaa76206517,TestHangSwingIn,GAME/LARA.C,1845,lara_as_null,combat-camera-context,no,no,no
3094,0aaa76206517,TestHangSwingIn,GAME/LARA.C,1852,lara_as_back,combat-camera-context,no,no,no
3095,0aaa76206517,TestHangSwingIn,GAME/LARA.C,1871,ANGLE,combat-camera-context,no,no,no
3096,0aaa76206517,TestHangSwingIn,GAME/LARA.C,1872,ANGLE,combat-camera-context,no,no,no
3097,0aaa76206517,TestHangSwingIn,GAME/LARA.C,1877,ANGLE,combat-camera-context,no,no,no
3098,0aaa76206517,TestHangSwingIn,GAME/LARA.C,1878,ANGLE,combat-camera-context,no,no,no
3099,0aaa76206517,TestHangSwingIn,GAME/LARA.C,1883,lara_as_compress,combat-camera-context,no,no,no
3100,0aaa76206517,TestHangSwingIn,GAME/LARA.C,1887,LaraFloorFront,combat-camera-context,no,no,no
3101,0aaa76206517,TestHangSwingIn,GAME/LARA.C,1892,LaraFloorFront,combat-camera-context,no,no,no
3102,0aaa76206517,TestHangSwingIn,GAME/LARA.C,1892,ANGLE,combat-camera-context,no,no,no
3103,0aaa76206517,TestHangSwingIn,GAME/LARA.C,1895,ANGLE,combat-camera-context,no,no,no
3104,0aaa76206517,TestHangSwingIn,GAME/LARA.C,1897,LaraFloorFront,combat-camera-context,no,no,no
3105,0aaa76206517,TestHangSwingIn,GAME/LARA.C,1897,ANGLE,combat-camera-context,no,no,no
3106,0aaa76206517,TestHangSwingIn,GAME/LARA.C,1900,ANGLE,combat-camera-context,no,no,no
3107,0aaa76206517,TestHangSwingIn,GAME/LARA.C,1902,LaraFloorFront,combat-camera-context,no,no,no
3108,0aaa76206517,TestHangSwingIn,GAME/LARA.C,1902,ANGLE,combat-camera-context,no,no,no
3109,0aaa76206517,TestHangSwingIn,GAME/LARA.C,1905,ANGLE,combat-camera-context,no,no,no
3110,0aaa76206517,TestHangSwingIn,GAME/LARA.C,1913,lara_as_splat,combat-camera-context,no,no,no
3111,0aaa76206517,TestHangSwingIn,GAME/LARA.C,1918,lara_as_intcornerr,combat-camera-context,no,no,no
3112,0aaa76206517,TestHangSwingIn,GAME/LARA.C,1921,ANGLE,combat-camera-context,no,no,no
3113,0aaa76206517,TestHangSwingIn,GAME/LARA.C,1922,SetCornerAnim,combat-camera-context,no,no,no
3114,0aaa76206517,TestHangSwingIn,GAME/LARA.C,1922,ANGLE,combat-camera-context,no,no,no
3115,0aaa76206517,TestHangSwingIn,GAME/LARA.C,1927,lara_as_intcornerl,combat-camera-context,no,no,no
3116,0aaa76206517,TestHangSwingIn,GAME/LARA.C,1930,ANGLE,combat-camera-context,no,no,no
3117,0aaa76206517,TestHangSwingIn,GAME/LARA.C,1931,SetCornerAnim,combat-camera-context,no,no,no
3118,0aaa76206517,TestHangSwingIn,GAME/LARA.C,1931,ANGLE,combat-camera-context,no,no,no
3119,0aaa76206517,TestHangSwingIn,GAME/LARA.C,1936,lara_as_extcornerr,combat-camera-context,no,no,no
3120,0aaa76206517,TestHangSwingIn,GAME/LARA.C,1939,ANGLE,combat-camera-context,no,no,no
3121,0aaa76206517,TestHangSwingIn,GAME/LARA.C,1940,SetCornerAnim,combat-camera-context,no,no,no
3122,0aaa76206517,TestHangSwingIn,GAME/LARA.C,1940,ANGLE,combat-camera-context,no,no,no
3123,0aaa76206517,TestHangSwingIn,GAME/LARA.C,1945,lara_as_extcornerl,combat-camera-context,no,no,no
3124,0aaa76206517,TestHangSwingIn,GAME/LARA.C,1948,ANGLE,combat-camera-context,no,no,no
3125,0aaa76206517,TestHangSwingIn,GAME/LARA.C,1949,SetCornerAnim,combat-camera-context,no,no,no
3126,0aaa76206517,TestHangSwingIn,GAME/LARA.C,1949,ANGLE,combat-camera-context,no,no,no
3127,0aaa76206517,TestHangSwingIn,GAME/LARA.C,1954,SetCornerAnim,combat-camera-context,no,no,no
3128,0aaa76206517,TestHangSwingIn,GAME/LARA.C,2004,lara_col_hangright,combat-camera-context,no,no,no
3129,0aaa76206517,TestHangSwingIn,GAME/LARA.C,2006,ANGLE,combat-camera-context,no,no,no
3130,0aaa76206517,TestHangSwingIn,GAME/LARA.C,2008,LaraHangTest,combat-camera-context,no,no,no
3131,0aaa76206517,TestHangSwingIn,GAME/LARA.C,2009,ANGLE,combat-camera-context,no,no,no
3132,0aaa76206517,TestHangSwingIn,GAME/LARA.C,2012,lara_as_hangright,combat-camera-context,no,no,no
3133,0aaa76206517,TestHangSwingIn,GAME/LARA.C,2017,ANGLE,combat-camera-context,no,no,no
3134,0aaa76206517,TestHangSwingIn,GAME/LARA.C,2022,lara_col_hangleft,combat-camera-context,no,no,no
3135,0aaa76206517,TestHangSwingIn,GAME/LARA.C,2024,ANGLE,combat-camera-context,no,no,no
3136,0aaa76206517,TestHangSwingIn,GAME/LARA.C,2026,LaraHangTest,combat-camera-context,no,no,no
3137,0aaa76206517,TestHangSwingIn,GAME/LARA.C,2027,ANGLE,combat-camera-context,no,no,no
3138,0aaa76206517,TestHangSwingIn,GAME/LARA.C,2030,lara_as_hangleft,combat-camera-context,no,no,no
3139,0aaa76206517,TestHangSwingIn,GAME/LARA.C,2035,ANGLE,combat-camera-context,no,no,no
3140,0aaa76206517,TestHangSwingIn,GAME/LARA.C,2040,lara_col_hang,combat-camera-context,no,no,no
3141,0aaa76206517,TestHangSwingIn,GAME/LARA.C,2051,CanLaraHangSideways,combat-camera-context,no,no,no
3142,0aaa76206517,TestHangSwingIn,GAME/LARA.C,2051,ANGLE,combat-camera-context,no,no,no
3143,0aaa76206517,TestHangSwingIn,GAME/LARA.C,2058,LaraHangLeftCornerTest,combat-camera-context,no,no,no
3144,0aaa76206517,TestHangSwingIn,GAME/LARA.C,2072,CanLaraHangSideways,combat-camera-context,no,no,no
3145,0aaa76206517,TestHangSwingIn,GAME/LARA.C,2072,ANGLE,combat-camera-context,no,no,no
3146,0aaa76206517,TestHangSwingIn,GAME/LARA.C,2079,LaraHangLeftCornerTest,combat-camera-context,no,no,no
3147,0aaa76206517,TestHangSwingIn,GAME/LARA.C,2094,LaraHangTest,combat-camera-context,no,no,no
3148,0aaa76206517,TestHangSwingIn,GAME/LARA.C,2098,TestForObjectOnLedge,combat-camera-context,no,no,no
3149,0aaa76206517,TestHangSwingIn,GAME/LARA.C,2109,ABS,combat-camera-context,no,no,no
3150,0aaa76206517,TestHangSwingIn,GAME/LARA.C,2134,ABS,combat-camera-context,no,no,no
3151,0aaa76206517,TestHangSwingIn,GAME/LARA.C,2157,ABS,combat-camera-context,no,no,no
3152,0aaa76206517,TestHangSwingIn,GAME/LARA.C,2159,LaraTestClimbStance,combat-camera-context,no,no,no
3153,0aaa76206517,TestHangSwingIn,GAME/LARA.C,2180,LaraTestClimbStance,combat-camera-context,no,no,no
3154,0aaa76206517,TestHangSwingIn,GAME/LARA.C,2196,lara_as_hang,combat-camera-context,no,no,no
3155,0aaa76206517,TestHangSwingIn,GAME/LARA.C,2208,LookUpDown,combat-camera-context,no,no,no
3156,0aaa76206517,TestHangSwingIn,GAME/LARA.C,2214,ANGLE,combat-camera-context,no,no,no
3157,0aaa76206517,TestHangSwingIn,GAME/LARA.C,2217,CanLaraHangSideways,combat-camera-context,no,no,no
3158,0aaa76206517,TestHangSwingIn,GAME/LARA.C,2227,ANGLE,combat-camera-context,no,no,no
3159,0aaa76206517,TestHangSwingIn,GAME/LARA.C,2227,ANGLE,combat-camera-context,no,no,no
3160,0aaa76206517,TestHangSwingIn,GAME/LARA.C,2248,LaraHangTest,combat-camera-context,no,no,no
3161,0aaa76206517,TestHangSwingIn,GAME/LARA.C,2258,lara_void_func,combat-camera-context,no,no,no
3162,0aaa76206517,TestHangSwingIn,GAME/LARA.C,2263,lara_as_fastfall,combat-camera-context,no,no,no
3163,0aaa76206517,TestHangSwingIn,GAME/LARA.C,2267,SoundEffect,combat-camera-context,no,no,no
3164,0aaa76206517,TestHangSwingIn,GAME/LARA.C,2270,lara_as_death,combat-camera-context,no,no,no
3165,0aaa76206517,TestHangSwingIn,GAME/LARA.C,2279,AlterFOV,combat-camera-context,no,no,no
3166,0aaa76206517,TestHangSwingIn,GAME/LARA.C,2279,ANGLE,combat-camera-context,no,no,no
3167,0aaa76206517,TestHangSwingIn,GAME/LARA.C,2285,lara_as_turn_l,combat-camera-context,no,no,no
3168,0aaa76206517,TestHangSwingIn,GAME/LARA.C,2298,ANGLE,combat-camera-context,no,no,no
3169,0aaa76206517,TestHangSwingIn,GAME/LARA.C,2301,ANGLE,combat-camera-context,no,no,no
3170,0aaa76206517,TestHangSwingIn,GAME/LARA.C,2333,lara_as_turn_r,combat-camera-context,no,no,no
3171,0aaa76206517,TestHangSwingIn,GAME/LARA.C,2346,ANGLE,combat-camera-context,no,no,no
3172,0aaa76206517,TestHangSwingIn,GAME/LARA.C,2349,ANGLE,combat-camera-context,no,no,no
3173,0aaa76206517,TestHangSwingIn,GAME/LARA.C,2381,lara_as_fastback,combat-camera-context,no,no,no
3174,0aaa76206517,TestHangSwingIn,GAME/LARA.C,2387,ANGLE,combat-camera-context,no,no,no
3175,0aaa76206517,TestHangSwingIn,GAME/LARA.C,2388,ANGLE,combat-camera-context,no,no,no
3176,0aaa76206517,TestHangSwingIn,GAME/LARA.C,2393,ANGLE,combat-camera-context,no,no,no
3177,0aaa76206517,TestHangSwingIn,GAME/LARA.C,2394,ANGLE,combat-camera-context,no,no,no
3178,0aaa76206517,TestHangSwingIn,GAME/LARA.C,2398,lara_as_run,combat-camera-context,no,no,no
3179,0aaa76206517,TestHangSwingIn,GAME/LARA.C,2444,ANGLE,combat-camera-context,no,no,no
3180,0aaa76206517,TestHangSwingIn,GAME/LARA.C,2445,ANGLE,combat-camera-context,no,no,no
3181,0aaa76206517,TestHangSwingIn,GAME/LARA.C,2447,ANGLE,combat-camera-context,no,no,no
3182,0aaa76206517,TestHangSwingIn,GAME/LARA.C,2448,ANGLE,combat-camera-context,no,no,no
3183,0aaa76206517,TestHangSwingIn,GAME/LARA.C,2449,ANGLE,combat-camera-context,no,no,no
3184,0aaa76206517,TestHangSwingIn,GAME/LARA.C,2454,ANGLE,combat-camera-context,no,no,no
3185,0aaa76206517,TestHangSwingIn,GAME/LARA.C,2455,ANGLE,combat-camera-context,no,no,no
3186,0aaa76206517,TestHangSwingIn,GAME/LARA.C,2457,ANGLE,combat-camera-context,no,no,no
3187,0aaa76206517,TestHangSwingIn,GAME/LARA.C,2458,ANGLE,combat-camera-context,no,no,no
3188,0aaa76206517,TestHangSwingIn,GAME/LARA.C,2459,ANGLE,combat-camera-context,no,no,no
3189,0aaa76206517,TestHangSwingIn,GAME/LARA.C,2498,lara_as_walk,combat-camera-context,no,no,no
3190,0aaa76206517,TestHangSwingIn,GAME/LARA.C,2512,ANGLE,combat-camera-context,no,no,no
3191,0aaa76206517,TestHangSwingIn,GAME/LARA.C,2513,ANGLE,combat-camera-context,no,no,no
3192,0aaa76206517,TestHangSwingIn,GAME/LARA.C,2518,ANGLE,combat-camera-context,no,no,no
3193,0aaa76206517,TestHangSwingIn,GAME/LARA.C,2519,ANGLE,combat-camera-context,no,no,no
3194,0aaa76206517,TestHangSwingIn,GAME/LARA.C,2544,lara_col_reach,combat-camera-context,no,no,no
3195,0aaa76206517,TestHangSwingIn,GAME/LARA.C,2570,GetLaraCollisionInfo,combat-camera-context,no,no,no
3196,0aaa76206517,TestHangSwingIn,GAME/LARA.C,2579,SetupPadVibration,combat-camera-context,no,no,no
3197,0aaa76206517,TestHangSwingIn,GAME/LARA.C,2610,LaraTestEdgeCatch,combat-camera-context,no,no,no
3198,0aaa76206517,TestHangSwingIn,GAME/LARA.C,2614,LaraTestHangOnClimbWall,combat-camera-context,no,no,no
3199,0aaa76206517,TestHangSwingIn,GAME/LARA.C,2617,ANGLE,combat-camera-context,no,no,no
3200,0aaa76206517,TestHangSwingIn,GAME/LARA.C,2619,ANGLE,combat-camera-context,no,no,no
3201,0aaa76206517,TestHangSwingIn,GAME/LARA.C,2641,SetupPadVibration,combat-camera-context,no,no,no
3202,0aaa76206517,TestHangSwingIn,GAME/LARA.C,2644,TestHangSwingIn,combat-camera-context,no,no,no
3203,0aaa76206517,TestHangSwingIn,GAME/LARA.C,2667,GetBoundsAccurate,combat-camera-context,no,no,no
3204,0aaa76206517,TestHangSwingIn,GAME/LARA.C,2678,ANGLE,combat-camera-context,no,no,no
3205,0aaa76206517,TestHangSwingIn,GAME/LARA.C,2718,LaraSlideEdgeJump,combat-camera-context,no,no,no
3206,0aaa76206517,TestHangSwingIn,GAME/LARA.C,2719,GetLaraCollisionInfo,combat-camera-context,no,no,no
3207,0aaa76206517,TestHangSwingIn,GAME/LARA.C,2720,ShiftItem,combat-camera-context,no,no,no
3208,0aaa76206517,TestHangSwingIn,GAME/LARA.C,2726,LaraLandedBad,combat-camera-context,no,no,no
3209,0aaa76206517,TestHangSwingIn,GAME/LARA.C,2757,GetLaraCollisionInfo,combat-camera-context,no,no,no
3210,0aaa76206517,TestHangSwingIn,GAME/LARA.C,2788,LaraTestEdgeCatch,combat-camera-context,no,no,no
3211,0aaa76206517,TestHangSwingIn,GAME/LARA.C,2790,LaraTestHangOnClimbWall,combat-camera-context,no,no,no
3212,0aaa76206517,TestHangSwingIn,GAME/LARA.C,2794,ABS,combat-camera-context,no,no,no
3213,0aaa76206517,TestHangSwingIn,GAME/LARA.C,2794,ANGLE,combat-camera-context,no,no,no
3214,0aaa76206517,TestHangSwingIn,GAME/LARA.C,2800,ANGLE,combat-camera-context,no,no,no
3215,0aaa76206517,TestHangSwingIn,GAME/LARA.C,2804,ANGLE,combat-camera-context,no,no,no
3216,0aaa76206517,TestHangSwingIn,GAME/LARA.C,2809,ANGLE,combat-camera-context,no,no,no
3217,0aaa76206517,TestHangSwingIn,GAME/LARA.C,2821,TestHangSwingIn,combat-camera-context,no,no,no
3218,0aaa76206517,TestHangSwingIn,GAME/LARA.C,2843,GetBoundsAccurate,combat-camera-context,no,no,no
3219,0aaa76206517,TestHangSwingIn,GAME/LARA.C,2853,ANGLE,combat-camera-context,no,no,no
3220,0aaa76206517,TestHangSwingIn,GAME/LARA.C,2853,ANGLE,combat-camera-context,no,no,no
3221,0aaa76206517,TestHangSwingIn,GAME/LARA.C,2890,lara_as_reach,combat-camera-context,no,no,no
3222,0aaa76206517,TestHangSwingIn,GAME/LARA.C,2892,ANGLE,combat-camera-context,no,no,no
3223,0aaa76206517,TestHangSwingIn,GAME/LARA.C,2897,lara_col_forwardjump,combat-camera-context,no,no,no
3224,0aaa76206517,TestHangSwingIn,GAME/LARA.C,2900,ANGLE,combat-camera-context,no,no,no
3225,0aaa76206517,TestHangSwingIn,GAME/LARA.C,2908,GetLaraCollisionInfo,combat-camera-context,no,no,no
3226,0aaa76206517,TestHangSwingIn,GAME/LARA.C,2909,LaraDeflectEdgeJump,combat-camera-context,no,no,no
3227,0aaa76206517,TestHangSwingIn,GAME/LARA.C,2916,LaraLandedBad,combat-camera-context,no,no,no
3228,0aaa76206517,TestHangSwingIn,GAME/LARA.C,2938,lara_as_forwardjump,combat-camera-context,no,no,no
3229,0aaa76206517,TestHangSwingIn,GAME/LARA.C,2974,ANGLE,combat-camera-context,no,no,no
3230,0aaa76206517,TestHangSwingIn,GAME/LARA.C,2976,ANGLE,combat-camera-context,no,no,no
3231,0aaa76206517,TestHangSwingIn,GAME/LARA.C,2983,ANGLE,combat-camera-context,no,no,no
3232,0aaa76206517,TestHangSwingIn,GAME/LARA.C,2985,ANGLE,combat-camera-context,no,no,no
3233,0aaa76206517,TestHangSwingIn,GAME/LARA.C,2990,lara_col_upjump,combat-camera-context,no,no,no
3234,0aaa76206517,TestHangSwingIn,GAME/LARA.C,3005,ANGLE,combat-camera-context,no,no,no
3235,0aaa76206517,TestHangSwingIn,GAME/LARA.C,3010,GetCollisionInfo,combat-camera-context,no,no,no
3236,0aaa76206517,TestHangSwingIn,GAME/LARA.C,3029,MonkeySwingSnap,combat-camera-context,no,no,no
3237,0aaa76206517,TestHangSwingIn,GAME/LARA.C,3037,LaraTestEdgeCatch,combat-camera-context,no,no,no
3238,0aaa76206517,TestHangSwingIn,GAME/LARA.C,3041,LaraTestHangOnClimbWall,combat-camera-context,no,no,no
3239,0aaa76206517,TestHangSwingIn,GAME/LARA.C,3045,ABS,combat-camera-context,no,no,no
3240,0aaa76206517,TestHangSwingIn,GAME/LARA.C,3045,ANGLE,combat-camera-context,no,no,no
3241,0aaa76206517,TestHangSwingIn,GAME/LARA.C,3051,ANGLE,combat-camera-context,no,no,no
3242,0aaa76206517,TestHangSwingIn,GAME/LARA.C,3055,ANGLE,combat-camera-context,no,no,no
3243,0aaa76206517,TestHangSwingIn,GAME/LARA.C,3060,ANGLE,combat-camera-context,no,no,no
3244,0aaa76206517,TestHangSwingIn,GAME/LARA.C,3072,TestHangSwingIn,combat-camera-context,no,no,no
3245,0aaa76206517,TestHangSwingIn,GAME/LARA.C,3089,GetBoundsAccurate,combat-camera-context,no,no,no
3246,0aaa76206517,TestHangSwingIn,GAME/LARA.C,3118,ShiftItem,combat-camera-context,no,no,no
3247,0aaa76206517,TestHangSwingIn,GAME/LARA.C,3149,LaraLandedBad,combat-camera-context,no,no,no
3248,0aaa76206517,TestHangSwingIn,GAME/LARA.C,3161,lara_as_upjump,combat-camera-context,no,no,no
3249,0aaa76206517,TestHangSwingIn,GAME/LARA.C,3169,lara_col_stop,combat-camera-context,no,no,no
3250,0aaa76206517,TestHangSwingIn,GAME/LARA.C,3183,GetLaraCollisionInfo,combat-camera-context,no,no,no
3251,0aaa76206517,TestHangSwingIn,GAME/LARA.C,3185,LaraHitCeiling,combat-camera-context,no,no,no
3252,0aaa76206517,TestHangSwingIn,GAME/LARA.C,3187,LaraFallen,combat-camera-context,no,no,no
3253,0aaa76206517,TestHangSwingIn,GAME/LARA.C,3189,TestLaraSlide,combat-camera-context,no,no,no
3254,0aaa76206517,TestHangSwingIn,GAME/LARA.C,3191,ShiftItem,combat-camera-context,no,no,no
3255,0aaa76206517,TestHangSwingIn,GAME/LARA.C,3200,lara_as_stop,combat-camera-context,no,no,no
3256,0aaa76206517,TestHangSwingIn,GAME/LARA.C,3214,StopSoundEffect,combat-camera-context,no,no,no
3257,0aaa76206517,TestHangSwingIn,GAME/LARA.C,3246,LookUpDown,combat-camera-context,no,no,no
3258,0aaa76206517,TestHangSwingIn,GAME/LARA.C,3251,LaraFloorFront,combat-camera-context,no,no,no
3259,0aaa76206517,TestHangSwingIn,GAME/LARA.C,3255,LaraFloorFront,combat-camera-context,no,no,no
3260,0aaa76206517,TestHangSwingIn,GAME/LARA.C,3255,ANGLE,combat-camera-context,no,no,no
3261,0aaa76206517,TestHangSwingIn,GAME/LARA.C,3260,ABS,combat-camera-context,no,no,no
3262,0aaa76206517,TestHangSwingIn,GAME/LARA.C,3260,LaraFloorFront,combat-camera-context,no,no,no
3263,0aaa76206517,TestHangSwingIn,GAME/LARA.C,3260,ANGLE,combat-camera-context,no,no,no
3264,0aaa76206517,TestHangSwingIn,GAME/LARA.C,3262,LaraCeilingFront,combat-camera-context,no,no,no
3265,0aaa76206517,TestHangSwingIn,GAME/LARA.C,3262,ANGLE,combat-camera-context,no,no,no
3266,0aaa76206517,TestHangSwingIn,GAME/LARA.C,3269,ABS,combat-camera-context,no,no,no
3267,0aaa76206517,TestHangSwingIn,GAME/LARA.C,3269,LaraFloorFront,combat-camera-context,no,no,no
3268,0aaa76206517,TestHangSwingIn,GAME/LARA.C,3269,ANGLE,combat-camera-context,no,no,no
3269,0aaa76206517,TestHangSwingIn,GAME/LARA.C,3271,LaraCeilingFront,combat-camera-context,no,no,no
3270,0aaa76206517,TestHangSwingIn,GAME/LARA.C,3271,ANGLE,combat-camera-context,no,no,no
3271,0aaa76206517,TestHangSwingIn,GAME/LARA.C,3294,ABS,combat-camera-context,no,no,no
3272,0aaa76206517,TestHangSwingIn,GAME/LARA.C,3305,GetLaraCollisionInfo,combat-camera-context,no,no,no
3273,0aaa76206517,TestHangSwingIn,GAME/LARA.C,3306,TestLaraVault,combat-camera-context,no,no,no
3274,0aaa76206517,TestHangSwingIn,GAME/LARA.C,3311,lara_as_wade,combat-camera-context,no,no,no
3275,0aaa76206517,TestHangSwingIn,GAME/LARA.C,3314,ABS,combat-camera-context,no,no,no
3276,0aaa76206517,TestHangSwingIn,GAME/LARA.C,3316,lara_as_back,combat-camera-context,no,no,no
3277,0aaa76206517,TestHangSwingIn,GAME/LARA.C,3325,LaraCeilingFront,combat-camera-context,no,no,no
3278,0aaa76206517,TestHangSwingIn,GAME/LARA.C,3326,LaraFloorFront,combat-camera-context,no,no,no
3279,0aaa76206517,TestHangSwingIn,GAME/LARA.C,3338,lara_as_walk,combat-camera-context,no,no,no
3280,0aaa76206517,TestHangSwingIn,GAME/LARA.C,3340,lara_as_run,combat-camera-context,no,no,no
3281,0aaa76206517,TestHangSwingIn,GAME/LARA.C,3353,GetLaraCollisionInfo,combat-camera-context,no,no,no
3282,0aaa76206517,TestHangSwingIn,GAME/LARA.C,3355,TestLaraVault,combat-camera-context,no,no,no
3283,0aaa76206517,TestHangSwingIn,GAME/LARA.C,3367,ABS,combat-camera-context,no,no,no
3284,0aaa76206517,TestHangSwingIn,GAME/LARA.C,3368,lara_as_back,combat-camera-context,no,no,no
3285,0aaa76206517,TestHangSwingIn,GAME/LARA.C,3377,lara_as_climbroped,combat-camera-context,no,no,no
3286,0aaa76206517,TestHangSwingIn,GAME/LARA.C,3379,LaraClimbRope,combat-camera-context,no,no,no
3287,0aaa76206517,TestHangSwingIn,GAME/LARA.C,3382,lara_as_climbrope,combat-camera-context,no,no,no
3288,0aaa76206517,TestHangSwingIn,GAME/LARA.C,3386,FallFromRope,combat-camera-context,no,no,no
3289,0aaa76206517,TestHangSwingIn,GAME/LARA.C,3390,ANGLE,combat-camera-context,no,no,no
3290,0aaa76206517,TestHangSwingIn,GAME/LARA.C,3404,lara_col_ropefwd,combat-camera-context,no,no,no
3291,0aaa76206517,TestHangSwingIn,GAME/LARA.C,3406,SECTOR,combat-camera-context,no,no,no
3292,0aaa76206517,TestHangSwingIn,GAME/LARA.C,3408,UpdateRopeSwing,combat-camera-context,no,no,no
3293,0aaa76206517,TestHangSwingIn,GAME/LARA.C,3416,ABS,combat-camera-context,no,no,no
3294,0aaa76206517,TestHangSwingIn,GAME/LARA.C,3417,ABS,combat-camera-context,no,no,no
3295,0aaa76206517,TestHangSwingIn,GAME/LARA.C,3421,ApplyVelocityToRope,combat-camera-context,no,no,no
3296,0aaa76206517,TestHangSwingIn,GAME/LARA.C,3422,ANGLE,combat-camera-context,no,no,no
3297,0aaa76206517,TestHangSwingIn,GAME/LARA.C,3454,JumpOffRope,combat-camera-context,no,no,no
3298,0aaa76206517,TestHangSwingIn,GAME/LARA.C,3458,ApplyVelocityToRope,combat-camera-context,no,no,no
3299,0aaa76206517,TestHangSwingIn,GAME/LARA.C,3462,lara_as_roper,combat-camera-context,no,no,no
3300,0aaa76206517,TestHangSwingIn,GAME/LARA.C,3477,FallFromRope,combat-camera-context,no,no,no
3301,0aaa76206517,TestHangSwingIn,GAME/LARA.C,3481,lara_as_ropel,combat-camera-context,no,no,no
3302,0aaa76206517,TestHangSwingIn,GAME/LARA.C,3496,FallFromRope,combat-camera-context,no,no,no
3303,0aaa76206517,TestHangSwingIn,GAME/LARA.C,3500,lara_col_rope,combat-camera-context,no,no,no
3304,0aaa76206517,TestHangSwingIn,GAME/LARA.C,3504,UpdateRopeSwing,combat-camera-context,no,no,no
3305,0aaa76206517,TestHangSwingIn,GAME/LARA.C,3535,FallFromRope,combat-camera-context,no,no,no
3306,0aaa76206517,TestHangSwingIn,GAME/LARA.C,3539,lara_as_rope,combat-camera-context,no,no,no
3307,0aaa76206517,TestHangSwingIn,GAME/LARA.C,3542,FallFromRope,combat-camera-context,no,no,no
3308,0aaa76206517,TestHangSwingIn,GAME/LARA.C,3545,LookUpDown,combat-camera-context,no,no,no
3309,0aaa76206517,TestHangSwingIn,GAME/LARA.C,3548,ApplyVelocityToRope,combat-camera-context,no,no,no
3310,0aaa76206517,TestHangSwingIn,GAME/LARA.C,3550,SetPendulumVelocity,combat-camera-context,no,no,no
3311,0aaa76206517,TestHangSwingIn,GAME/LARA.C,3551,SIN,combat-camera-context,no,no,no
3312,0aaa76206517,TestHangSwingIn,GAME/LARA.C,3553,COS,combat-camera-context,no,no,no
3313,0aaa76206517,TestHangSwingIn,GAME/LARA.C,3556,UpdateRopeSwing,combat-camera-context,no,no,no
3314,0aaa76206517,TestHangSwingIn,GAME/LARA.C,3558,UNIMPLEMENTED,combat-camera-context,no,no,no
3315,0aaa76206517,TestHangSwingIn,GAME/LARA.C,3561,JumpOffRope,combat-camera-context,no,no,no
3316,0aaa76206517,TestHangSwingIn,GAME/LARA.C,3603,FallFromRope,combat-camera-context,no,no,no
3317,0aaa76206517,TestHangSwingIn,GAME/LARA.C,3605,ABS,combat-camera-context,no,no,no
3318,0aaa76206517,TestHangSwingIn,GAME/LARA.C,3605,ABS,combat-camera-context,no,no,no
3319,0aaa76206517,TestHangSwingIn,GAME/LARA.C,3621,lara_col_poledown,combat-camera-context,no,no,no
3320,0aaa76206517,TestHangSwingIn,GAME/LARA.C,3627,LookUpDown,combat-camera-context,no,no,no
3321,0aaa76206517,TestHangSwingIn,GAME/LARA.C,3643,GetLaraCollisionInfo,combat-camera-context,no,no,no
3322,0aaa76206517,TestHangSwingIn,GAME/LARA.C,3649,GetHeight,combat-camera-context,no,no,no
3323,0aaa76206517,TestHangSwingIn,GAME/LARA.C,3649,GetFloor,combat-camera-context,no,no,no
3324,0aaa76206517,TestHangSwingIn,GAME/LARA.C,3675,SoundEffect,combat-camera-context,no,no,no
3325,0aaa76206517,TestHangSwingIn,GAME/LARA.C,3677,CLAMP,combat-camera-context,no,no,no
3326,0aaa76206517,TestHangSwingIn,GAME/LARA.C,3677,ANGLE,combat-camera-context,no,no,no
3327,0aaa76206517,TestHangSwingIn,GAME/LARA.C,3682,lara_col_poleup,combat-camera-context,no,no,no
3328,0aaa76206517,TestHangSwingIn,GAME/LARA.C,3690,LookUpDown,combat-camera-context,no,no,no
3329,0aaa76206517,TestHangSwingIn,GAME/LARA.C,3698,GetCeiling,combat-camera-context,no,no,no
3330,0aaa76206517,TestHangSwingIn,GAME/LARA.C,3698,GetFloor,combat-camera-context,no,no,no
3331,0aaa76206517,TestHangSwingIn,GAME/LARA.C,3699,SECTOR,combat-camera-context,no,no,no
3332,0aaa76206517,TestHangSwingIn,GAME/LARA.C,3703,lara_as_poleright,combat-camera-context,no,no,no
3333,0aaa76206517,TestHangSwingIn,GAME/LARA.C,3713,lara_as_poleleft,combat-camera-context,no,no,no
3334,0aaa76206517,TestHangSwingIn,GAME/LARA.C,3723,lara_col_polestat,combat-camera-context,no,no,no
3335,0aaa76206517,TestHangSwingIn,GAME/LARA.C,3749,GetLaraCollisionInfo,combat-camera-context,no,no,no
3336,0aaa76206517,TestHangSwingIn,GAME/LARA.C,3765,LookUpDown,combat-camera-context,no,no,no
3337,0aaa76206517,TestHangSwingIn,GAME/LARA.C,3771,GetCeiling,combat-camera-context,no,no,no
3338,0aaa76206517,TestHangSwingIn,GAME/LARA.C,3771,GetFloor,combat-camera-context,no,no,no
3339,0aaa76206517,TestHangSwingIn,GAME/LARA.C,3772,SECTOR,combat-camera-context,no,no,no
3340,0aaa76206517,TestHangSwingIn,GAME/LARA.C,3793,SIN,combat-camera-context,no,no,no
3341,0aaa76206517,TestHangSwingIn,GAME/LARA.C,3794,COS,combat-camera-context,no,no,no
3342,0aaa76206517,TestHangSwingIn,GAME/LARA.C,3799,lara_col_monkey180,combat-camera-context,no,no,no
3343,0aaa76206517,TestHangSwingIn,GAME/LARA.C,3801,lara_col_monkeyswing,combat-camera-context,no,no,no
3344,0aaa76206517,TestHangSwingIn,GAME/LARA.C,3804,lara_as_monkey180,combat-camera-context,no,no,no
3345,0aaa76206517,TestHangSwingIn,GAME/LARA.C,3811,lara_as_hangturnr,combat-camera-context,no,no,no
3346,0aaa76206517,TestHangSwingIn,GAME/LARA.C,3817,ANGLE,combat-camera-context,no,no,no
3347,0aaa76206517,TestHangSwingIn,GAME/LARA.C,3824,lara_col_hangturnlr,combat-camera-context,no,no,no
3348,0aaa76206517,TestHangSwingIn,GAME/LARA.C,3838,GetCollisionInfo,combat-camera-context,no,no,no
3349,0aaa76206517,TestHangSwingIn,GAME/LARA.C,3839,MonkeySwingSnap,combat-camera-context,no,no,no
3350,0aaa76206517,TestHangSwingIn,GAME/LARA.C,3843,MonkeySwingFall,combat-camera-context,no,no,no
3351,0aaa76206517,TestHangSwingIn,GAME/LARA.C,3847,lara_as_hangturnl,combat-camera-context,no,no,no
3352,0aaa76206517,TestHangSwingIn,GAME/LARA.C,3853,ANGLE,combat-camera-context,no,no,no
3353,0aaa76206517,TestHangSwingIn,GAME/LARA.C,3860,lara_col_monkeyr,combat-camera-context,no,no,no
3354,0aaa76206517,TestHangSwingIn,GAME/LARA.C,3864,TestMonkeyRight,combat-camera-context,no,no,no
3355,0aaa76206517,TestHangSwingIn,GAME/LARA.C,3866,MonkeySwingSnap,combat-camera-context,no,no,no
3356,0aaa76206517,TestHangSwingIn,GAME/LARA.C,3878,MonkeySwingFall,combat-camera-context,no,no,no
3357,0aaa76206517,TestHangSwingIn,GAME/LARA.C,3882,lara_as_monkeyr,combat-camera-context,no,no,no
3358,0aaa76206517,TestHangSwingIn,GAME/LARA.C,3900,ANGLE,combat-camera-context,no,no,no
3359,0aaa76206517,TestHangSwingIn,GAME/LARA.C,3905,ANGLE,combat-camera-context,no,no,no
3360,0aaa76206517,TestHangSwingIn,GAME/LARA.C,3909,lara_col_monkeyl,combat-camera-context,no,no,no
3361,0aaa76206517,TestHangSwingIn,GAME/LARA.C,3913,TestMonkeyLeft,combat-camera-context,no,no,no
3362,0aaa76206517,TestHangSwingIn,GAME/LARA.C,3915,MonkeySwingSnap,combat-camera-context,no,no,no
3363,0aaa76206517,TestHangSwingIn,GAME/LARA.C,3927,MonkeySwingFall,combat-camera-context,no,no,no
3364,0aaa76206517,TestHangSwingIn,GAME/LARA.C,3931,lara_as_monkeyl,combat-camera-context,no,no,no
3365,0aaa76206517,TestHangSwingIn,GAME/LARA.C,3949,ANGLE,combat-camera-context,no,no,no
3366,0aaa76206517,TestHangSwingIn,GAME/LARA.C,3954,ANGLE,combat-camera-context,no,no,no
3367,0aaa76206517,TestHangSwingIn,GAME/LARA.C,3958,lara_col_monkeyswing,combat-camera-context,no,no,no
3368,0aaa76206517,TestHangSwingIn,GAME/LARA.C,3974,GetCollisionInfo,combat-camera-context,no,no,no
3369,0aaa76206517,TestHangSwingIn,GAME/LARA.C,3977,ABS,combat-camera-context,no,no,no
3370,0aaa76206517,TestHangSwingIn,GAME/LARA.C,3987,ABS,combat-camera-context,no,no,no
3371,0aaa76206517,TestHangSwingIn,GAME/LARA.C,3989,ABS,combat-camera-context,no,no,no
3372,0aaa76206517,TestHangSwingIn,GAME/LARA.C,3991,ShiftItem,combat-camera-context,no,no,no
3373,0aaa76206517,TestHangSwingIn,GAME/LARA.C,3992,ANGLE,combat-camera-context,no,no,no
3374,0aaa76206517,TestHangSwingIn,GAME/LARA.C,3997,ShiftItem,combat-camera-context,no,no,no
3375,0aaa76206517,TestHangSwingIn,GAME/LARA.C,3998,ANGLE,combat-camera-context,no,no,no
3376,0aaa76206517,TestHangSwingIn,GAME/LARA.C,4001,ANGLE,combat-camera-context,no,no,no
3377,0aaa76206517,TestHangSwingIn,GAME/LARA.C,4002,MonkeySwingSnap,combat-camera-context,no,no,no
3378,0aaa76206517,TestHangSwingIn,GAME/LARA.C,4007,MonkeySwingFall,combat-camera-context,no,no,no
3379,0aaa76206517,TestHangSwingIn,GAME/LARA.C,4011,lara_as_monkeyswing,combat-camera-context,no,no,no
3380,0aaa76206517,TestHangSwingIn,GAME/LARA.C,4027,LookUpDown,combat-camera-context,no,no,no
3381,0aaa76206517,TestHangSwingIn,GAME/LARA.C,4038,ANGLE,combat-camera-context,no,no,no
3382,0aaa76206517,TestHangSwingIn,GAME/LARA.C,4039,ANGLE,combat-camera-context,no,no,no
3383,0aaa76206517,TestHangSwingIn,GAME/LARA.C,4045,ANGLE,combat-camera-context,no,no,no
3384,0aaa76206517,TestHangSwingIn,GAME/LARA.C,4046,ANGLE,combat-camera-context,no,no,no
3385,0aaa76206517,TestHangSwingIn,GAME/LARA.C,4050,lara_col_hang2,combat-camera-context,no,no,no
3386,0aaa76206517,TestHangSwingIn,GAME/LARA.C,4068,GetCollisionInfo,combat-camera-context,no,no,no
3387,0aaa76206517,TestHangSwingIn,GAME/LARA.C,4070,ABS,combat-camera-context,no,no,no
3388,0aaa76206517,TestHangSwingIn,GAME/LARA.C,4074,TestMonkeyLeft,combat-camera-context,no,no,no
3389,0aaa76206517,TestHangSwingIn,GAME/LARA.C,4078,TestMonkeyRight,combat-camera-context,no,no,no
3390,0aaa76206517,TestHangSwingIn,GAME/LARA.C,4091,MonkeySwingSnap,combat-camera-context,no,no,no
3391,0aaa76206517,TestHangSwingIn,GAME/LARA.C,4095,LaraHangTest,combat-camera-context,no,no,no
3392,0aaa76206517,TestHangSwingIn,GAME/LARA.C,4099,TestForObjectOnLedge,combat-camera-context,no,no,no
3393,0aaa76206517,TestHangSwingIn,GAME/LARA.C,4149,lara_as_hang2,combat-camera-context,no,no,no
3394,0aaa76206517,TestHangSwingIn,GAME/LARA.C,4167,MonkeySwingFall,combat-camera-context,no,no,no
3395,0aaa76206517,TestHangSwingIn,GAME/LARA.C,4170,ANGLE,combat-camera-context,no,no,no
3396,0aaa76206517,TestHangSwingIn,GAME/LARA.C,4174,LookUpDown,combat-camera-context,no,no,no
3397,0aaa76206517,TestHangSwingIn,GAME/LARA.C,4177,TestMonkeyRight,combat-camera-context,no,no,no
3398,0aaa76206517,TestHangSwingIn,GAME/LARA.C,4183,ANGLE,combat-camera-context,no,no,no
3399,0aaa76206517,TestHangSwingIn,GAME/LARA.C,4187,GetCollisionInfo,combat-camera-context,no,no,no
3400,0aaa76206517,TestHangSwingIn,GAME/LARA.C,4188,ABS,combat-camera-context,no,no,no
3401,0aaa76206517,TestHangSwingIn,GAME/LARA.C,4192,GetDirOctant,combat-camera-context,no,no,no
3402,0aaa76206517,TestHangSwingIn,GAME/LARA.C,4208,TestMonkeyLeft,combat-camera-context,no,no,no
3403,0aaa76206517,TestHangSwingIn,GAME/LARA.C,4214,ANGLE,combat-camera-context,no,no,no
3404,0aaa76206517,TestHangSwingIn,GAME/LARA.C,4218,GetCollisionInfo,combat-camera-context,no,no,no
3405,0aaa76206517,TestHangSwingIn,GAME/LARA.C,4219,ABS,combat-camera-context,no,no,no
3406,0aaa76206517,TestHangSwingIn,GAME/LARA.C,4223,GetDirOctant,combat-camera-context,no,no,no
3407,0aaa76206517,TestHangSwingIn,GAME/LARA.C,4240,GetDirOctant,combat-camera-context,no,no,no
3408,0aaa76206517,TestHangSwingIn,GAME/LARA.C,4242,ABS,combat-camera-context,no,no,no
3409,0aaa76206517,TestHangSwingIn,GAME/LARA.C,4242,ANGLE,combat-camera-context,no,no,no
3410,0aaa76206517,TestHangSwingIn,GAME/LARA.C,4242,ABS,combat-camera-context,no,no,no
3411,0aaa76206517,TestHangSwingIn,GAME/LARA.C,4242,ANGLE,combat-camera-context,no,no,no
3412,0aaa76206517,TestHangSwingIn,GAME/LARA.C,4245,MonkeySwingSnap,combat-camera-context,no,no,no
3413,0aaa76206517,TestHangSwingIn,GAME/LARA.C,4249,GetCeiling,combat-camera-context,no,no,no
3414,0aaa76206517,TestHangSwingIn,GAME/LARA.C,4249,GetFloor,combat-camera-context,no,no,no
3415,0aaa76206517,TestHangSwingIn,GAME/LARA.C,4253,MonkeySwingFall,combat-camera-context,no,no,no
3416,0aaa76206517,TestHangSwingIn,GAME/LARA.C,4270,lara_col_dashdive,combat-camera-context,no,no,no
3417,0aaa76206517,TestHangSwingIn,GAME/LARA.C,4273,ANGLE,combat-camera-context,no,no,no
3418,0aaa76206517,TestHangSwingIn,GAME/LARA.C,4283,GetLaraCollisionInfo,combat-camera-context,no,no,no
3419,0aaa76206517,TestHangSwingIn,GAME/LARA.C,4285,LaraDeflectEdgeJump,combat-camera-context,no,no,no
3420,0aaa76206517,TestHangSwingIn,GAME/LARA.C,4287,LaraFallen,combat-camera-context,no,no,no
3421,0aaa76206517,TestHangSwingIn,GAME/LARA.C,4294,LaraLandedBad,combat-camera-context,no,no,no
3422,0aaa76206517,TestHangSwingIn,GAME/LARA.C,4312,AnimateLara,combat-camera-context,no,no,no
3423,0aaa76206517,TestHangSwingIn,GAME/LARA.C,4315,ShiftItem,combat-camera-context,no,no,no
3424,0aaa76206517,TestHangSwingIn,GAME/LARA.C,4322,lara_as_dashdive,combat-camera-context,no,no,no
3425,0aaa76206517,TestHangSwingIn,GAME/LARA.C,4331,lara_col_dash,combat-camera-context,no,no,no
3426,0aaa76206517,TestHangSwingIn,GAME/LARA.C,4341,GetLaraCollisionInfo,combat-camera-context,no,no,no
3427,0aaa76206517,TestHangSwingIn,GAME/LARA.C,4343,LaraHitCeiling,combat-camera-context,no,no,no
3428,0aaa76206517,TestHangSwingIn,GAME/LARA.C,4343,TestLaraVault,combat-camera-context,no,no,no
3429,0aaa76206517,TestHangSwingIn,GAME/LARA.C,4345,LaraDeflectEdge,combat-camera-context,no,no,no
3430,0aaa76206517,TestHangSwingIn,GAME/LARA.C,4349,TestWall,combat-camera-context,no,no,no
3431,0aaa76206517,TestHangSwingIn,GAME/LARA.C,4359,LaraCollideStop,combat-camera-context,no,no,no
3432,0aaa76206517,TestHangSwingIn,GAME/LARA.C,4362,LaraFallen,combat-camera-context,no,no,no
3433,0aaa76206517,TestHangSwingIn,GAME/LARA.C,4378,TestLaraSlide,combat-camera-context,no,no,no
3434,0aaa76206517,TestHangSwingIn,GAME/LARA.C,4394,lara_as_dash,combat-camera-context,no,no,no
3435,0aaa76206517,TestHangSwingIn,GAME/LARA.C,4419,ANGLE,combat-camera-context,no,no,no
3436,0aaa76206517,TestHangSwingIn,GAME/LARA.C,4420,ANGLE,combat-camera-context,no,no,no
3437,0aaa76206517,TestHangSwingIn,GAME/LARA.C,4422,ANGLE,combat-camera-context,no,no,no
3438,0aaa76206517,TestHangSwingIn,GAME/LARA.C,4423,ANGLE,combat-camera-context,no,no,no
3439,0aaa76206517,TestHangSwingIn,GAME/LARA.C,4424,ANGLE,combat-camera-context,no,no,no
3440,0aaa76206517,TestHangSwingIn,GAME/LARA.C,4429,ANGLE,combat-camera-context,no,no,no
3441,0aaa76206517,TestHangSwingIn,GAME/LARA.C,4430,ANGLE,combat-camera-context,no,no,no
3442,0aaa76206517,TestHangSwingIn,GAME/LARA.C,4432,ANGLE,combat-camera-context,no,no,no
3443,0aaa76206517,TestHangSwingIn,GAME/LARA.C,4433,ANGLE,combat-camera-context,no,no,no
3444,0aaa76206517,TestHangSwingIn,GAME/LARA.C,4434,ANGLE,combat-camera-context,no,no,no
3445,0aaa76206517,TestHangSwingIn,GAME/LARA.C,4457,lara_col_crawl2hang,combat-camera-context,no,no,no
3446,0aaa76206517,TestHangSwingIn,GAME/LARA.C,4460,ANGLE,combat-camera-context,no,no,no
3447,0aaa76206517,TestHangSwingIn,GAME/LARA.C,4480,GetCollisionInfo,combat-camera-context,no,no,no
3448,0aaa76206517,TestHangSwingIn,GAME/LARA.C,4481,LaraTestEdgeCatch,combat-camera-context,no,no,no
3449,0aaa76206517,TestHangSwingIn,GAME/LARA.C,4485,LaraTestHangOnClimbWall,combat-camera-context,no,no,no
3450,0aaa76206517,TestHangSwingIn,GAME/LARA.C,4489,ABS,combat-camera-context,no,no,no
3451,0aaa76206517,TestHangSwingIn,GAME/LARA.C,4489,ANGLE,combat-camera-context,no,no,no
3452,0aaa76206517,TestHangSwingIn,GAME/LARA.C,4493,ANGLE,combat-camera-context,no,no,no
3453,0aaa76206517,TestHangSwingIn,GAME/LARA.C,4497,ABS,combat-camera-context,no,no,no
3454,0aaa76206517,TestHangSwingIn,GAME/LARA.C,4499,ANGLE,combat-camera-context,no,no,no
3455,0aaa76206517,TestHangSwingIn,GAME/LARA.C,4503,ANGLE,combat-camera-context,no,no,no
3456,0aaa76206517,TestHangSwingIn,GAME/LARA.C,4516,TestHangSwingIn,combat-camera-context,no,no,no
3457,0aaa76206517,TestHangSwingIn,GAME/LARA.C,4538,GetBoundsAccurate,combat-camera-context,no,no,no
3458,0aaa76206517,TestHangSwingIn,GAME/LARA.C,4564,lara_col_crawlb,combat-camera-context,no,no,no
3459,0aaa76206517,TestHangSwingIn,GAME/LARA.C,4578,ANGLE,combat-camera-context,no,no,no
3460,0aaa76206517,TestHangSwingIn,GAME/LARA.C,4582,GetCollisionInfo,combat-camera-context,no,no,no
3461,0aaa76206517,TestHangSwingIn,GAME/LARA.C,4584,LaraDeflectEdgeDuck,combat-camera-context,no,no,no
3462,0aaa76206517,TestHangSwingIn,GAME/LARA.C,4595,LaraFallen,combat-camera-context,no,no,no
3463,0aaa76206517,TestHangSwingIn,GAME/LARA.C,4599,TestLaraSlide,combat-camera-context,no,no,no
3464,0aaa76206517,TestHangSwingIn,GAME/LARA.C,4601,ShiftItem,combat-camera-context,no,no,no
3465,0aaa76206517,TestHangSwingIn,GAME/LARA.C,4610,lara_as_crawlb,combat-camera-context,no,no,no
3466,0aaa76206517,TestHangSwingIn,GAME/LARA.C,4620,LookUpDown,combat-camera-context,no,no,no
3467,0aaa76206517,TestHangSwingIn,GAME/LARA.C,4628,ANGLE,combat-camera-context,no,no,no
3468,0aaa76206517,TestHangSwingIn,GAME/LARA.C,4635,ANGLE,combat-camera-context,no,no,no
3469,0aaa76206517,TestHangSwingIn,GAME/LARA.C,4636,ANGLE,combat-camera-context,no,no,no
3470,0aaa76206517,TestHangSwingIn,GAME/LARA.C,4641,ANGLE,combat-camera-context,no,no,no
3471,0aaa76206517,TestHangSwingIn,GAME/LARA.C,4642,ANGLE,combat-camera-context,no,no,no
3472,0aaa76206517,TestHangSwingIn,GAME/LARA.C,4651,lara_as_all4turnr,combat-camera-context,no,no,no
3473,0aaa76206517,TestHangSwingIn,GAME/LARA.C,4658,ANGLE,combat-camera-context,no,no,no
3474,0aaa76206517,TestHangSwingIn,GAME/LARA.C,4659,ANGLE,combat-camera-context,no,no,no
3475,0aaa76206517,TestHangSwingIn,GAME/LARA.C,4666,lara_col_all4turnlr,combat-camera-context,no,no,no
3476,0aaa76206517,TestHangSwingIn,GAME/LARA.C,4668,GetCollisionInfo,combat-camera-context,no,no,no
3477,0aaa76206517,TestHangSwingIn,GAME/LARA.C,4670,TestLaraSlide,combat-camera-context,no,no,no
3478,0aaa76206517,TestHangSwingIn,GAME/LARA.C,4677,lara_as_all4turnl,combat-camera-context,no,no,no
3479,0aaa76206517,TestHangSwingIn,GAME/LARA.C,4684,ANGLE,combat-camera-context,no,no,no
3480,0aaa76206517,TestHangSwingIn,GAME/LARA.C,4685,ANGLE,combat-camera-context,no,no,no
3481,0aaa76206517,TestHangSwingIn,GAME/LARA.C,4692,lara_col_crawl,combat-camera-context,no,no,no
3482,0aaa76206517,TestHangSwingIn,GAME/LARA.C,4710,GetCollisionInfo,combat-camera-context,no,no,no
3483,0aaa76206517,TestHangSwingIn,GAME/LARA.C,4712,LaraDeflectEdgeDuck,combat-camera-context,no,no,no
3484,0aaa76206517,TestHangSwingIn,GAME/LARA.C,4723,LaraFallen,combat-camera-context,no,no,no
3485,0aaa76206517,TestHangSwingIn,GAME/LARA.C,4727,TestLaraSlide,combat-camera-context,no,no,no
3486,0aaa76206517,TestHangSwingIn,GAME/LARA.C,4729,ShiftItem,combat-camera-context,no,no,no
3487,0aaa76206517,TestHangSwingIn,GAME/LARA.C,4736,lara_as_crawl,combat-camera-context,no,no,no
3488,0aaa76206517,TestHangSwingIn,GAME/LARA.C,4746,LookUpDown,combat-camera-context,no,no,no
3489,0aaa76206517,TestHangSwingIn,GAME/LARA.C,4754,ANGLE,combat-camera-context,no,no,no
3490,0aaa76206517,TestHangSwingIn,GAME/LARA.C,4764,ANGLE,combat-camera-context,no,no,no
3491,0aaa76206517,TestHangSwingIn,GAME/LARA.C,4765,ANGLE,combat-camera-context,no,no,no
3492,0aaa76206517,TestHangSwingIn,GAME/LARA.C,4771,ANGLE,combat-camera-context,no,no,no
3493,0aaa76206517,TestHangSwingIn,GAME/LARA.C,4772,ANGLE,combat-camera-context,no,no,no
3494,0aaa76206517,TestHangSwingIn,GAME/LARA.C,4781,lara_col_all4s,combat-camera-context,no,no,no
3495,0aaa76206517,TestHangSwingIn,GAME/LARA.C,4799,GetCollisionInfo,combat-camera-context,no,no,no
3496,0aaa76206517,TestHangSwingIn,GAME/LARA.C,4801,LaraFallen,combat-camera-context,no,no,no
3497,0aaa76206517,TestHangSwingIn,GAME/LARA.C,4805,TestLaraSlide,combat-camera-context,no,no,no
3498,0aaa76206517,TestHangSwingIn,GAME/LARA.C,4807,ABS,combat-camera-context,no,no,no
3499,0aaa76206517,TestHangSwingIn,GAME/LARA.C,4810,ShiftItem,combat-camera-context,no,no,no
3500,0aaa76206517,TestHangSwingIn,GAME/LARA.C,4824,ABS,combat-camera-context,no,no,no
3501,0aaa76206517,TestHangSwingIn,GAME/LARA.C,4824,LaraFloorFront,combat-camera-context,no,no,no
3502,0aaa76206517,TestHangSwingIn,GAME/LARA.C,4829,LaraCeilingFront,combat-camera-context,no,no,no
3503,0aaa76206517,TestHangSwingIn,GAME/LARA.C,4840,SIN,combat-camera-context,no,no,no
3504,0aaa76206517,TestHangSwingIn,GAME/LARA.C,4840,ANGLE,combat-camera-context,no,no,no
3505,0aaa76206517,TestHangSwingIn,GAME/LARA.C,4841,COS,combat-camera-context,no,no,no
3506,0aaa76206517,TestHangSwingIn,GAME/LARA.C,4841,ANGLE,combat-camera-context,no,no,no
3507,0aaa76206517,TestHangSwingIn,GAME/LARA.C,4843,LaraFloorFront,combat-camera-context,no,no,no
3508,0aaa76206517,TestHangSwingIn,GAME/LARA.C,4845,SIN,combat-camera-context,no,no,no
3509,0aaa76206517,TestHangSwingIn,GAME/LARA.C,4845,ANGLE,combat-camera-context,no,no,no
3510,0aaa76206517,TestHangSwingIn,GAME/LARA.C,4846,COS,combat-camera-context,no,no,no
3511,0aaa76206517,TestHangSwingIn,GAME/LARA.C,4846,ANGLE,combat-camera-context,no,no,no
3512,0aaa76206517,TestHangSwingIn,GAME/LARA.C,4848,LaraFloorFront,combat-camera-context,no,no,no
3513,0aaa76206517,TestHangSwingIn,GAME/LARA.C,4854,LaraFloorFront,combat-camera-context,no,no,no
3514,0aaa76206517,TestHangSwingIn,GAME/LARA.C,4856,ABS,combat-camera-context,no,no,no
3515,0aaa76206517,TestHangSwingIn,GAME/LARA.C,4871,SIN,combat-camera-context,no,no,no
3516,0aaa76206517,TestHangSwingIn,GAME/LARA.C,4872,SIN,combat-camera-context,no,no,no
3517,0aaa76206517,TestHangSwingIn,GAME/LARA.C,4874,GetCollidedObjects,combat-camera-context,no,no,no
3518,0aaa76206517,TestHangSwingIn,GAME/LARA.C,4875,S_Warn,combat-camera-context,no,no,no
3519,0aaa76206517,TestHangSwingIn,GAME/LARA.C,4876,GetCollidedObjects,combat-camera-context,no,no,no
3520,0aaa76206517,TestHangSwingIn,GAME/LARA.C,4883,ANGLE,combat-camera-context,no,no,no
3521,0aaa76206517,TestHangSwingIn,GAME/LARA.C,4883,ANGLE,combat-camera-context,no,no,no
3522,0aaa76206517,TestHangSwingIn,GAME/LARA.C,4890,ANGLE,combat-camera-context,no,no,no
3523,0aaa76206517,TestHangSwingIn,GAME/LARA.C,4894,ANGLE,combat-camera-context,no,no,no
3524,0aaa76206517,TestHangSwingIn,GAME/LARA.C,4898,ANGLE,combat-camera-context,no,no,no
3525,0aaa76206517,TestHangSwingIn,GAME/LARA.C,4940,lara_as_all4s,combat-camera-context,no,no,no
3526,0aaa76206517,TestHangSwingIn,GAME/LARA.C,4951,LaraFloorFront,combat-camera-context,no,no,no
3527,0aaa76206517,TestHangSwingIn,GAME/LARA.C,4952,LaraCeilingFront,combat-camera-context,no,no,no
3528,0aaa76206517,TestHangSwingIn,GAME/LARA.C,4953,LaraCeilingFront,combat-camera-context,no,no,no
3529,0aaa76206517,TestHangSwingIn,GAME/LARA.C,4964,SIN,combat-camera-context,no,no,no
3530,0aaa76206517,TestHangSwingIn,GAME/LARA.C,4966,COS,combat-camera-context,no,no,no
3531,0aaa76206517,TestHangSwingIn,GAME/LARA.C,4968,LOS,combat-camera-context,no,no,no
3532,0aaa76206517,TestHangSwingIn,GAME/LARA.C,4970,ObjectOnLOS2,combat-camera-context,no,no,no
3533,0aaa76206517,TestHangSwingIn,GAME/LARA.C,4983,LookUpDown,combat-camera-context,no,no,no
3534,0aaa76206517,TestHangSwingIn,GAME/LARA.C,4994,ANGLE,combat-camera-context,no,no,no
3535,0aaa76206517,TestHangSwingIn,GAME/LARA.C,4997,lara_col_duck,combat-camera-context,no,no,no
3536,0aaa76206517,TestHangSwingIn,GAME/LARA.C,5008,GetCollisionInfo,combat-camera-context,no,no,no
3537,0aaa76206517,TestHangSwingIn,GAME/LARA.C,5010,LaraFallen,combat-camera-context,no,no,no
3538,0aaa76206517,TestHangSwingIn,GAME/LARA.C,5017,TestLaraSlide,combat-camera-context,no,no,no
3539,0aaa76206517,TestHangSwingIn,GAME/LARA.C,5029,ShiftItem,combat-camera-context,no,no,no
3540,0aaa76206517,TestHangSwingIn,GAME/LARA.C,5088,lara_as_duck,combat-camera-context,no,no,no
3541,0aaa76206517,TestHangSwingIn,GAME/LARA.C,5102,LookUpDown,combat-camera-context,no,no,no
3542,0aaa76206517,TestHangSwingIn,GAME/LARA.C,5138,lara_col_ducklr,combat-camera-context,no,no,no
3543,0aaa76206517,TestHangSwingIn,GAME/LARA.C,5151,GetCollisionInfo,combat-camera-context,no,no,no
3544,0aaa76206517,TestHangSwingIn,GAME/LARA.C,5153,LaraFallen,combat-camera-context,no,no,no
3545,0aaa76206517,TestHangSwingIn,GAME/LARA.C,5157,TestLaraSlide,combat-camera-context,no,no,no
3546,0aaa76206517,TestHangSwingIn,GAME/LARA.C,5164,ShiftItem,combat-camera-context,no,no,no
3547,0aaa76206517,TestHangSwingIn,GAME/LARA.C,5171,lara_as_duckr,combat-camera-context,no,no,no
3548,0aaa76206517,TestHangSwingIn,GAME/LARA.C,5176,ANGLE,combat-camera-context,no,no,no
3549,0aaa76206517,TestHangSwingIn,GAME/LARA.C,5179,lara_as_duckl,combat-camera-context,no,no,no
3550,0aaa76206517,TestHangSwingIn,GAME/LARA.C,5184,ANGLE,combat-camera-context,no,no,no
3551,0aaa76206517,TestHangSwingIn,GAME/LARA.C,5187,LaraAboveWater,combat-camera-context,no,no,no
3552,0aaa76206517,TestHangSwingIn,GAME/LARA.C,5208,LookLeftRight,combat-camera-context,no,no,no
3553,0aaa76206517,TestHangSwingIn,GAME/LARA.C,5210,ResetLook,combat-camera-context,no,no,no
3554,0aaa76206517,TestHangSwingIn,GAME/LARA.C,5214,CLAMPADD2,combat-camera-context,no,no,no
3555,0aaa76206517,TestHangSwingIn,GAME/LARA.C,5214,ANGLE,combat-camera-context,no,no,no
3556,0aaa76206517,TestHangSwingIn,GAME/LARA.C,5214,ANGLE,combat-camera-context,no,no,no
3557,0aaa76206517,TestHangSwingIn,GAME/LARA.C,5215,CLAMPADD2,combat-camera-context,no,no,no
3558,0aaa76206517,TestHangSwingIn,GAME/LARA.C,5215,ANGLE,combat-camera-context,no,no,no
3559,0aaa76206517,TestHangSwingIn,GAME/LARA.C,5215,ANGLE,combat-camera-context,no,no,no
3560,0aaa76206517,TestHangSwingIn,GAME/LARA.C,5218,AnimateLara,combat-camera-context,no,no,no
3561,0aaa76206517,TestHangSwingIn,GAME/LARA.C,5219,LaraBaddieCollision,combat-camera-context,no,no,no
3562,0aaa76206517,TestHangSwingIn,GAME/LARA.C,5221,UpdateLaraRoom,combat-camera-context,no,no,no
3563,0aaa76206517,TestHangSwingIn,GAME/LARA.C,5228,LaraGun,combat-camera-context,no,no,no
3564,0aaa76206517,TestHangSwingIn,GAME/LARA.C,5230,TestTriggers,combat-camera-context,no,no,no
3565,0aaa76206517,TestHangSwingIn,GAME/LARA.C,5233,TestHangSwingIn,combat-camera-context,no,no,no
3566,0aaa76206517,TestHangSwingIn,GAME/LARA.C,5242,ANGLE,combat-camera-context,no,no,no
3567,0aaa76206517,TestHangSwingIn,GAME/LARA.C,5246,ANGLE,combat-camera-context,no,no,no
3568,0aaa76206517,TestHangSwingIn,GAME/LARA.C,5250,ANGLE,combat-camera-context,no,no,no
3569,0aaa76206517,TestHangSwingIn,GAME/LARA.C,5259,GetFloor,combat-camera-context,no,no,no
3570,0aaa76206517,TestHangSwingIn,GAME/LARA.C,5260,GetHeight,combat-camera-context,no,no,no
3571,0aaa76206517,TestHangSwingIn,GAME/LARA.C,5261,GetCeiling,combat-camera-context,no,no,no
3572,0aaa76206517,TestHangSwingIn,GAME/LARA.C,5266,LaraHangLeftCornerTest,combat-camera-context,no,no,no
3573,0aaa76206517,TestHangSwingIn,GAME/LARA.C,5268,UNIMPLEMENTED,combat-camera-context,no,no,no
3574,0aaa76206517,TestHangSwingIn,GAME/LARA.C,5272,LaraHangRightCornerTest,combat-camera-context,no,no,no
3575,0aaa76206517,TestHangSwingIn,GAME/LARA.C,5274,UNIMPLEMENTED,combat-camera-context,no,no,no
3576,0aaa76206517,TestHangSwingIn,GAME/LARA.C,5278,IsValidHangPos,combat-camera-context,no,no,no
3577,0aaa76206517,TestHangSwingIn,GAME/LARA.C,5280,LaraFloorFront,combat-camera-context,no,no,no
3578,0aaa76206517,TestHangSwingIn,GAME/LARA.C,5283,ANGLE,combat-camera-context,no,no,no
3579,0aaa76206517,TestHangSwingIn,GAME/LARA.C,5283,ANGLE,combat-camera-context,no,no,no
3580,0aaa76206517,TestHangSwingIn,GAME/LARA.C,5307,GetLaraCollisionInfo,combat-camera-context,no,no,no
3581,0aaa76206517,TestHangSwingIn,GAME/LARA.C,5312,ABS,combat-camera-context,no,no,no
3582,0aaa76206517,TestHangSwingIn,GAME/LARA.C,5315,LaraHangTest,combat-camera-context,no,no,no
3583,0aaa76206517,TestHangSwingIn,GAME/LARA.C,5336,ANGLE,combat-camera-context,no,no,no
3584,0aaa76206517,TestHangSwingIn,GAME/LARA.C,5340,ANGLE,combat-camera-context,no,no,no
3585,0aaa76206517,TestHangSwingIn,GAME/LARA.C,5349,LaraFloorFront,combat-camera-context,no,no,no
3586,0aaa76206517,TestHangSwingIn,GAME/LARA.C,5357,LaraCeilingFront,combat-camera-context,no,no,no
3587,0aaa76206517,TestHangSwingIn,GAME/LARA.C,5358,ANGLE,combat-camera-context,no,no,no
3588,0aaa76206517,TestHangSwingIn,GAME/LARA.C,5392,GetLaraCollisionInfo,combat-camera-context,no,no,no
3589,0aaa76206517,TestHangSwingIn,GAME/LARA.C,5421,LaraTestHangOnClimbWall,combat-camera-context,no,no,no
3590,0aaa76206517,TestHangSwingIn,GAME/LARA.C,5426,SnapLaraToEdgeOfBlock,combat-camera-context,no,no,no
3591,0aaa76206517,TestHangSwingIn,GAME/LARA.C,5451,LaraTestClimbStance,combat-camera-context,no,no,no
3592,0aaa76206517,TestHangSwingIn,GAME/LARA.C,5471,GetBoundsAccurate,combat-camera-context,no,no,no
3593,0aaa76206517,TestHangSwingIn,GAME/LARA.C,5476,GetBoundsAccurate,combat-camera-context,no,no,no
3594,0aaa76206517,TestHangSwingIn,GAME/LARA.C,5501,GetBoundsAccurate,combat-camera-context,no,no,no
3595,0aaa76206517,TestHangSwingIn,GAME/LARA.C,5504,GetBoundsAccurate,combat-camera-context,no,no,no
3596,0aaa76206517,TestHangSwingIn,GAME/LARA.C,5536,GetClimbTrigger,combat-camera-context,no,no,no
3597,0aaa76206517,TestHangSwingIn,GAME/LARA.C,5538,LaraTestHangOnClimbWall,combat-camera-context,no,no,no
3598,0aaa76206517,TestHangSwingIn,GAME/LARA.C,5630,SnapLaraToEdgeOfBlock,combat-camera-context,no,no,no
3599,0aaa76206517,TestHangSwingIn,GAME/LARA.C,5673,LaraTestHangOnClimbWall,combat-camera-context,no,no,no
3600,0aaa76206517,TestHangSwingIn,GAME/LARA.C,5684,ANGLE,combat-camera-context,no,no,no
3601,0aaa76206517,TestHangSwingIn,GAME/LARA.C,5700,GetBoundsAccurate,combat-camera-context,no,no,no
3602,0aaa76206517,TestHangSwingIn,GAME/LARA.C,5704,LaraCeilingFront,combat-camera-context,no,no,no
3603,0aaa76206517,TestHangSwingIn,GAME/LARA.C,5705,LaraCeilingFront,combat-camera-context,no,no,no
3604,0aaa76206517,TestHangSwingIn,GAME/LARA.C,5707,ABS,combat-camera-context,no,no,no
3605,0aaa76206517,TestHangSwingIn,GAME/LARA.C,5711,LaraTestClimbPos,combat-camera-context,no,no,no
3606,0aaa76206517,TestHangSwingIn,GAME/LARA.C,5712,LaraTestClimbPos,combat-camera-context,no,no,no
3607,0aaa76206517,TestHangSwingIn,GAME/LARA.C,5714,LaraTestClimbPos,combat-camera-context,no,no,no
3608,0aaa76206517,TestHangSwingIn,GAME/LARA.C,5730,LaraSlideEdgeJump,combat-camera-context,no,no,no
3609,0aaa76206517,TestHangSwingIn,GAME/LARA.C,5732,ShiftItem,combat-camera-context,no,no,no
3610,0aaa76206517,TestHangSwingIn,GAME/LARA.C,5737,ANGLE,combat-camera-context,no,no,no
3611,0aaa76206517,TestHangSwingIn,GAME/LARA.C,5741,ANGLE,combat-camera-context,no,no,no
3612,0aaa76206517,TestHangSwingIn,GAME/LARA.C,5751,COS,combat-camera-context,no,no,no
3613,0aaa76206517,TestHangSwingIn,GAME/LARA.C,5752,SIN,combat-camera-context,no,no,no
3614,0aaa76206517,TestHangSwingIn,GAME/LARA.C,5765,LaraDeflectEdgeJump,combat-camera-context,no,no,no
3615,0aaa76206517,TestHangSwingIn,GAME/LARA.C,5767,ShiftItem,combat-camera-context,no,no,no
3616,0aaa76206517,TestHangSwingIn,GAME/LARA.C,5796,ANGLE,combat-camera-context,no,no,no
3617,0aaa76206517,TestHangSwingIn,GAME/LARA.C,5809,ANGLE,combat-camera-context,no,no,no
3618,0aaa76206517,TestHangSwingIn,GAME/LARA.C,5812,ANGLE,combat-camera-context,no,no,no
3619,0aaa76206517,TestHangSwingIn,GAME/LARA.C,5815,SIN,combat-camera-context,no,no,no
3620,0aaa76206517,TestHangSwingIn,GAME/LARA.C,5816,COS,combat-camera-context,no,no,no
3621,0aaa76206517,TestHangSwingIn,GAME/LARA.C,5828,lara_slide_slope,combat-camera-context,no,no,no
3622,0aaa76206517,TestHangSwingIn,GAME/LARA.C,5834,GetLaraCollisionInfo,combat-camera-context,no,no,no
3623,0aaa76206517,TestHangSwingIn,GAME/LARA.C,5836,LaraHitCeiling,combat-camera-context,no,no,no
3624,0aaa76206517,TestHangSwingIn,GAME/LARA.C,5838,LaraDeflectEdge,combat-camera-context,no,no,no
3625,0aaa76206517,TestHangSwingIn,GAME/LARA.C,5842,TestLaraSlide,combat-camera-context,no,no,no
3626,0aaa76206517,TestHangSwingIn,GAME/LARA.C,5846,ABS,combat-camera-context,no,no,no
3627,0aaa76206517,TestHangSwingIn,GAME/LARA.C,5846,ABS,combat-camera-context,no,no,no
3628,0aaa76206517,TestHangSwingIn,GAME/LARA.C,5849,StopSoundEffect,combat-camera-context,no,no,no
3629,0aaa76206517,TestHangSwingIn,GAME/LARA.C,5871,StopSoundEffect,combat-camera-context,no,no,no
3630,0aaa76206517,TestHangSwingIn,GAME/LARA.C,5879,LaraCollideStop,combat-camera-context,no,no,no
3631,0aaa76206517,TestHangSwingIn,GAME/LARA.C,5902,AnimateLara,combat-camera-context,no,no,no
3632,0aaa76206517,TestHangSwingIn,GAME/LARA.C,5911,TestWall,combat-camera-context,no,no,no
3633,0aaa76206517,TestHangSwingIn,GAME/LARA.C,5917,ANGLE,combat-camera-context,no,no,no
3634,0aaa76206517,TestHangSwingIn,GAME/LARA.C,5923,ANGLE,combat-camera-context,no,no,no
3635,0aaa76206517,TestHangSwingIn,GAME/LARA.C,5941,GetFloor,combat-camera-context,no,no,no
3636,0aaa76206517,TestHangSwingIn,GAME/LARA.C,5943,ANGLE,combat-camera-context,no,no,no
3637,0aaa76206517,TestHangSwingIn,GAME/LARA.C,5961,GetFloor,combat-camera-context,no,no,no
3638,0aaa76206517,TestHangSwingIn,GAME/LARA.C,5962,GetHeight,combat-camera-context,no,no,no
3639,0aaa76206517,TestHangSwingIn,GAME/LARA.C,5963,GetCeiling,combat-camera-context,no,no,no
3640,0aaa76206517,TestHangSwingIn,GAME/LARA.C,5974,TestLaraVault,combat-camera-context,no,no,no
3641,0aaa76206517,TestHangSwingIn,GAME/LARA.C,6303,var_8,combat-camera-context,no,no,no
3642,0aaa76206517,TestHangSwingIn,GAME/LARA.C,6304,var_C,combat-camera-context,no,no,no
3643,0aaa76206517,TestHangSwingIn,GAME/LARA.C,6305,var_10,combat-camera-context,no,no,no
3644,0aaa76206517,TestHangSwingIn,GAME/LARA.C,6306,var_14,combat-camera-context,no,no,no
3645,0aaa76206517,TestHangSwingIn,GAME/LARA.C,6307,var_18,combat-camera-context,no,no,no
3646,0aaa76206517,TestHangSwingIn,GAME/LARA.C,6314,LaraTestClimbStance,combat-camera-context,no,no,no
3647,0aaa76206517,TestHangSwingIn,GAME/LARA.C,6318,LaraTestClimbPos,combat-camera-context,no,no,no
3648,0aaa76206517,TestHangSwingIn,GAME/LARA.C,6321,LaraTestClimbPos,combat-camera-context,no,no,no
3649,0aaa76206517,TestHangSwingIn,GAME/LARA.C,6333,SIGN,combat-camera-context,no,no,no
3650,0aaa76206517,TestHangSwingIn,GAME/LARA.C,6333,SIGN,combat-camera-context,no,no,no
3651,0aaa76206517,TestHangSwingIn,GAME/LARA.C,6334,ABS,combat-camera-context,no,no,no
3652,0aaa76206517,TestHangSwingIn,GAME/LARA.C,6334,ABS,combat-camera-context,no,no,no
3653,0aaa76206517,TestHangSwingIn,GAME/LARA.C,6351,LaraTestEdgeCatch,combat-camera-context,no,no,no
3654,0aaa76206517,TestHangSwingIn,GAME/LARA.C,6356,GetBoundsAccurate,combat-camera-context,no,no,no
3655,0aaa76206517,TestHangSwingIn,GAME/LARA.C,6398,LaraDeflectEdgeDuck,combat-camera-context,no,no,no
3656,0aaa76206517,TestHangSwingIn,GAME/LARA.C,6402,ShiftItem,combat-camera-context,no,no,no
3657,0aaa76206517,TestHangSwingIn,GAME/LARA.C,6411,ShiftItem,combat-camera-context,no,no,no
3658,0aaa76206517,TestHangSwingIn,GAME/LARA.C,6412,ANGLE,combat-camera-context,no,no,no
3659,0aaa76206517,TestHangSwingIn,GAME/LARA.C,6416,ShiftItem,combat-camera-context,no,no,no
3660,0aaa76206517,TestHangSwingIn,GAME/LARA.C,6417,ANGLE,combat-camera-context,no,no,no
3661,0aaa76206517,TestHangSwingIn,GAME/LARA.C,6423,LaraDeflectEdge,combat-camera-context,no,no,no
3662,0aaa76206517,TestHangSwingIn,GAME/LARA.C,6427,ShiftItem,combat-camera-context,no,no,no
3663,0aaa76206517,TestHangSwingIn,GAME/LARA.C,6437,ShiftItem,combat-camera-context,no,no,no
3664,0aaa76206517,TestHangSwingIn,GAME/LARA.C,6438,ANGLE,combat-camera-context,no,no,no
3665,0aaa76206517,TestHangSwingIn,GAME/LARA.C,6445,ShiftItem,combat-camera-context,no,no,no
3666,0aaa76206517,TestHangSwingIn,GAME/LARA.C,6446,ANGLE,combat-camera-context,no,no,no
3667,0aaa76206517,TestHangSwingIn,GAME/LARA.C,6452,LaraHitCeiling,combat-camera-context,no,no,no
3668,0aaa76206517,TestHangSwingIn,GAME/LARA.C,6478,LaraLandedBad,combat-camera-context,no,no,no
3669,0aaa76206517,TestHangSwingIn,GAME/LARA.C,6499,LaraFallen,combat-camera-context,no,no,no
3670,0aaa76206517,TestHangSwingIn,GAME/LARA.C,6517,TestLaraSlide,combat-camera-context,no,no,no
3671,0aaa76206517,TestHangSwingIn,GAME/LARA.C,6523,ABS,combat-camera-context,no,no,no
3672,0aaa76206517,TestHangSwingIn,GAME/LARA.C,6523,ABS,combat-camera-context,no,no,no
3673,0aaa76206517,TestHangSwingIn,GAME/LARA.C,6527,ANGLE,combat-camera-context,no,no,no
3674,0aaa76206517,TestHangSwingIn,GAME/LARA.C,6529,ANGLE,combat-camera-context,no,no,no
3675,0aaa76206517,TestHangSwingIn,GAME/LARA.C,6531,ABS,combat-camera-context,no,no,no
3676,0aaa76206517,TestHangSwingIn,GAME/LARA.C,6532,ANGLE,combat-camera-context,no,no,no
3677,0aaa76206517,TestHangSwingIn,GAME/LARA.C,6533,ABS,combat-camera-context,no,no,no
3678,0aaa76206517,TestHangSwingIn,GAME/LARA.C,6538,ShiftItem,combat-camera-context,no,no,no
3679,0aaa76206517,TestHangSwingIn,GAME/LARA.C,6570,LaraCeilingFront,combat-camera-context,no,no,no
3680,0aaa76206517,TestHangSwingIn,GAME/LARA.C,6582,SIN,combat-camera-context,no,no,no
3681,0aaa76206517,TestHangSwingIn,GAME/LARA.C,6583,COS,combat-camera-context,no,no,no
3682,0aaa76206517,TestHangSwingIn,GAME/LARA.C,6585,GetCeiling,combat-camera-context,no,no,no
3683,0aaa76206517,TestHangSwingIn,GAME/LARA.C,6585,GetFloor,combat-camera-context,no,no,no
3684,0aaa76206517,TestHangSwingIn,GAME/LARA.C,6597,SIN,combat-camera-context,no,no,no
3685,0aaa76206517,TestHangSwingIn,GAME/LARA.C,6599,COS,combat-camera-context,no,no,no
3686,0aaa76206517,TestHangSwingIn,GAME/LARA.C,6601,GetHeight,combat-camera-context,no,no,no
3687,0aaa76206517,TestHangSwingIn,GAME/LARA.C,6601,GetFloor,combat-camera-context,no,no,no
3688,0aaa76206517,TestHangSwingIn,GAME/LARA.C,6610,LaraFloorFront,combat-camera-context,no,no,no
3689,0aaa76206517,TestHangSwingIn,GAME/LARA.C,6621,SIN,combat-camera-context,no,no,no
3690,0aaa76206517,TestHangSwingIn,GAME/LARA.C,6622,COS,combat-camera-context,no,no,no
3691,0aaa76206517,TestHangSwingIn,GAME/LARA.C,6625,GetHeight,combat-camera-context,no,no,no
3692,0aaa76206517,TestHangSwingIn,GAME/LARA.C,6625,GetFloor,combat-camera-context,no,no,no
3693,0aaa76206517,TestHangSwingIn,GAME/LARA.C,6637,SIN,combat-camera-context,no,no,no
3694,0aaa76206517,TestHangSwingIn,GAME/LARA.C,6639,COS,combat-camera-context,no,no,no
3695,0aaa76206517,TestHangSwingIn,GAME/LARA.C,6641,GetHeight,combat-camera-context,no,no,no
3696,0aaa76206517,TestHangSwingIn,GAME/LARA.C,6641,GetFloor,combat-camera-context,no,no,no
3697,0aaa76206517,TestHangSwingIn,GAME/LARA.C,6650,GetLaraCollisionInfo,combat-camera-context,no,no,no
3698,0aaa76206517,TestHangSwingIn,GAME/LARA.C,6653,GetCollisionInfo,combat-camera-context,no,no,no
3699,0aaa76206517,TestHangSwingIn,GAME/LARA.C,6657,GetLaraJointPos,combat-camera-context,no,no,no
3700,0aaa76206517,TestHangSwingIn,GAME/LARA.C,6659,phd_PushMatrix,combat-camera-context,no,no,no
3701,0aaa76206517,TestHangSwingIn,GAME/LARA.C,6674,mTranslateXYZ,combat-camera-context,no,no,no
3702,0aaa76206517,TestHangSwingIn,GAME/LARA.C,6684,mPopMatrix,combat-camera-context,no,no,no
3703,0aaa76206517,TestHangSwingIn,GAME/LARA.C,6689,AnimateLara,combat-camera-context,no,no,no
3704,0aaa76206517,TestHangSwingIn,GAME/LARA.C,6691,UNIMPLEMENTED,combat-camera-context,no,no,no
3705,0aaa76206517,TestHangSwingIn,GAME/LARA.C,6695,SetLaraUnderwaterNodes,combat-camera-context,no,no,no
3706,0aaa76206517,TestHangSwingIn,GAME/LARA.C,6711,GetFloor,combat-camera-context,no,no,no
3707,0aaa76206517,TestHangSwingIn,GAME/LARA.C,6718,GetLaraJointPos,combat-camera-context,no,no,no
3708,0aaa76206517,TestHangSwingIn,GAME/LARA.C,6728,GetFloor,combat-camera-context,no,no,no
3709,0aaa76206517,TestHangSwingIn,GAME/LARA.C,6755,SetPendulumVelocity,combat-camera-context,no,no,no
3710,0aaa76206517,TestHangSwingIn,GAME/LARA.C,6771,LaraClimbRope,combat-camera-context,no,no,no
3711,0aaa76206517,TestHangSwingIn,GAME/LARA.C,6773,UNIMPLEMENTED,combat-camera-context,no,no,no
3712,0aaa76206517,TestHangSwingIn,GAME/LARA.C,6776,FireChaff,combat-camera-context,no,no,no
3713,0aaa76206517,TestHangSwingIn,GAME/LARA.C,6778,UNIMPLEMENTED,combat-camera-context,no,no,no
3714,0aaa76206517,TestHangSwingIn,GAME/LARA.C,6781,GetLaraJointPosRot,combat-camera-context,no,no,no
3715,0aaa76206517,TestHangSwingIn,GAME/LARA.C,6783,UNIMPLEMENTED,combat-camera-context,no,no,no
3716,0aaa76206517,TestHangSwingIn,GAME/LARA.C,6786,DoSubsuitStuff,combat-camera-context,no,no,no
3717,0aaa76206517,TestHangSwingIn,GAME/LARA.C,6788,UNIMPLEMENTED,combat-camera-context,no,no,no
3718,0aaa76206517,TestWall,GAME/LARA.C,55,void,combat-camera-context,no,no,no
3719,0aaa76206517,TestWall,GAME/LARA.C,198,void,combat-camera-context,no,no,no
3720,0aaa76206517,TestWall,GAME/LARA.C,341,lara_as_pbleapoff,combat-camera-context,no,no,no
3721,0aaa76206517,TestWall,GAME/LARA.C,366,SIN,combat-camera-context,no,no,no
3722,0aaa76206517,TestWall,GAME/LARA.C,367,COS,combat-camera-context,no,no,no
3723,0aaa76206517,TestWall,GAME/LARA.C,377,lara_as_parallelbars,combat-camera-context,no,no,no
3724,0aaa76206517,TestWall,GAME/LARA.C,385,lara_as_trfall,combat-camera-context,no,no,no
3725,0aaa76206517,TestWall,GAME/LARA.C,396,GetLaraJointPos,combat-camera-context,no,no,no
3726,0aaa76206517,TestWall,GAME/LARA.C,456,GetRandomControl,combat-camera-context,no,no,no
3727,0aaa76206517,TestWall,GAME/LARA.C,462,lara_as_trwalk,combat-camera-context,no,no,no
3728,0aaa76206517,TestWall,GAME/LARA.C,472,GetHeight,combat-camera-context,no,no,no
3729,0aaa76206517,TestWall,GAME/LARA.C,472,GetFloor,combat-camera-context,no,no,no
3730,0aaa76206517,TestWall,GAME/LARA.C,481,GetTighRopeFallOff,combat-camera-context,no,no,no
3731,0aaa76206517,TestWall,GAME/LARA.C,488,LookUpDown,combat-camera-context,no,no,no
3732,0aaa76206517,TestWall,GAME/LARA.C,500,lara_as_trpose,combat-camera-context,no,no,no
3733,0aaa76206517,TestWall,GAME/LARA.C,503,LookUpDown,combat-camera-context,no,no,no
3734,0aaa76206517,TestWall,GAME/LARA.C,505,GetTighRopeFallOff,combat-camera-context,no,no,no
3735,0aaa76206517,TestWall,GAME/LARA.C,510,GetRandomControl,combat-camera-context,no,no,no
3736,0aaa76206517,TestWall,GAME/LARA.C,528,GetTighRopeFallOff,combat-camera-context,no,no,no
3737,0aaa76206517,TestWall,GAME/LARA.C,535,GetTighRopeFallOff,combat-camera-context,no,no,no
3738,0aaa76206517,TestWall,GAME/LARA.C,545,GetRandomControl,combat-camera-context,no,no,no
3739,0aaa76206517,TestWall,GAME/LARA.C,546,GetRandomControl,combat-camera-context,no,no,no
3740,0aaa76206517,TestWall,GAME/LARA.C,549,LookLeftRight,combat-camera-context,no,no,no
3741,0aaa76206517,TestWall,GAME/LARA.C,555,ANGLE,combat-camera-context,no,no,no
3742,0aaa76206517,TestWall,GAME/LARA.C,558,ANGLE,combat-camera-context,no,no,no
3743,0aaa76206517,TestWall,GAME/LARA.C,560,ANGLE,combat-camera-context,no,no,no
3744,0aaa76206517,TestWall,GAME/LARA.C,566,ANGLE,combat-camera-context,no,no,no
3745,0aaa76206517,TestWall,GAME/LARA.C,569,ANGLE,combat-camera-context,no,no,no
3746,0aaa76206517,TestWall,GAME/LARA.C,571,ANGLE,combat-camera-context,no,no,no
3747,0aaa76206517,TestWall,GAME/LARA.C,578,LookUpDown,combat-camera-context,no,no,no
3748,0aaa76206517,TestWall,GAME/LARA.C,584,ANGLE,combat-camera-context,no,no,no
3749,0aaa76206517,TestWall,GAME/LARA.C,587,ANGLE,combat-camera-context,no,no,no
3750,0aaa76206517,TestWall,GAME/LARA.C,589,ANGLE,combat-camera-context,no,no,no
3751,0aaa76206517,TestWall,GAME/LARA.C,595,ANGLE,combat-camera-context,no,no,no
3752,0aaa76206517,TestWall,GAME/LARA.C,598,ANGLE,combat-camera-context,no,no,no
3753,0aaa76206517,TestWall,GAME/LARA.C,600,ANGLE,combat-camera-context,no,no,no
3754,0aaa76206517,TestWall,GAME/LARA.C,607,ResetLook,combat-camera-context,no,no,no
3755,0aaa76206517,TestWall,GAME/LARA.C,611,ANGLE,combat-camera-context,no,no,no
3756,0aaa76206517,TestWall,GAME/LARA.C,611,ANGLE,combat-camera-context,no,no,no
3757,0aaa76206517,TestWall,GAME/LARA.C,616,ANGLE,combat-camera-context,no,no,no
3758,0aaa76206517,TestWall,GAME/LARA.C,616,ANGLE,combat-camera-context,no,no,no
3759,0aaa76206517,TestWall,GAME/LARA.C,636,lara_col_jumper,combat-camera-context,no,no,no
3760,0aaa76206517,TestWall,GAME/LARA.C,642,GetLaraCollisionInfo,combat-camera-context,no,no,no
3761,0aaa76206517,TestWall,GAME/LARA.C,643,LaraDeflectEdgeJump,combat-camera-context,no,no,no
3762,0aaa76206517,TestWall,GAME/LARA.C,647,LaraLandedBad,combat-camera-context,no,no,no
3763,0aaa76206517,TestWall,GAME/LARA.C,660,lara_default_col,combat-camera-context,no,no,no
3764,0aaa76206517,TestWall,GAME/LARA.C,668,GetLaraCollisionInfo,combat-camera-context,no,no,no
3765,0aaa76206517,TestWall,GAME/LARA.C,671,lara_col_wade,combat-camera-context,no,no,no
3766,0aaa76206517,TestWall,GAME/LARA.C,681,GetLaraCollisionInfo,combat-camera-context,no,no,no
3767,0aaa76206517,TestWall,GAME/LARA.C,683,LaraHitCeiling,combat-camera-context,no,no,no
3768,0aaa76206517,TestWall,GAME/LARA.C,683,TestLaraVault,combat-camera-context,no,no,no
3769,0aaa76206517,TestWall,GAME/LARA.C,685,LaraDeflectEdge,combat-camera-context,no,no,no
3770,0aaa76206517,TestWall,GAME/LARA.C,708,LaraCollideStop,combat-camera-context,no,no,no
3771,0aaa76206517,TestWall,GAME/LARA.C,737,lara_col_fastdive,combat-camera-context,no,no,no
3772,0aaa76206517,TestWall,GAME/LARA.C,745,GetLaraCollisionInfo,combat-camera-context,no,no,no
3773,0aaa76206517,TestWall,GAME/LARA.C,746,LaraDeflectEdgeJump,combat-camera-context,no,no,no
3774,0aaa76206517,TestWall,GAME/LARA.C,763,lara_col_swandive,combat-camera-context,no,no,no
3775,0aaa76206517,TestWall,GAME/LARA.C,771,GetLaraCollisionInfo,combat-camera-context,no,no,no
3776,0aaa76206517,TestWall,GAME/LARA.C,772,LaraDeflectEdgeJump,combat-camera-context,no,no,no
3777,0aaa76206517,TestWall,GAME/LARA.C,786,lara_col_roll2,combat-camera-context,no,no,no
3778,0aaa76206517,TestWall,GAME/LARA.C,793,ANGLE,combat-camera-context,no,no,no
3779,0aaa76206517,TestWall,GAME/LARA.C,801,GetLaraCollisionInfo,combat-camera-context,no,no,no
3780,0aaa76206517,TestWall,GAME/LARA.C,803,LaraHitCeiling,combat-camera-context,no,no,no
3781,0aaa76206517,TestWall,GAME/LARA.C,803,TestLaraSlide,combat-camera-context,no,no,no
3782,0aaa76206517,TestWall,GAME/LARA.C,807,ShiftItem,combat-camera-context,no,no,no
3783,0aaa76206517,TestWall,GAME/LARA.C,826,lara_col_roll,combat-camera-context,no,no,no
3784,0aaa76206517,TestWall,GAME/LARA.C,840,GetLaraCollisionInfo,combat-camera-context,no,no,no
3785,0aaa76206517,TestWall,GAME/LARA.C,842,LaraHitCeiling,combat-camera-context,no,no,no
3786,0aaa76206517,TestWall,GAME/LARA.C,844,TestLaraSlide,combat-camera-context,no,no,no
3787,0aaa76206517,TestWall,GAME/LARA.C,846,LaraFallen,combat-camera-context,no,no,no
3788,0aaa76206517,TestWall,GAME/LARA.C,848,ShiftItem,combat-camera-context,no,no,no
3789,0aaa76206517,TestWall,GAME/LARA.C,857,lara_col_slideback,combat-camera-context,no,no,no
3790,0aaa76206517,TestWall,GAME/LARA.C,859,ANGLE,combat-camera-context,no,no,no
3791,0aaa76206517,TestWall,GAME/LARA.C,860,lara_slide_slope,combat-camera-context,no,no,no
3792,0aaa76206517,TestWall,GAME/LARA.C,863,lara_col_fallback,combat-camera-context,no,no,no
3793,0aaa76206517,TestWall,GAME/LARA.C,865,ANGLE,combat-camera-context,no,no,no
3794,0aaa76206517,TestWall,GAME/LARA.C,871,GetLaraCollisionInfo,combat-camera-context,no,no,no
3795,0aaa76206517,TestWall,GAME/LARA.C,872,LaraDeflectEdgeJump,combat-camera-context,no,no,no
3796,0aaa76206517,TestWall,GAME/LARA.C,876,LaraLandedBad,combat-camera-context,no,no,no
3797,0aaa76206517,TestWall,GAME/LARA.C,889,lara_col_leftjump,combat-camera-context,no,no,no
3798,0aaa76206517,TestWall,GAME/LARA.C,891,ANGLE,combat-camera-context,no,no,no
3799,0aaa76206517,TestWall,GAME/LARA.C,892,lara_col_jumper,combat-camera-context,no,no,no
3800,0aaa76206517,TestWall,GAME/LARA.C,895,lara_col_rightjump,combat-camera-context,no,no,no
3801,0aaa76206517,TestWall,GAME/LARA.C,897,ANGLE,combat-camera-context,no,no,no
3802,0aaa76206517,TestWall,GAME/LARA.C,898,lara_col_jumper,combat-camera-context,no,no,no
3803,0aaa76206517,TestWall,GAME/LARA.C,901,lara_col_backjump,combat-camera-context,no,no,no
3804,0aaa76206517,TestWall,GAME/LARA.C,903,ANGLE,combat-camera-context,no,no,no
3805,0aaa76206517,TestWall,GAME/LARA.C,904,lara_col_jumper,combat-camera-context,no,no,no
3806,0aaa76206517,TestWall,GAME/LARA.C,907,lara_col_slide,combat-camera-context,no,no,no
3807,0aaa76206517,TestWall,GAME/LARA.C,910,lara_slide_slope,combat-camera-context,no,no,no
3808,0aaa76206517,TestWall,GAME/LARA.C,913,lara_col_stepleft,combat-camera-context,no,no,no
3809,0aaa76206517,TestWall,GAME/LARA.C,915,lara_col_stepright,combat-camera-context,no,no,no
3810,0aaa76206517,TestWall,GAME/LARA.C,918,lara_col_stepright,combat-camera-context,no,no,no
3811,0aaa76206517,TestWall,GAME/LARA.C,921,ANGLE,combat-camera-context,no,no,no
3812,0aaa76206517,TestWall,GAME/LARA.C,923,ANGLE,combat-camera-context,no,no,no
3813,0aaa76206517,TestWall,GAME/LARA.C,939,GetLaraCollisionInfo,combat-camera-context,no,no,no
3814,0aaa76206517,TestWall,GAME/LARA.C,941,LaraHitCeiling,combat-camera-context,no,no,no
3815,0aaa76206517,TestWall,GAME/LARA.C,943,LaraDeflectEdge,combat-camera-context,no,no,no
3816,0aaa76206517,TestWall,GAME/LARA.C,944,LaraCollideStop,combat-camera-context,no,no,no
3817,0aaa76206517,TestWall,GAME/LARA.C,946,LaraFallen,combat-camera-context,no,no,no
3818,0aaa76206517,TestWall,GAME/LARA.C,946,TestLaraSlide,combat-camera-context,no,no,no
3819,0aaa76206517,TestWall,GAME/LARA.C,951,lara_col_back,combat-camera-context,no,no,no
3820,0aaa76206517,TestWall,GAME/LARA.C,956,ANGLE,combat-camera-context,no,no,no
3821,0aaa76206517,TestWall,GAME/LARA.C,969,GetLaraCollisionInfo,combat-camera-context,no,no,no
3822,0aaa76206517,TestWall,GAME/LARA.C,971,LaraHitCeiling,combat-camera-context,no,no,no
3823,0aaa76206517,TestWall,GAME/LARA.C,973,LaraDeflectEdge,combat-camera-context,no,no,no
3824,0aaa76206517,TestWall,GAME/LARA.C,974,LaraCollideStop,combat-camera-context,no,no,no
3825,0aaa76206517,TestWall,GAME/LARA.C,976,LaraFallen,combat-camera-context,no,no,no
3826,0aaa76206517,TestWall,GAME/LARA.C,992,TestLaraSlide,combat-camera-context,no,no,no
3827,0aaa76206517,TestWall,GAME/LARA.C,998,lara_col_compress,combat-camera-context,no,no,no
3828,0aaa76206517,TestWall,GAME/LARA.C,1007,GetLaraCollisionInfo,combat-camera-context,no,no,no
3829,0aaa76206517,TestWall,GAME/LARA.C,1009,LaraFallen,combat-camera-context,no,no,no
3830,0aaa76206517,TestWall,GAME/LARA.C,1032,lara_col_land,combat-camera-context,no,no,no
3831,0aaa76206517,TestWall,GAME/LARA.C,1034,lara_col_stop,combat-camera-context,no,no,no
3832,0aaa76206517,TestWall,GAME/LARA.C,1037,lara_col_splat,combat-camera-context,no,no,no
3833,0aaa76206517,TestWall,GAME/LARA.C,1048,GetLaraCollisionInfo,combat-camera-context,no,no,no
3834,0aaa76206517,TestWall,GAME/LARA.C,1049,ShiftItem,combat-camera-context,no,no,no
3835,0aaa76206517,TestWall,GAME/LARA.C,1055,lara_col_fastfall,combat-camera-context,no,no,no
3836,0aaa76206517,TestWall,GAME/LARA.C,1063,GetLaraCollisionInfo,combat-camera-context,no,no,no
3837,0aaa76206517,TestWall,GAME/LARA.C,1064,LaraSlideEdgeJump,combat-camera-context,no,no,no
3838,0aaa76206517,TestWall,GAME/LARA.C,1068,LaraLandedBad,combat-camera-context,no,no,no
3839,0aaa76206517,TestWall,GAME/LARA.C,1080,StopSoundEffect,combat-camera-context,no,no,no
3840,0aaa76206517,TestWall,GAME/LARA.C,1090,lara_col_death,combat-camera-context,no,no,no
3841,0aaa76206517,TestWall,GAME/LARA.C,1092,StopSoundEffect,combat-camera-context,no,no,no
3842,0aaa76206517,TestWall,GAME/LARA.C,1100,GetLaraCollisionInfo,combat-camera-context,no,no,no
3843,0aaa76206517,TestWall,GAME/LARA.C,1101,ShiftItem,combat-camera-context,no,no,no
3844,0aaa76206517,TestWall,GAME/LARA.C,1110,lara_col_turn_l,combat-camera-context,no,no,no
3845,0aaa76206517,TestWall,GAME/LARA.C,1112,lara_col_turn_r,combat-camera-context,no,no,no
3846,0aaa76206517,TestWall,GAME/LARA.C,1115,lara_col_turn_r,combat-camera-context,no,no,no
3847,0aaa76206517,TestWall,GAME/LARA.C,1128,GetLaraCollisionInfo,combat-camera-context,no,no,no
3848,0aaa76206517,TestWall,GAME/LARA.C,1132,TestLaraSlide,combat-camera-context,no,no,no
3849,0aaa76206517,TestWall,GAME/LARA.C,1146,lara_col_fastback,combat-camera-context,no,no,no
3850,0aaa76206517,TestWall,GAME/LARA.C,1151,ANGLE,combat-camera-context,no,no,no
3851,0aaa76206517,TestWall,GAME/LARA.C,1160,GetLaraCollisionInfo,combat-camera-context,no,no,no
3852,0aaa76206517,TestWall,GAME/LARA.C,1162,LaraHitCeiling,combat-camera-context,no,no,no
3853,0aaa76206517,TestWall,GAME/LARA.C,1166,LaraDeflectEdge,combat-camera-context,no,no,no
3854,0aaa76206517,TestWall,GAME/LARA.C,1167,LaraCollideStop,combat-camera-context,no,no,no
3855,0aaa76206517,TestWall,GAME/LARA.C,1169,TestLaraSlide,combat-camera-context,no,no,no
3856,0aaa76206517,TestWall,GAME/LARA.C,1186,lara_col_pose,combat-camera-context,no,no,no
3857,0aaa76206517,TestWall,GAME/LARA.C,1188,lara_col_stop,combat-camera-context,no,no,no
3858,0aaa76206517,TestWall,GAME/LARA.C,1191,lara_col_run,combat-camera-context,no,no,no
3859,0aaa76206517,TestWall,GAME/LARA.C,1201,GetLaraCollisionInfo,combat-camera-context,no,no,no
3860,0aaa76206517,TestWall,GAME/LARA.C,1203,LaraHitCeiling,combat-camera-context,no,no,no
3861,0aaa76206517,TestWall,GAME/LARA.C,1203,TestLaraVault,combat-camera-context,no,no,no
3862,0aaa76206517,TestWall,GAME/LARA.C,1205,LaraDeflectEdge,combat-camera-context,no,no,no
3863,0aaa76206517,TestWall,GAME/LARA.C,1209,TestWall,combat-camera-context,no,no,no
3864,0aaa76206517,TestWall,GAME/LARA.C,1230,LaraCollideStop,combat-camera-context,no,no,no
3865,0aaa76206517,TestWall,GAME/LARA.C,1233,LaraFallen,combat-camera-context,no,no,no
3866,0aaa76206517,TestWall,GAME/LARA.C,1256,TestLaraSlide,combat-camera-context,no,no,no
3867,0aaa76206517,TestWall,GAME/LARA.C,1272,lara_col_walk,combat-camera-context,no,no,no
3868,0aaa76206517,TestWall,GAME/LARA.C,1287,GetLaraCollisionInfo,combat-camera-context,no,no,no
3869,0aaa76206517,TestWall,GAME/LARA.C,1289,LaraHitCeiling,combat-camera-context,no,no,no
3870,0aaa76206517,TestWall,GAME/LARA.C,1289,TestLaraVault,combat-camera-context,no,no,no
3871,0aaa76206517,TestWall,GAME/LARA.C,1291,LaraDeflectEdge,combat-camera-context,no,no,no
3872,0aaa76206517,TestWall,GAME/LARA.C,1308,LaraCollideStop,combat-camera-context,no,no,no
3873,0aaa76206517,TestWall,GAME/LARA.C,1313,LaraFallen,combat-camera-context,no,no,no
3874,0aaa76206517,TestWall,GAME/LARA.C,1358,TestLaraSlide,combat-camera-context,no,no,no
3875,0aaa76206517,TestWall,GAME/LARA.C,1364,lara_as_pulley,combat-camera-context,no,no,no
3876,0aaa76206517,TestWall,GAME/LARA.C,1404,ABS,combat-camera-context,no,no,no
3877,0aaa76206517,TestWall,GAME/LARA.C,1415,lara_col_turnswitch,combat-camera-context,no,no,no
3878,0aaa76206517,TestWall,GAME/LARA.C,1421,ANGLE,combat-camera-context,no,no,no
3879,0aaa76206517,TestWall,GAME/LARA.C,1429,ANGLE,combat-camera-context,no,no,no
3880,0aaa76206517,TestWall,GAME/LARA.C,1437,lara_as_controlledl,combat-camera-context,no,no,no
3881,0aaa76206517,TestWall,GAME/LARA.C,1444,lara_as_controlled,combat-camera-context,no,no,no
3882,0aaa76206517,TestWall,GAME/LARA.C,1457,lara_as_deathslide,combat-camera-context,no,no,no
3883,0aaa76206517,TestWall,GAME/LARA.C,1461,ANGLE,combat-camera-context,no,no,no
3884,0aaa76206517,TestWall,GAME/LARA.C,1463,GetHeight,combat-camera-context,no,no,no
3885,0aaa76206517,TestWall,GAME/LARA.C,1463,GetFloor,combat-camera-context,no,no,no
3886,0aaa76206517,TestWall,GAME/LARA.C,1472,AnimateLara,combat-camera-context,no,no,no
3887,0aaa76206517,TestWall,GAME/LARA.C,1482,lara_as_wade,combat-camera-context,no,no,no
3888,0aaa76206517,TestWall,GAME/LARA.C,1491,ANGLE,combat-camera-context,no,no,no
3889,0aaa76206517,TestWall,GAME/LARA.C,1496,ANGLE,combat-camera-context,no,no,no
3890,0aaa76206517,TestWall,GAME/LARA.C,1497,ANGLE,combat-camera-context,no,no,no
3891,0aaa76206517,TestWall,GAME/LARA.C,1499,ANGLE,combat-camera-context,no,no,no
3892,0aaa76206517,TestWall,GAME/LARA.C,1500,ANGLE,combat-camera-context,no,no,no
3893,0aaa76206517,TestWall,GAME/LARA.C,1501,ANGLE,combat-camera-context,no,no,no
3894,0aaa76206517,TestWall,GAME/LARA.C,1506,ANGLE,combat-camera-context,no,no,no
3895,0aaa76206517,TestWall,GAME/LARA.C,1507,ANGLE,combat-camera-context,no,no,no
3896,0aaa76206517,TestWall,GAME/LARA.C,1509,ANGLE,combat-camera-context,no,no,no
3897,0aaa76206517,TestWall,GAME/LARA.C,1510,ANGLE,combat-camera-context,no,no,no
3898,0aaa76206517,TestWall,GAME/LARA.C,1511,ANGLE,combat-camera-context,no,no,no
3899,0aaa76206517,TestWall,GAME/LARA.C,1527,lara_as_waterout,combat-camera-context,no,no,no
3900,0aaa76206517,TestWall,GAME/LARA.C,1534,lara_as_gymnast,combat-camera-context,no,no,no
3901,0aaa76206517,TestWall,GAME/LARA.C,1540,lara_as_fastdive,combat-camera-context,no,no,no
3902,0aaa76206517,TestWall,GAME/LARA.C,1549,lara_as_swandive,combat-camera-context,no,no,no
3903,0aaa76206517,TestWall,GAME/LARA.C,1557,lara_as_special,combat-camera-context,no,no,no
3904,0aaa76206517,TestWall,GAME/LARA.C,1560,ANGLE,combat-camera-context,no,no,no
3905,0aaa76206517,TestWall,GAME/LARA.C,1561,ANGLE,combat-camera-context,no,no,no
3906,0aaa76206517,TestWall,GAME/LARA.C,1564,lara_as_usepuzzle,combat-camera-context,no,no,no
3907,0aaa76206517,TestWall,GAME/LARA.C,1571,ANGLE,combat-camera-context,no,no,no
3908,0aaa76206517,TestWall,GAME/LARA.C,1572,ANGLE,combat-camera-context,no,no,no
3909,0aaa76206517,TestWall,GAME/LARA.C,1573,SECTOR,combat-camera-context,no,no,no
3910,0aaa76206517,TestWall,GAME/LARA.C,1586,lara_as_usekey,combat-camera-context,no,no,no
3911,0aaa76206517,TestWall,GAME/LARA.C,1591,ANGLE,combat-camera-context,no,no,no
3912,0aaa76206517,TestWall,GAME/LARA.C,1593,SECTOR,combat-camera-context,no,no,no
3913,0aaa76206517,TestWall,GAME/LARA.C,1596,lara_as_switchoff,combat-camera-context,no,no,no
3914,0aaa76206517,TestWall,GAME/LARA.C,1601,ANGLE,combat-camera-context,no,no,no
3915,0aaa76206517,TestWall,GAME/LARA.C,1602,ANGLE,combat-camera-context,no,no,no
3916,0aaa76206517,TestWall,GAME/LARA.C,1603,SECTOR,combat-camera-context,no,no,no
3917,0aaa76206517,TestWall,GAME/LARA.C,1607,lara_as_switchon,combat-camera-context,no,no,no
3918,0aaa76206517,TestWall,GAME/LARA.C,1612,ANGLE,combat-camera-context,no,no,no
3919,0aaa76206517,TestWall,GAME/LARA.C,1613,ANGLE,combat-camera-context,no,no,no
3920,0aaa76206517,TestWall,GAME/LARA.C,1614,SECTOR,combat-camera-context,no,no,no
3921,0aaa76206517,TestWall,GAME/LARA.C,1618,lara_as_pickupflare,combat-camera-context,no,no,no
3922,0aaa76206517,TestWall,GAME/LARA.C,1623,ANGLE,combat-camera-context,no,no,no
3923,0aaa76206517,TestWall,GAME/LARA.C,1624,ANGLE,combat-camera-context,no,no,no
3924,0aaa76206517,TestWall,GAME/LARA.C,1625,SECTOR,combat-camera-context,no,no,no
3925,0aaa76206517,TestWall,GAME/LARA.C,1630,lara_as_pickup,combat-camera-context,no,no,no
3926,0aaa76206517,TestWall,GAME/LARA.C,1635,ANGLE,combat-camera-context,no,no,no
3927,0aaa76206517,TestWall,GAME/LARA.C,1636,ANGLE,combat-camera-context,no,no,no
3928,0aaa76206517,TestWall,GAME/LARA.C,1637,SECTOR,combat-camera-context,no,no,no
3929,0aaa76206517,TestWall,GAME/LARA.C,1640,lara_as_ppready,combat-camera-context,no,no,no
3930,0aaa76206517,TestWall,GAME/LARA.C,1644,ANGLE,combat-camera-context,no,no,no
3931,0aaa76206517,TestWall,GAME/LARA.C,1649,lara_as_pullblock,combat-camera-context,no,no,no
3932,0aaa76206517,TestWall,GAME/LARA.C,1655,ANGLE,combat-camera-context,no,no,no
3933,0aaa76206517,TestWall,GAME/LARA.C,1659,lara_as_pushblock,combat-camera-context,no,no,no
3934,0aaa76206517,TestWall,GAME/LARA.C,1665,ANGLE,combat-camera-context,no,no,no
3935,0aaa76206517,TestWall,GAME/LARA.C,1669,lara_as_slideback,combat-camera-context,no,no,no
3936,0aaa76206517,TestWall,GAME/LARA.C,1677,lara_as_fallback,combat-camera-context,no,no,no
3937,0aaa76206517,TestWall,GAME/LARA.C,1687,lara_as_leftjump,combat-camera-context,no,no,no
3938,0aaa76206517,TestWall,GAME/LARA.C,1704,lara_as_rightjump,combat-camera-context,no,no,no
3939,0aaa76206517,TestWall,GAME/LARA.C,1721,lara_as_backjump,combat-camera-context,no,no,no
3940,0aaa76206517,TestWall,GAME/LARA.C,1723,ANGLE,combat-camera-context,no,no,no
3941,0aaa76206517,TestWall,GAME/LARA.C,1741,lara_as_slide,combat-camera-context,no,no,no
3942,0aaa76206517,TestWall,GAME/LARA.C,1749,lara_as_stepleft,combat-camera-context,no,no,no
3943,0aaa76206517,TestWall,GAME/LARA.C,1768,ANGLE,combat-camera-context,no,no,no
3944,0aaa76206517,TestWall,GAME/LARA.C,1769,ANGLE,combat-camera-context,no,no,no
3945,0aaa76206517,TestWall,GAME/LARA.C,1774,ANGLE,combat-camera-context,no,no,no
3946,0aaa76206517,TestWall,GAME/LARA.C,1775,ANGLE,combat-camera-context,no,no,no
3947,0aaa76206517,TestWall,GAME/LARA.C,1780,lara_as_stepright,combat-camera-context,no,no,no
3948,0aaa76206517,TestWall,GAME/LARA.C,1799,ANGLE,combat-camera-context,no,no,no
3949,0aaa76206517,TestWall,GAME/LARA.C,1800,ANGLE,combat-camera-context,no,no,no
3950,0aaa76206517,TestWall,GAME/LARA.C,1805,ANGLE,combat-camera-context,no,no,no
3951,0aaa76206517,TestWall,GAME/LARA.C,1806,ANGLE,combat-camera-context,no,no,no
3952,0aaa76206517,TestWall,GAME/LARA.C,1811,lara_col_fastturn,combat-camera-context,no,no,no
3953,0aaa76206517,TestWall,GAME/LARA.C,1813,lara_col_stop,combat-camera-context,no,no,no
3954,0aaa76206517,TestWall,GAME/LARA.C,1816,lara_as_fastturn,combat-camera-context,no,no,no
3955,0aaa76206517,TestWall,GAME/LARA.C,1827,ANGLE,combat-camera-context,no,no,no
3956,0aaa76206517,TestWall,GAME/LARA.C,1836,ANGLE,combat-camera-context,no,no,no
3957,0aaa76206517,TestWall,GAME/LARA.C,1845,lara_as_null,combat-camera-context,no,no,no
3958,0aaa76206517,TestWall,GAME/LARA.C,1852,lara_as_back,combat-camera-context,no,no,no
3959,0aaa76206517,TestWall,GAME/LARA.C,1871,ANGLE,combat-camera-context,no,no,no
3960,0aaa76206517,TestWall,GAME/LARA.C,1872,ANGLE,combat-camera-context,no,no,no
3961,0aaa76206517,TestWall,GAME/LARA.C,1877,ANGLE,combat-camera-context,no,no,no
3962,0aaa76206517,TestWall,GAME/LARA.C,1878,ANGLE,combat-camera-context,no,no,no
3963,0aaa76206517,TestWall,GAME/LARA.C,1883,lara_as_compress,combat-camera-context,no,no,no
3964,0aaa76206517,TestWall,GAME/LARA.C,1887,LaraFloorFront,combat-camera-context,no,no,no
3965,0aaa76206517,TestWall,GAME/LARA.C,1892,LaraFloorFront,combat-camera-context,no,no,no
3966,0aaa76206517,TestWall,GAME/LARA.C,1892,ANGLE,combat-camera-context,no,no,no
3967,0aaa76206517,TestWall,GAME/LARA.C,1895,ANGLE,combat-camera-context,no,no,no
3968,0aaa76206517,TestWall,GAME/LARA.C,1897,LaraFloorFront,combat-camera-context,no,no,no
3969,0aaa76206517,TestWall,GAME/LARA.C,1897,ANGLE,combat-camera-context,no,no,no
3970,0aaa76206517,TestWall,GAME/LARA.C,1900,ANGLE,combat-camera-context,no,no,no
3971,0aaa76206517,TestWall,GAME/LARA.C,1902,LaraFloorFront,combat-camera-context,no,no,no
3972,0aaa76206517,TestWall,GAME/LARA.C,1902,ANGLE,combat-camera-context,no,no,no
3973,0aaa76206517,TestWall,GAME/LARA.C,1905,ANGLE,combat-camera-context,no,no,no
3974,0aaa76206517,TestWall,GAME/LARA.C,1913,lara_as_splat,combat-camera-context,no,no,no
3975,0aaa76206517,TestWall,GAME/LARA.C,1918,lara_as_intcornerr,combat-camera-context,no,no,no
3976,0aaa76206517,TestWall,GAME/LARA.C,1921,ANGLE,combat-camera-context,no,no,no
3977,0aaa76206517,TestWall,GAME/LARA.C,1922,SetCornerAnim,combat-camera-context,no,no,no
3978,0aaa76206517,TestWall,GAME/LARA.C,1922,ANGLE,combat-camera-context,no,no,no
3979,0aaa76206517,TestWall,GAME/LARA.C,1927,lara_as_intcornerl,combat-camera-context,no,no,no
3980,0aaa76206517,TestWall,GAME/LARA.C,1930,ANGLE,combat-camera-context,no,no,no
3981,0aaa76206517,TestWall,GAME/LARA.C,1931,SetCornerAnim,combat-camera-context,no,no,no
3982,0aaa76206517,TestWall,GAME/LARA.C,1931,ANGLE,combat-camera-context,no,no,no
3983,0aaa76206517,TestWall,GAME/LARA.C,1936,lara_as_extcornerr,combat-camera-context,no,no,no
3984,0aaa76206517,TestWall,GAME/LARA.C,1939,ANGLE,combat-camera-context,no,no,no
3985,0aaa76206517,TestWall,GAME/LARA.C,1940,SetCornerAnim,combat-camera-context,no,no,no
3986,0aaa76206517,TestWall,GAME/LARA.C,1940,ANGLE,combat-camera-context,no,no,no
3987,0aaa76206517,TestWall,GAME/LARA.C,1945,lara_as_extcornerl,combat-camera-context,no,no,no
3988,0aaa76206517,TestWall,GAME/LARA.C,1948,ANGLE,combat-camera-context,no,no,no
3989,0aaa76206517,TestWall,GAME/LARA.C,1949,SetCornerAnim,combat-camera-context,no,no,no
3990,0aaa76206517,TestWall,GAME/LARA.C,1949,ANGLE,combat-camera-context,no,no,no
3991,0aaa76206517,TestWall,GAME/LARA.C,1954,SetCornerAnim,combat-camera-context,no,no,no
3992,0aaa76206517,TestWall,GAME/LARA.C,2004,lara_col_hangright,combat-camera-context,no,no,no
3993,0aaa76206517,TestWall,GAME/LARA.C,2006,ANGLE,combat-camera-context,no,no,no
3994,0aaa76206517,TestWall,GAME/LARA.C,2008,LaraHangTest,combat-camera-context,no,no,no
3995,0aaa76206517,TestWall,GAME/LARA.C,2009,ANGLE,combat-camera-context,no,no,no
3996,0aaa76206517,TestWall,GAME/LARA.C,2012,lara_as_hangright,combat-camera-context,no,no,no
3997,0aaa76206517,TestWall,GAME/LARA.C,2017,ANGLE,combat-camera-context,no,no,no
3998,0aaa76206517,TestWall,GAME/LARA.C,2022,lara_col_hangleft,combat-camera-context,no,no,no
3999,0aaa76206517,TestWall,GAME/LARA.C,2024,ANGLE,combat-camera-context,no,no,no
4000,0aaa76206517,TestWall,GAME/LARA.C,2026,LaraHangTest,combat-camera-context,no,no,no
4001,0aaa76206517,TestWall,GAME/LARA.C,2027,ANGLE,combat-camera-context,no,no,no
4002,0aaa76206517,TestWall,GAME/LARA.C,2030,lara_as_hangleft,combat-camera-context,no,no,no
4003,0aaa76206517,TestWall,GAME/LARA.C,2035,ANGLE,combat-camera-context,no,no,no
4004,0aaa76206517,TestWall,GAME/LARA.C,2040,lara_col_hang,combat-camera-context,no,no,no
4005,0aaa76206517,TestWall,GAME/LARA.C,2051,CanLaraHangSideways,combat-camera-context,no,no,no
4006,0aaa76206517,TestWall,GAME/LARA.C,2051,ANGLE,combat-camera-context,no,no,no
4007,0aaa76206517,TestWall,GAME/LARA.C,2058,LaraHangLeftCornerTest,combat-camera-context,no,no,no
4008,0aaa76206517,TestWall,GAME/LARA.C,2072,CanLaraHangSideways,combat-camera-context,no,no,no
4009,0aaa76206517,TestWall,GAME/LARA.C,2072,ANGLE,combat-camera-context,no,no,no
4010,0aaa76206517,TestWall,GAME/LARA.C,2079,LaraHangLeftCornerTest,combat-camera-context,no,no,no
4011,0aaa76206517,TestWall,GAME/LARA.C,2094,LaraHangTest,combat-camera-context,no,no,no
4012,0aaa76206517,TestWall,GAME/LARA.C,2098,TestForObjectOnLedge,combat-camera-context,no,no,no
4013,0aaa76206517,TestWall,GAME/LARA.C,2109,ABS,combat-camera-context,no,no,no
4014,0aaa76206517,TestWall,GAME/LARA.C,2134,ABS,combat-camera-context,no,no,no
4015,0aaa76206517,TestWall,GAME/LARA.C,2157,ABS,combat-camera-context,no,no,no
4016,0aaa76206517,TestWall,GAME/LARA.C,2159,LaraTestClimbStance,combat-camera-context,no,no,no
4017,0aaa76206517,TestWall,GAME/LARA.C,2180,LaraTestClimbStance,combat-camera-context,no,no,no
4018,0aaa76206517,TestWall,GAME/LARA.C,2196,lara_as_hang,combat-camera-context,no,no,no
4019,0aaa76206517,TestWall,GAME/LARA.C,2208,LookUpDown,combat-camera-context,no,no,no
4020,0aaa76206517,TestWall,GAME/LARA.C,2214,ANGLE,combat-camera-context,no,no,no
4021,0aaa76206517,TestWall,GAME/LARA.C,2217,CanLaraHangSideways,combat-camera-context,no,no,no
4022,0aaa76206517,TestWall,GAME/LARA.C,2227,ANGLE,combat-camera-context,no,no,no
4023,0aaa76206517,TestWall,GAME/LARA.C,2227,ANGLE,combat-camera-context,no,no,no
4024,0aaa76206517,TestWall,GAME/LARA.C,2248,LaraHangTest,combat-camera-context,no,no,no
4025,0aaa76206517,TestWall,GAME/LARA.C,2258,lara_void_func,combat-camera-context,no,no,no
4026,0aaa76206517,TestWall,GAME/LARA.C,2263,lara_as_fastfall,combat-camera-context,no,no,no
4027,0aaa76206517,TestWall,GAME/LARA.C,2267,SoundEffect,combat-camera-context,no,no,no
4028,0aaa76206517,TestWall,GAME/LARA.C,2270,lara_as_death,combat-camera-context,no,no,no
4029,0aaa76206517,TestWall,GAME/LARA.C,2279,AlterFOV,combat-camera-context,no,no,no
4030,0aaa76206517,TestWall,GAME/LARA.C,2279,ANGLE,combat-camera-context,no,no,no
4031,0aaa76206517,TestWall,GAME/LARA.C,2285,lara_as_turn_l,combat-camera-context,no,no,no
4032,0aaa76206517,TestWall,GAME/LARA.C,2298,ANGLE,combat-camera-context,no,no,no
4033,0aaa76206517,TestWall,GAME/LARA.C,2301,ANGLE,combat-camera-context,no,no,no
4034,0aaa76206517,TestWall,GAME/LARA.C,2333,lara_as_turn_r,combat-camera-context,no,no,no
4035,0aaa76206517,TestWall,GAME/LARA.C,2346,ANGLE,combat-camera-context,no,no,no
4036,0aaa76206517,TestWall,GAME/LARA.C,2349,ANGLE,combat-camera-context,no,no,no
4037,0aaa76206517,TestWall,GAME/LARA.C,2381,lara_as_fastback,combat-camera-context,no,no,no
4038,0aaa76206517,TestWall,GAME/LARA.C,2387,ANGLE,combat-camera-context,no,no,no
4039,0aaa76206517,TestWall,GAME/LARA.C,2388,ANGLE,combat-camera-context,no,no,no
4040,0aaa76206517,TestWall,GAME/LARA.C,2393,ANGLE,combat-camera-context,no,no,no
4041,0aaa76206517,TestWall,GAME/LARA.C,2394,ANGLE,combat-camera-context,no,no,no
4042,0aaa76206517,TestWall,GAME/LARA.C,2398,lara_as_run,combat-camera-context,no,no,no
4043,0aaa76206517,TestWall,GAME/LARA.C,2444,ANGLE,combat-camera-context,no,no,no
4044,0aaa76206517,TestWall,GAME/LARA.C,2445,ANGLE,combat-camera-context,no,no,no
4045,0aaa76206517,TestWall,GAME/LARA.C,2447,ANGLE,combat-camera-context,no,no,no
4046,0aaa76206517,TestWall,GAME/LARA.C,2448,ANGLE,combat-camera-context,no,no,no
4047,0aaa76206517,TestWall,GAME/LARA.C,2449,ANGLE,combat-camera-context,no,no,no
4048,0aaa76206517,TestWall,GAME/LARA.C,2454,ANGLE,combat-camera-context,no,no,no
4049,0aaa76206517,TestWall,GAME/LARA.C,2455,ANGLE,combat-camera-context,no,no,no
4050,0aaa76206517,TestWall,GAME/LARA.C,2457,ANGLE,combat-camera-context,no,no,no
4051,0aaa76206517,TestWall,GAME/LARA.C,2458,ANGLE,combat-camera-context,no,no,no
4052,0aaa76206517,TestWall,GAME/LARA.C,2459,ANGLE,combat-camera-context,no,no,no
4053,0aaa76206517,TestWall,GAME/LARA.C,2498,lara_as_walk,combat-camera-context,no,no,no
4054,0aaa76206517,TestWall,GAME/LARA.C,2512,ANGLE,combat-camera-context,no,no,no
4055,0aaa76206517,TestWall,GAME/LARA.C,2513,ANGLE,combat-camera-context,no,no,no
4056,0aaa76206517,TestWall,GAME/LARA.C,2518,ANGLE,combat-camera-context,no,no,no
4057,0aaa76206517,TestWall,GAME/LARA.C,2519,ANGLE,combat-camera-context,no,no,no
4058,0aaa76206517,TestWall,GAME/LARA.C,2544,lara_col_reach,combat-camera-context,no,no,no
4059,0aaa76206517,TestWall,GAME/LARA.C,2570,GetLaraCollisionInfo,combat-camera-context,no,no,no
4060,0aaa76206517,TestWall,GAME/LARA.C,2579,SetupPadVibration,combat-camera-context,no,no,no
4061,0aaa76206517,TestWall,GAME/LARA.C,2610,LaraTestEdgeCatch,combat-camera-context,no,no,no
4062,0aaa76206517,TestWall,GAME/LARA.C,2614,LaraTestHangOnClimbWall,combat-camera-context,no,no,no
4063,0aaa76206517,TestWall,GAME/LARA.C,2617,ANGLE,combat-camera-context,no,no,no
4064,0aaa76206517,TestWall,GAME/LARA.C,2619,ANGLE,combat-camera-context,no,no,no
4065,0aaa76206517,TestWall,GAME/LARA.C,2641,SetupPadVibration,combat-camera-context,no,no,no
4066,0aaa76206517,TestWall,GAME/LARA.C,2644,TestHangSwingIn,combat-camera-context,no,no,no
4067,0aaa76206517,TestWall,GAME/LARA.C,2667,GetBoundsAccurate,combat-camera-context,no,no,no
4068,0aaa76206517,TestWall,GAME/LARA.C,2678,ANGLE,combat-camera-context,no,no,no
4069,0aaa76206517,TestWall,GAME/LARA.C,2718,LaraSlideEdgeJump,combat-camera-context,no,no,no
4070,0aaa76206517,TestWall,GAME/LARA.C,2719,GetLaraCollisionInfo,combat-camera-context,no,no,no
4071,0aaa76206517,TestWall,GAME/LARA.C,2720,ShiftItem,combat-camera-context,no,no,no
4072,0aaa76206517,TestWall,GAME/LARA.C,2726,LaraLandedBad,combat-camera-context,no,no,no
4073,0aaa76206517,TestWall,GAME/LARA.C,2757,GetLaraCollisionInfo,combat-camera-context,no,no,no
4074,0aaa76206517,TestWall,GAME/LARA.C,2788,LaraTestEdgeCatch,combat-camera-context,no,no,no
4075,0aaa76206517,TestWall,GAME/LARA.C,2790,LaraTestHangOnClimbWall,combat-camera-context,no,no,no
4076,0aaa76206517,TestWall,GAME/LARA.C,2794,ABS,combat-camera-context,no,no,no
4077,0aaa76206517,TestWall,GAME/LARA.C,2794,ANGLE,combat-camera-context,no,no,no
4078,0aaa76206517,TestWall,GAME/LARA.C,2800,ANGLE,combat-camera-context,no,no,no
4079,0aaa76206517,TestWall,GAME/LARA.C,2804,ANGLE,combat-camera-context,no,no,no
4080,0aaa76206517,TestWall,GAME/LARA.C,2809,ANGLE,combat-camera-context,no,no,no
4081,0aaa76206517,TestWall,GAME/LARA.C,2821,TestHangSwingIn,combat-camera-context,no,no,no
4082,0aaa76206517,TestWall,GAME/LARA.C,2843,GetBoundsAccurate,combat-camera-context,no,no,no
4083,0aaa76206517,TestWall,GAME/LARA.C,2853,ANGLE,combat-camera-context,no,no,no
4084,0aaa76206517,TestWall,GAME/LARA.C,2853,ANGLE,combat-camera-context,no,no,no
4085,0aaa76206517,TestWall,GAME/LARA.C,2890,lara_as_reach,combat-camera-context,no,no,no
4086,0aaa76206517,TestWall,GAME/LARA.C,2892,ANGLE,combat-camera-context,no,no,no
4087,0aaa76206517,TestWall,GAME/LARA.C,2897,lara_col_forwardjump,combat-camera-context,no,no,no
4088,0aaa76206517,TestWall,GAME/LARA.C,2900,ANGLE,combat-camera-context,no,no,no
4089,0aaa76206517,TestWall,GAME/LARA.C,2908,GetLaraCollisionInfo,combat-camera-context,no,no,no
4090,0aaa76206517,TestWall,GAME/LARA.C,2909,LaraDeflectEdgeJump,combat-camera-context,no,no,no
4091,0aaa76206517,TestWall,GAME/LARA.C,2916,LaraLandedBad,combat-camera-context,no,no,no
4092,0aaa76206517,TestWall,GAME/LARA.C,2938,lara_as_forwardjump,combat-camera-context,no,no,no
4093,0aaa76206517,TestWall,GAME/LARA.C,2974,ANGLE,combat-camera-context,no,no,no
4094,0aaa76206517,TestWall,GAME/LARA.C,2976,ANGLE,combat-camera-context,no,no,no
4095,0aaa76206517,TestWall,GAME/LARA.C,2983,ANGLE,combat-camera-context,no,no,no
4096,0aaa76206517,TestWall,GAME/LARA.C,2985,ANGLE,combat-camera-context,no,no,no
4097,0aaa76206517,TestWall,GAME/LARA.C,2990,lara_col_upjump,combat-camera-context,no,no,no
4098,0aaa76206517,TestWall,GAME/LARA.C,3005,ANGLE,combat-camera-context,no,no,no
4099,0aaa76206517,TestWall,GAME/LARA.C,3010,GetCollisionInfo,combat-camera-context,no,no,no
4100,0aaa76206517,TestWall,GAME/LARA.C,3029,MonkeySwingSnap,combat-camera-context,no,no,no
4101,0aaa76206517,TestWall,GAME/LARA.C,3037,LaraTestEdgeCatch,combat-camera-context,no,no,no
4102,0aaa76206517,TestWall,GAME/LARA.C,3041,LaraTestHangOnClimbWall,combat-camera-context,no,no,no
4103,0aaa76206517,TestWall,GAME/LARA.C,3045,ABS,combat-camera-context,no,no,no
4104,0aaa76206517,TestWall,GAME/LARA.C,3045,ANGLE,combat-camera-context,no,no,no
4105,0aaa76206517,TestWall,GAME/LARA.C,3051,ANGLE,combat-camera-context,no,no,no
4106,0aaa76206517,TestWall,GAME/LARA.C,3055,ANGLE,combat-camera-context,no,no,no
4107,0aaa76206517,TestWall,GAME/LARA.C,3060,ANGLE,combat-camera-context,no,no,no
4108,0aaa76206517,TestWall,GAME/LARA.C,3072,TestHangSwingIn,combat-camera-context,no,no,no
4109,0aaa76206517,TestWall,GAME/LARA.C,3089,GetBoundsAccurate,combat-camera-context,no,no,no
4110,0aaa76206517,TestWall,GAME/LARA.C,3118,ShiftItem,combat-camera-context,no,no,no
4111,0aaa76206517,TestWall,GAME/LARA.C,3149,LaraLandedBad,combat-camera-context,no,no,no
4112,0aaa76206517,TestWall,GAME/LARA.C,3161,lara_as_upjump,combat-camera-context,no,no,no
4113,0aaa76206517,TestWall,GAME/LARA.C,3169,lara_col_stop,combat-camera-context,no,no,no
4114,0aaa76206517,TestWall,GAME/LARA.C,3183,GetLaraCollisionInfo,combat-camera-context,no,no,no
4115,0aaa76206517,TestWall,GAME/LARA.C,3185,LaraHitCeiling,combat-camera-context,no,no,no
4116,0aaa76206517,TestWall,GAME/LARA.C,3187,LaraFallen,combat-camera-context,no,no,no
4117,0aaa76206517,TestWall,GAME/LARA.C,3189,TestLaraSlide,combat-camera-context,no,no,no
4118,0aaa76206517,TestWall,GAME/LARA.C,3191,ShiftItem,combat-camera-context,no,no,no
4119,0aaa76206517,TestWall,GAME/LARA.C,3200,lara_as_stop,combat-camera-context,no,no,no
4120,0aaa76206517,TestWall,GAME/LARA.C,3214,StopSoundEffect,combat-camera-context,no,no,no
4121,0aaa76206517,TestWall,GAME/LARA.C,3246,LookUpDown,combat-camera-context,no,no,no
4122,0aaa76206517,TestWall,GAME/LARA.C,3251,LaraFloorFront,combat-camera-context,no,no,no
4123,0aaa76206517,TestWall,GAME/LARA.C,3255,LaraFloorFront,combat-camera-context,no,no,no
4124,0aaa76206517,TestWall,GAME/LARA.C,3255,ANGLE,combat-camera-context,no,no,no
4125,0aaa76206517,TestWall,GAME/LARA.C,3260,ABS,combat-camera-context,no,no,no
4126,0aaa76206517,TestWall,GAME/LARA.C,3260,LaraFloorFront,combat-camera-context,no,no,no
4127,0aaa76206517,TestWall,GAME/LARA.C,3260,ANGLE,combat-camera-context,no,no,no
4128,0aaa76206517,TestWall,GAME/LARA.C,3262,LaraCeilingFront,combat-camera-context,no,no,no
4129,0aaa76206517,TestWall,GAME/LARA.C,3262,ANGLE,combat-camera-context,no,no,no
4130,0aaa76206517,TestWall,GAME/LARA.C,3269,ABS,combat-camera-context,no,no,no
4131,0aaa76206517,TestWall,GAME/LARA.C,3269,LaraFloorFront,combat-camera-context,no,no,no
4132,0aaa76206517,TestWall,GAME/LARA.C,3269,ANGLE,combat-camera-context,no,no,no
4133,0aaa76206517,TestWall,GAME/LARA.C,3271,LaraCeilingFront,combat-camera-context,no,no,no
4134,0aaa76206517,TestWall,GAME/LARA.C,3271,ANGLE,combat-camera-context,no,no,no
4135,0aaa76206517,TestWall,GAME/LARA.C,3294,ABS,combat-camera-context,no,no,no
4136,0aaa76206517,TestWall,GAME/LARA.C,3305,GetLaraCollisionInfo,combat-camera-context,no,no,no
4137,0aaa76206517,TestWall,GAME/LARA.C,3306,TestLaraVault,combat-camera-context,no,no,no
4138,0aaa76206517,TestWall,GAME/LARA.C,3311,lara_as_wade,combat-camera-context,no,no,no
4139,0aaa76206517,TestWall,GAME/LARA.C,3314,ABS,combat-camera-context,no,no,no
4140,0aaa76206517,TestWall,GAME/LARA.C,3316,lara_as_back,combat-camera-context,no,no,no
4141,0aaa76206517,TestWall,GAME/LARA.C,3325,LaraCeilingFront,combat-camera-context,no,no,no
4142,0aaa76206517,TestWall,GAME/LARA.C,3326,LaraFloorFront,combat-camera-context,no,no,no
4143,0aaa76206517,TestWall,GAME/LARA.C,3338,lara_as_walk,combat-camera-context,no,no,no
4144,0aaa76206517,TestWall,GAME/LARA.C,3340,lara_as_run,combat-camera-context,no,no,no
4145,0aaa76206517,TestWall,GAME/LARA.C,3353,GetLaraCollisionInfo,combat-camera-context,no,no,no
4146,0aaa76206517,TestWall,GAME/LARA.C,3355,TestLaraVault,combat-camera-context,no,no,no
4147,0aaa76206517,TestWall,GAME/LARA.C,3367,ABS,combat-camera-context,no,no,no
4148,0aaa76206517,TestWall,GAME/LARA.C,3368,lara_as_back,combat-camera-context,no,no,no
4149,0aaa76206517,TestWall,GAME/LARA.C,3377,lara_as_climbroped,combat-camera-context,no,no,no
4150,0aaa76206517,TestWall,GAME/LARA.C,3379,LaraClimbRope,combat-camera-context,no,no,no
4151,0aaa76206517,TestWall,GAME/LARA.C,3382,lara_as_climbrope,combat-camera-context,no,no,no
4152,0aaa76206517,TestWall,GAME/LARA.C,3386,FallFromRope,combat-camera-context,no,no,no
4153,0aaa76206517,TestWall,GAME/LARA.C,3390,ANGLE,combat-camera-context,no,no,no
4154,0aaa76206517,TestWall,GAME/LARA.C,3404,lara_col_ropefwd,combat-camera-context,no,no,no
4155,0aaa76206517,TestWall,GAME/LARA.C,3406,SECTOR,combat-camera-context,no,no,no
4156,0aaa76206517,TestWall,GAME/LARA.C,3408,UpdateRopeSwing,combat-camera-context,no,no,no
4157,0aaa76206517,TestWall,GAME/LARA.C,3416,ABS,combat-camera-context,no,no,no
4158,0aaa76206517,TestWall,GAME/LARA.C,3417,ABS,combat-camera-context,no,no,no
4159,0aaa76206517,TestWall,GAME/LARA.C,3421,ApplyVelocityToRope,combat-camera-context,no,no,no
4160,0aaa76206517,TestWall,GAME/LARA.C,3422,ANGLE,combat-camera-context,no,no,no
4161,0aaa76206517,TestWall,GAME/LARA.C,3454,JumpOffRope,combat-camera-context,no,no,no
4162,0aaa76206517,TestWall,GAME/LARA.C,3458,ApplyVelocityToRope,combat-camera-context,no,no,no
4163,0aaa76206517,TestWall,GAME/LARA.C,3462,lara_as_roper,combat-camera-context,no,no,no
4164,0aaa76206517,TestWall,GAME/LARA.C,3477,FallFromRope,combat-camera-context,no,no,no
4165,0aaa76206517,TestWall,GAME/LARA.C,3481,lara_as_ropel,combat-camera-context,no,no,no
4166,0aaa76206517,TestWall,GAME/LARA.C,3496,FallFromRope,combat-camera-context,no,no,no
4167,0aaa76206517,TestWall,GAME/LARA.C,3500,lara_col_rope,combat-camera-context,no,no,no
4168,0aaa76206517,TestWall,GAME/LARA.C,3504,UpdateRopeSwing,combat-camera-context,no,no,no
4169,0aaa76206517,TestWall,GAME/LARA.C,3535,FallFromRope,combat-camera-context,no,no,no
4170,0aaa76206517,TestWall,GAME/LARA.C,3539,lara_as_rope,combat-camera-context,no,no,no
4171,0aaa76206517,TestWall,GAME/LARA.C,3542,FallFromRope,combat-camera-context,no,no,no
4172,0aaa76206517,TestWall,GAME/LARA.C,3545,LookUpDown,combat-camera-context,no,no,no
4173,0aaa76206517,TestWall,GAME/LARA.C,3548,ApplyVelocityToRope,combat-camera-context,no,no,no
4174,0aaa76206517,TestWall,GAME/LARA.C,3550,SetPendulumVelocity,combat-camera-context,no,no,no
4175,0aaa76206517,TestWall,GAME/LARA.C,3551,SIN,combat-camera-context,no,no,no
4176,0aaa76206517,TestWall,GAME/LARA.C,3553,COS,combat-camera-context,no,no,no
4177,0aaa76206517,TestWall,GAME/LARA.C,3556,UpdateRopeSwing,combat-camera-context,no,no,no
4178,0aaa76206517,TestWall,GAME/LARA.C,3558,UNIMPLEMENTED,combat-camera-context,no,no,no
4179,0aaa76206517,TestWall,GAME/LARA.C,3561,JumpOffRope,combat-camera-context,no,no,no
4180,0aaa76206517,TestWall,GAME/LARA.C,3603,FallFromRope,combat-camera-context,no,no,no
4181,0aaa76206517,TestWall,GAME/LARA.C,3605,ABS,combat-camera-context,no,no,no
4182,0aaa76206517,TestWall,GAME/LARA.C,3605,ABS,combat-camera-context,no,no,no
4183,0aaa76206517,TestWall,GAME/LARA.C,3621,lara_col_poledown,combat-camera-context,no,no,no
4184,0aaa76206517,TestWall,GAME/LARA.C,3627,LookUpDown,combat-camera-context,no,no,no
4185,0aaa76206517,TestWall,GAME/LARA.C,3643,GetLaraCollisionInfo,combat-camera-context,no,no,no
4186,0aaa76206517,TestWall,GAME/LARA.C,3649,GetHeight,combat-camera-context,no,no,no
4187,0aaa76206517,TestWall,GAME/LARA.C,3649,GetFloor,combat-camera-context,no,no,no
4188,0aaa76206517,TestWall,GAME/LARA.C,3675,SoundEffect,combat-camera-context,no,no,no
4189,0aaa76206517,TestWall,GAME/LARA.C,3677,CLAMP,combat-camera-context,no,no,no
4190,0aaa76206517,TestWall,GAME/LARA.C,3677,ANGLE,combat-camera-context,no,no,no
4191,0aaa76206517,TestWall,GAME/LARA.C,3682,lara_col_poleup,combat-camera-context,no,no,no
4192,0aaa76206517,TestWall,GAME/LARA.C,3690,LookUpDown,combat-camera-context,no,no,no
4193,0aaa76206517,TestWall,GAME/LARA.C,3698,GetCeiling,combat-camera-context,no,no,no
4194,0aaa76206517,TestWall,GAME/LARA.C,3698,GetFloor,combat-camera-context,no,no,no
4195,0aaa76206517,TestWall,GAME/LARA.C,3699,SECTOR,combat-camera-context,no,no,no
4196,0aaa76206517,TestWall,GAME/LARA.C,3703,lara_as_poleright,combat-camera-context,no,no,no
4197,0aaa76206517,TestWall,GAME/LARA.C,3713,lara_as_poleleft,combat-camera-context,no,no,no
4198,0aaa76206517,TestWall,GAME/LARA.C,3723,lara_col_polestat,combat-camera-context,no,no,no
4199,0aaa76206517,TestWall,GAME/LARA.C,3749,GetLaraCollisionInfo,combat-camera-context,no,no,no
4200,0aaa76206517,TestWall,GAME/LARA.C,3765,LookUpDown,combat-camera-context,no,no,no
4201,0aaa76206517,TestWall,GAME/LARA.C,3771,GetCeiling,combat-camera-context,no,no,no
4202,0aaa76206517,TestWall,GAME/LARA.C,3771,GetFloor,combat-camera-context,no,no,no
4203,0aaa76206517,TestWall,GAME/LARA.C,3772,SECTOR,combat-camera-context,no,no,no
4204,0aaa76206517,TestWall,GAME/LARA.C,3793,SIN,combat-camera-context,no,no,no
4205,0aaa76206517,TestWall,GAME/LARA.C,3794,COS,combat-camera-context,no,no,no
4206,0aaa76206517,TestWall,GAME/LARA.C,3799,lara_col_monkey180,combat-camera-context,no,no,no
4207,0aaa76206517,TestWall,GAME/LARA.C,3801,lara_col_monkeyswing,combat-camera-context,no,no,no
4208,0aaa76206517,TestWall,GAME/LARA.C,3804,lara_as_monkey180,combat-camera-context,no,no,no
4209,0aaa76206517,TestWall,GAME/LARA.C,3811,lara_as_hangturnr,combat-camera-context,no,no,no
4210,0aaa76206517,TestWall,GAME/LARA.C,3817,ANGLE,combat-camera-context,no,no,no
4211,0aaa76206517,TestWall,GAME/LARA.C,3824,lara_col_hangturnlr,combat-camera-context,no,no,no
4212,0aaa76206517,TestWall,GAME/LARA.C,3838,GetCollisionInfo,combat-camera-context,no,no,no
4213,0aaa76206517,TestWall,GAME/LARA.C,3839,MonkeySwingSnap,combat-camera-context,no,no,no
4214,0aaa76206517,TestWall,GAME/LARA.C,3843,MonkeySwingFall,combat-camera-context,no,no,no
4215,0aaa76206517,TestWall,GAME/LARA.C,3847,lara_as_hangturnl,combat-camera-context,no,no,no
4216,0aaa76206517,TestWall,GAME/LARA.C,3853,ANGLE,combat-camera-context,no,no,no
4217,0aaa76206517,TestWall,GAME/LARA.C,3860,lara_col_monkeyr,combat-camera-context,no,no,no
4218,0aaa76206517,TestWall,GAME/LARA.C,3864,TestMonkeyRight,combat-camera-context,no,no,no
4219,0aaa76206517,TestWall,GAME/LARA.C,3866,MonkeySwingSnap,combat-camera-context,no,no,no
4220,0aaa76206517,TestWall,GAME/LARA.C,3878,MonkeySwingFall,combat-camera-context,no,no,no
4221,0aaa76206517,TestWall,GAME/LARA.C,3882,lara_as_monkeyr,combat-camera-context,no,no,no
4222,0aaa76206517,TestWall,GAME/LARA.C,3900,ANGLE,combat-camera-context,no,no,no
4223,0aaa76206517,TestWall,GAME/LARA.C,3905,ANGLE,combat-camera-context,no,no,no
4224,0aaa76206517,TestWall,GAME/LARA.C,3909,lara_col_monkeyl,combat-camera-context,no,no,no
4225,0aaa76206517,TestWall,GAME/LARA.C,3913,TestMonkeyLeft,combat-camera-context,no,no,no
4226,0aaa76206517,TestWall,GAME/LARA.C,3915,MonkeySwingSnap,combat-camera-context,no,no,no
4227,0aaa76206517,TestWall,GAME/LARA.C,3927,MonkeySwingFall,combat-camera-context,no,no,no
4228,0aaa76206517,TestWall,GAME/LARA.C,3931,lara_as_monkeyl,combat-camera-context,no,no,no
4229,0aaa76206517,TestWall,GAME/LARA.C,3949,ANGLE,combat-camera-context,no,no,no
4230,0aaa76206517,TestWall,GAME/LARA.C,3954,ANGLE,combat-camera-context,no,no,no
4231,0aaa76206517,TestWall,GAME/LARA.C,3958,lara_col_monkeyswing,combat-camera-context,no,no,no
4232,0aaa76206517,TestWall,GAME/LARA.C,3974,GetCollisionInfo,combat-camera-context,no,no,no
4233,0aaa76206517,TestWall,GAME/LARA.C,3977,ABS,combat-camera-context,no,no,no
4234,0aaa76206517,TestWall,GAME/LARA.C,3987,ABS,combat-camera-context,no,no,no
4235,0aaa76206517,TestWall,GAME/LARA.C,3989,ABS,combat-camera-context,no,no,no
4236,0aaa76206517,TestWall,GAME/LARA.C,3991,ShiftItem,combat-camera-context,no,no,no
4237,0aaa76206517,TestWall,GAME/LARA.C,3992,ANGLE,combat-camera-context,no,no,no
4238,0aaa76206517,TestWall,GAME/LARA.C,3997,ShiftItem,combat-camera-context,no,no,no
4239,0aaa76206517,TestWall,GAME/LARA.C,3998,ANGLE,combat-camera-context,no,no,no
4240,0aaa76206517,TestWall,GAME/LARA.C,4001,ANGLE,combat-camera-context,no,no,no
4241,0aaa76206517,TestWall,GAME/LARA.C,4002,MonkeySwingSnap,combat-camera-context,no,no,no
4242,0aaa76206517,TestWall,GAME/LARA.C,4007,MonkeySwingFall,combat-camera-context,no,no,no
4243,0aaa76206517,TestWall,GAME/LARA.C,4011,lara_as_monkeyswing,combat-camera-context,no,no,no
4244,0aaa76206517,TestWall,GAME/LARA.C,4027,LookUpDown,combat-camera-context,no,no,no
4245,0aaa76206517,TestWall,GAME/LARA.C,4038,ANGLE,combat-camera-context,no,no,no
4246,0aaa76206517,TestWall,GAME/LARA.C,4039,ANGLE,combat-camera-context,no,no,no
4247,0aaa76206517,TestWall,GAME/LARA.C,4045,ANGLE,combat-camera-context,no,no,no
4248,0aaa76206517,TestWall,GAME/LARA.C,4046,ANGLE,combat-camera-context,no,no,no
4249,0aaa76206517,TestWall,GAME/LARA.C,4050,lara_col_hang2,combat-camera-context,no,no,no
4250,0aaa76206517,TestWall,GAME/LARA.C,4068,GetCollisionInfo,combat-camera-context,no,no,no
4251,0aaa76206517,TestWall,GAME/LARA.C,4070,ABS,combat-camera-context,no,no,no
4252,0aaa76206517,TestWall,GAME/LARA.C,4074,TestMonkeyLeft,combat-camera-context,no,no,no
4253,0aaa76206517,TestWall,GAME/LARA.C,4078,TestMonkeyRight,combat-camera-context,no,no,no
4254,0aaa76206517,TestWall,GAME/LARA.C,4091,MonkeySwingSnap,combat-camera-context,no,no,no
4255,0aaa76206517,TestWall,GAME/LARA.C,4095,LaraHangTest,combat-camera-context,no,no,no
4256,0aaa76206517,TestWall,GAME/LARA.C,4099,TestForObjectOnLedge,combat-camera-context,no,no,no
4257,0aaa76206517,TestWall,GAME/LARA.C,4149,lara_as_hang2,combat-camera-context,no,no,no
4258,0aaa76206517,TestWall,GAME/LARA.C,4167,MonkeySwingFall,combat-camera-context,no,no,no
4259,0aaa76206517,TestWall,GAME/LARA.C,4170,ANGLE,combat-camera-context,no,no,no
4260,0aaa76206517,TestWall,GAME/LARA.C,4174,LookUpDown,combat-camera-context,no,no,no
4261,0aaa76206517,TestWall,GAME/LARA.C,4177,TestMonkeyRight,combat-camera-context,no,no,no
4262,0aaa76206517,TestWall,GAME/LARA.C,4183,ANGLE,combat-camera-context,no,no,no
4263,0aaa76206517,TestWall,GAME/LARA.C,4187,GetCollisionInfo,combat-camera-context,no,no,no
4264,0aaa76206517,TestWall,GAME/LARA.C,4188,ABS,combat-camera-context,no,no,no
4265,0aaa76206517,TestWall,GAME/LARA.C,4192,GetDirOctant,combat-camera-context,no,no,no
4266,0aaa76206517,TestWall,GAME/LARA.C,4208,TestMonkeyLeft,combat-camera-context,no,no,no
4267,0aaa76206517,TestWall,GAME/LARA.C,4214,ANGLE,combat-camera-context,no,no,no
4268,0aaa76206517,TestWall,GAME/LARA.C,4218,GetCollisionInfo,combat-camera-context,no,no,no
4269,0aaa76206517,TestWall,GAME/LARA.C,4219,ABS,combat-camera-context,no,no,no
4270,0aaa76206517,TestWall,GAME/LARA.C,4223,GetDirOctant,combat-camera-context,no,no,no
4271,0aaa76206517,TestWall,GAME/LARA.C,4240,GetDirOctant,combat-camera-context,no,no,no
4272,0aaa76206517,TestWall,GAME/LARA.C,4242,ABS,combat-camera-context,no,no,no
4273,0aaa76206517,TestWall,GAME/LARA.C,4242,ANGLE,combat-camera-context,no,no,no
4274,0aaa76206517,TestWall,GAME/LARA.C,4242,ABS,combat-camera-context,no,no,no
4275,0aaa76206517,TestWall,GAME/LARA.C,4242,ANGLE,combat-camera-context,no,no,no
4276,0aaa76206517,TestWall,GAME/LARA.C,4245,MonkeySwingSnap,combat-camera-context,no,no,no
4277,0aaa76206517,TestWall,GAME/LARA.C,4249,GetCeiling,combat-camera-context,no,no,no
4278,0aaa76206517,TestWall,GAME/LARA.C,4249,GetFloor,combat-camera-context,no,no,no
4279,0aaa76206517,TestWall,GAME/LARA.C,4253,MonkeySwingFall,combat-camera-context,no,no,no
4280,0aaa76206517,TestWall,GAME/LARA.C,4270,lara_col_dashdive,combat-camera-context,no,no,no
4281,0aaa76206517,TestWall,GAME/LARA.C,4273,ANGLE,combat-camera-context,no,no,no
4282,0aaa76206517,TestWall,GAME/LARA.C,4283,GetLaraCollisionInfo,combat-camera-context,no,no,no
4283,0aaa76206517,TestWall,GAME/LARA.C,4285,LaraDeflectEdgeJump,combat-camera-context,no,no,no
4284,0aaa76206517,TestWall,GAME/LARA.C,4287,LaraFallen,combat-camera-context,no,no,no
4285,0aaa76206517,TestWall,GAME/LARA.C,4294,LaraLandedBad,combat-camera-context,no,no,no
4286,0aaa76206517,TestWall,GAME/LARA.C,4312,AnimateLara,combat-camera-context,no,no,no
4287,0aaa76206517,TestWall,GAME/LARA.C,4315,ShiftItem,combat-camera-context,no,no,no
4288,0aaa76206517,TestWall,GAME/LARA.C,4322,lara_as_dashdive,combat-camera-context,no,no,no
4289,0aaa76206517,TestWall,GAME/LARA.C,4331,lara_col_dash,combat-camera-context,no,no,no
4290,0aaa76206517,TestWall,GAME/LARA.C,4341,GetLaraCollisionInfo,combat-camera-context,no,no,no
4291,0aaa76206517,TestWall,GAME/LARA.C,4343,LaraHitCeiling,combat-camera-context,no,no,no
4292,0aaa76206517,TestWall,GAME/LARA.C,4343,TestLaraVault,combat-camera-context,no,no,no
4293,0aaa76206517,TestWall,GAME/LARA.C,4345,LaraDeflectEdge,combat-camera-context,no,no,no
4294,0aaa76206517,TestWall,GAME/LARA.C,4349,TestWall,combat-camera-context,no,no,no
4295,0aaa76206517,TestWall,GAME/LARA.C,4359,LaraCollideStop,combat-camera-context,no,no,no
4296,0aaa76206517,TestWall,GAME/LARA.C,4362,LaraFallen,combat-camera-context,no,no,no
4297,0aaa76206517,TestWall,GAME/LARA.C,4378,TestLaraSlide,combat-camera-context,no,no,no
4298,0aaa76206517,TestWall,GAME/LARA.C,4394,lara_as_dash,combat-camera-context,no,no,no
4299,0aaa76206517,TestWall,GAME/LARA.C,4419,ANGLE,combat-camera-context,no,no,no
4300,0aaa76206517,TestWall,GAME/LARA.C,4420,ANGLE,combat-camera-context,no,no,no
4301,0aaa76206517,TestWall,GAME/LARA.C,4422,ANGLE,combat-camera-context,no,no,no
4302,0aaa76206517,TestWall,GAME/LARA.C,4423,ANGLE,combat-camera-context,no,no,no
4303,0aaa76206517,TestWall,GAME/LARA.C,4424,ANGLE,combat-camera-context,no,no,no
4304,0aaa76206517,TestWall,GAME/LARA.C,4429,ANGLE,combat-camera-context,no,no,no
4305,0aaa76206517,TestWall,GAME/LARA.C,4430,ANGLE,combat-camera-context,no,no,no
4306,0aaa76206517,TestWall,GAME/LARA.C,4432,ANGLE,combat-camera-context,no,no,no
4307,0aaa76206517,TestWall,GAME/LARA.C,4433,ANGLE,combat-camera-context,no,no,no
4308,0aaa76206517,TestWall,GAME/LARA.C,4434,ANGLE,combat-camera-context,no,no,no
4309,0aaa76206517,TestWall,GAME/LARA.C,4457,lara_col_crawl2hang,combat-camera-context,no,no,no
4310,0aaa76206517,TestWall,GAME/LARA.C,4460,ANGLE,combat-camera-context,no,no,no
4311,0aaa76206517,TestWall,GAME/LARA.C,4480,GetCollisionInfo,combat-camera-context,no,no,no
4312,0aaa76206517,TestWall,GAME/LARA.C,4481,LaraTestEdgeCatch,combat-camera-context,no,no,no
4313,0aaa76206517,TestWall,GAME/LARA.C,4485,LaraTestHangOnClimbWall,combat-camera-context,no,no,no
4314,0aaa76206517,TestWall,GAME/LARA.C,4489,ABS,combat-camera-context,no,no,no
4315,0aaa76206517,TestWall,GAME/LARA.C,4489,ANGLE,combat-camera-context,no,no,no
4316,0aaa76206517,TestWall,GAME/LARA.C,4493,ANGLE,combat-camera-context,no,no,no
4317,0aaa76206517,TestWall,GAME/LARA.C,4497,ABS,combat-camera-context,no,no,no
4318,0aaa76206517,TestWall,GAME/LARA.C,4499,ANGLE,combat-camera-context,no,no,no
4319,0aaa76206517,TestWall,GAME/LARA.C,4503,ANGLE,combat-camera-context,no,no,no
4320,0aaa76206517,TestWall,GAME/LARA.C,4516,TestHangSwingIn,combat-camera-context,no,no,no
4321,0aaa76206517,TestWall,GAME/LARA.C,4538,GetBoundsAccurate,combat-camera-context,no,no,no
4322,0aaa76206517,TestWall,GAME/LARA.C,4564,lara_col_crawlb,combat-camera-context,no,no,no
4323,0aaa76206517,TestWall,GAME/LARA.C,4578,ANGLE,combat-camera-context,no,no,no
4324,0aaa76206517,TestWall,GAME/LARA.C,4582,GetCollisionInfo,combat-camera-context,no,no,no
4325,0aaa76206517,TestWall,GAME/LARA.C,4584,LaraDeflectEdgeDuck,combat-camera-context,no,no,no
4326,0aaa76206517,TestWall,GAME/LARA.C,4595,LaraFallen,combat-camera-context,no,no,no
4327,0aaa76206517,TestWall,GAME/LARA.C,4599,TestLaraSlide,combat-camera-context,no,no,no
4328,0aaa76206517,TestWall,GAME/LARA.C,4601,ShiftItem,combat-camera-context,no,no,no
4329,0aaa76206517,TestWall,GAME/LARA.C,4610,lara_as_crawlb,combat-camera-context,no,no,no
4330,0aaa76206517,TestWall,GAME/LARA.C,4620,LookUpDown,combat-camera-context,no,no,no
4331,0aaa76206517,TestWall,GAME/LARA.C,4628,ANGLE,combat-camera-context,no,no,no
4332,0aaa76206517,TestWall,GAME/LARA.C,4635,ANGLE,combat-camera-context,no,no,no
4333,0aaa76206517,TestWall,GAME/LARA.C,4636,ANGLE,combat-camera-context,no,no,no
4334,0aaa76206517,TestWall,GAME/LARA.C,4641,ANGLE,combat-camera-context,no,no,no
4335,0aaa76206517,TestWall,GAME/LARA.C,4642,ANGLE,combat-camera-context,no,no,no
4336,0aaa76206517,TestWall,GAME/LARA.C,4651,lara_as_all4turnr,combat-camera-context,no,no,no
4337,0aaa76206517,TestWall,GAME/LARA.C,4658,ANGLE,combat-camera-context,no,no,no
4338,0aaa76206517,TestWall,GAME/LARA.C,4659,ANGLE,combat-camera-context,no,no,no
4339,0aaa76206517,TestWall,GAME/LARA.C,4666,lara_col_all4turnlr,combat-camera-context,no,no,no
4340,0aaa76206517,TestWall,GAME/LARA.C,4668,GetCollisionInfo,combat-camera-context,no,no,no
4341,0aaa76206517,TestWall,GAME/LARA.C,4670,TestLaraSlide,combat-camera-context,no,no,no
4342,0aaa76206517,TestWall,GAME/LARA.C,4677,lara_as_all4turnl,combat-camera-context,no,no,no
4343,0aaa76206517,TestWall,GAME/LARA.C,4684,ANGLE,combat-camera-context,no,no,no
4344,0aaa76206517,TestWall,GAME/LARA.C,4685,ANGLE,combat-camera-context,no,no,no
4345,0aaa76206517,TestWall,GAME/LARA.C,4692,lara_col_crawl,combat-camera-context,no,no,no
4346,0aaa76206517,TestWall,GAME/LARA.C,4710,GetCollisionInfo,combat-camera-context,no,no,no
4347,0aaa76206517,TestWall,GAME/LARA.C,4712,LaraDeflectEdgeDuck,combat-camera-context,no,no,no
4348,0aaa76206517,TestWall,GAME/LARA.C,4723,LaraFallen,combat-camera-context,no,no,no
4349,0aaa76206517,TestWall,GAME/LARA.C,4727,TestLaraSlide,combat-camera-context,no,no,no
4350,0aaa76206517,TestWall,GAME/LARA.C,4729,ShiftItem,combat-camera-context,no,no,no
4351,0aaa76206517,TestWall,GAME/LARA.C,4736,lara_as_crawl,combat-camera-context,no,no,no
4352,0aaa76206517,TestWall,GAME/LARA.C,4746,LookUpDown,combat-camera-context,no,no,no
4353,0aaa76206517,TestWall,GAME/LARA.C,4754,ANGLE,combat-camera-context,no,no,no
4354,0aaa76206517,TestWall,GAME/LARA.C,4764,ANGLE,combat-camera-context,no,no,no
4355,0aaa76206517,TestWall,GAME/LARA.C,4765,ANGLE,combat-camera-context,no,no,no
4356,0aaa76206517,TestWall,GAME/LARA.C,4771,ANGLE,combat-camera-context,no,no,no
4357,0aaa76206517,TestWall,GAME/LARA.C,4772,ANGLE,combat-camera-context,no,no,no
4358,0aaa76206517,TestWall,GAME/LARA.C,4781,lara_col_all4s,combat-camera-context,no,no,no
4359,0aaa76206517,TestWall,GAME/LARA.C,4799,GetCollisionInfo,combat-camera-context,no,no,no
4360,0aaa76206517,TestWall,GAME/LARA.C,4801,LaraFallen,combat-camera-context,no,no,no
4361,0aaa76206517,TestWall,GAME/LARA.C,4805,TestLaraSlide,combat-camera-context,no,no,no
4362,0aaa76206517,TestWall,GAME/LARA.C,4807,ABS,combat-camera-context,no,no,no
4363,0aaa76206517,TestWall,GAME/LARA.C,4810,ShiftItem,combat-camera-context,no,no,no
4364,0aaa76206517,TestWall,GAME/LARA.C,4824,ABS,combat-camera-context,no,no,no
4365,0aaa76206517,TestWall,GAME/LARA.C,4824,LaraFloorFront,combat-camera-context,no,no,no
4366,0aaa76206517,TestWall,GAME/LARA.C,4829,LaraCeilingFront,combat-camera-context,no,no,no
4367,0aaa76206517,TestWall,GAME/LARA.C,4840,SIN,combat-camera-context,no,no,no
4368,0aaa76206517,TestWall,GAME/LARA.C,4840,ANGLE,combat-camera-context,no,no,no
4369,0aaa76206517,TestWall,GAME/LARA.C,4841,COS,combat-camera-context,no,no,no
4370,0aaa76206517,TestWall,GAME/LARA.C,4841,ANGLE,combat-camera-context,no,no,no
4371,0aaa76206517,TestWall,GAME/LARA.C,4843,LaraFloorFront,combat-camera-context,no,no,no
4372,0aaa76206517,TestWall,GAME/LARA.C,4845,SIN,combat-camera-context,no,no,no
4373,0aaa76206517,TestWall,GAME/LARA.C,4845,ANGLE,combat-camera-context,no,no,no
4374,0aaa76206517,TestWall,GAME/LARA.C,4846,COS,combat-camera-context,no,no,no
4375,0aaa76206517,TestWall,GAME/LARA.C,4846,ANGLE,combat-camera-context,no,no,no
4376,0aaa76206517,TestWall,GAME/LARA.C,4848,LaraFloorFront,combat-camera-context,no,no,no
4377,0aaa76206517,TestWall,GAME/LARA.C,4854,LaraFloorFront,combat-camera-context,no,no,no
4378,0aaa76206517,TestWall,GAME/LARA.C,4856,ABS,combat-camera-context,no,no,no
4379,0aaa76206517,TestWall,GAME/LARA.C,4871,SIN,combat-camera-context,no,no,no
4380,0aaa76206517,TestWall,GAME/LARA.C,4872,SIN,combat-camera-context,no,no,no
4381,0aaa76206517,TestWall,GAME/LARA.C,4874,GetCollidedObjects,combat-camera-context,no,no,no
4382,0aaa76206517,TestWall,GAME/LARA.C,4875,S_Warn,combat-camera-context,no,no,no
4383,0aaa76206517,TestWall,GAME/LARA.C,4876,GetCollidedObjects,combat-camera-context,no,no,no
4384,0aaa76206517,TestWall,GAME/LARA.C,4883,ANGLE,combat-camera-context,no,no,no
4385,0aaa76206517,TestWall,GAME/LARA.C,4883,ANGLE,combat-camera-context,no,no,no
4386,0aaa76206517,TestWall,GAME/LARA.C,4890,ANGLE,combat-camera-context,no,no,no
4387,0aaa76206517,TestWall,GAME/LARA.C,4894,ANGLE,combat-camera-context,no,no,no
4388,0aaa76206517,TestWall,GAME/LARA.C,4898,ANGLE,combat-camera-context,no,no,no
4389,0aaa76206517,TestWall,GAME/LARA.C,4940,lara_as_all4s,combat-camera-context,no,no,no
4390,0aaa76206517,TestWall,GAME/LARA.C,4951,LaraFloorFront,combat-camera-context,no,no,no
4391,0aaa76206517,TestWall,GAME/LARA.C,4952,LaraCeilingFront,combat-camera-context,no,no,no
4392,0aaa76206517,TestWall,GAME/LARA.C,4953,LaraCeilingFront,combat-camera-context,no,no,no
4393,0aaa76206517,TestWall,GAME/LARA.C,4964,SIN,combat-camera-context,no,no,no
4394,0aaa76206517,TestWall,GAME/LARA.C,4966,COS,combat-camera-context,no,no,no
4395,0aaa76206517,TestWall,GAME/LARA.C,4968,LOS,combat-camera-context,no,no,no
4396,0aaa76206517,TestWall,GAME/LARA.C,4970,ObjectOnLOS2,combat-camera-context,no,no,no
4397,0aaa76206517,TestWall,GAME/LARA.C,4983,LookUpDown,combat-camera-context,no,no,no
4398,0aaa76206517,TestWall,GAME/LARA.C,4994,ANGLE,combat-camera-context,no,no,no
4399,0aaa76206517,TestWall,GAME/LARA.C,4997,lara_col_duck,combat-camera-context,no,no,no
4400,0aaa76206517,TestWall,GAME/LARA.C,5008,GetCollisionInfo,combat-camera-context,no,no,no
4401,0aaa76206517,TestWall,GAME/LARA.C,5010,LaraFallen,combat-camera-context,no,no,no
4402,0aaa76206517,TestWall,GAME/LARA.C,5017,TestLaraSlide,combat-camera-context,no,no,no
4403,0aaa76206517,TestWall,GAME/LARA.C,5029,ShiftItem,combat-camera-context,no,no,no
4404,0aaa76206517,TestWall,GAME/LARA.C,5088,lara_as_duck,combat-camera-context,no,no,no
4405,0aaa76206517,TestWall,GAME/LARA.C,5102,LookUpDown,combat-camera-context,no,no,no
4406,0aaa76206517,TestWall,GAME/LARA.C,5138,lara_col_ducklr,combat-camera-context,no,no,no
4407,0aaa76206517,TestWall,GAME/LARA.C,5151,GetCollisionInfo,combat-camera-context,no,no,no
4408,0aaa76206517,TestWall,GAME/LARA.C,5153,LaraFallen,combat-camera-context,no,no,no
4409,0aaa76206517,TestWall,GAME/LARA.C,5157,TestLaraSlide,combat-camera-context,no,no,no
4410,0aaa76206517,TestWall,GAME/LARA.C,5164,ShiftItem,combat-camera-context,no,no,no
4411,0aaa76206517,TestWall,GAME/LARA.C,5171,lara_as_duckr,combat-camera-context,no,no,no
4412,0aaa76206517,TestWall,GAME/LARA.C,5176,ANGLE,combat-camera-context,no,no,no
4413,0aaa76206517,TestWall,GAME/LARA.C,5179,lara_as_duckl,combat-camera-context,no,no,no
4414,0aaa76206517,TestWall,GAME/LARA.C,5184,ANGLE,combat-camera-context,no,no,no
4415,0aaa76206517,TestWall,GAME/LARA.C,5187,LaraAboveWater,combat-camera-context,no,no,no
4416,0aaa76206517,TestWall,GAME/LARA.C,5208,LookLeftRight,combat-camera-context,no,no,no
4417,0aaa76206517,TestWall,GAME/LARA.C,5210,ResetLook,combat-camera-context,no,no,no
4418,0aaa76206517,TestWall,GAME/LARA.C,5214,CLAMPADD2,combat-camera-context,no,no,no
4419,0aaa76206517,TestWall,GAME/LARA.C,5214,ANGLE,combat-camera-context,no,no,no
4420,0aaa76206517,TestWall,GAME/LARA.C,5214,ANGLE,combat-camera-context,no,no,no
4421,0aaa76206517,TestWall,GAME/LARA.C,5215,CLAMPADD2,combat-camera-context,no,no,no
4422,0aaa76206517,TestWall,GAME/LARA.C,5215,ANGLE,combat-camera-context,no,no,no
4423,0aaa76206517,TestWall,GAME/LARA.C,5215,ANGLE,combat-camera-context,no,no,no
4424,0aaa76206517,TestWall,GAME/LARA.C,5218,AnimateLara,combat-camera-context,no,no,no
4425,0aaa76206517,TestWall,GAME/LARA.C,5219,LaraBaddieCollision,combat-camera-context,no,no,no
4426,0aaa76206517,TestWall,GAME/LARA.C,5221,UpdateLaraRoom,combat-camera-context,no,no,no
4427,0aaa76206517,TestWall,GAME/LARA.C,5228,LaraGun,combat-camera-context,no,no,no
4428,0aaa76206517,TestWall,GAME/LARA.C,5230,TestTriggers,combat-camera-context,no,no,no
4429,0aaa76206517,TestWall,GAME/LARA.C,5233,TestHangSwingIn,combat-camera-context,no,no,no
4430,0aaa76206517,TestWall,GAME/LARA.C,5242,ANGLE,combat-camera-context,no,no,no
4431,0aaa76206517,TestWall,GAME/LARA.C,5246,ANGLE,combat-camera-context,no,no,no
4432,0aaa76206517,TestWall,GAME/LARA.C,5250,ANGLE,combat-camera-context,no,no,no
4433,0aaa76206517,TestWall,GAME/LARA.C,5259,GetFloor,combat-camera-context,no,no,no
4434,0aaa76206517,TestWall,GAME/LARA.C,5260,GetHeight,combat-camera-context,no,no,no
4435,0aaa76206517,TestWall,GAME/LARA.C,5261,GetCeiling,combat-camera-context,no,no,no
4436,0aaa76206517,TestWall,GAME/LARA.C,5266,LaraHangLeftCornerTest,combat-camera-context,no,no,no
4437,0aaa76206517,TestWall,GAME/LARA.C,5268,UNIMPLEMENTED,combat-camera-context,no,no,no
4438,0aaa76206517,TestWall,GAME/LARA.C,5272,LaraHangRightCornerTest,combat-camera-context,no,no,no
4439,0aaa76206517,TestWall,GAME/LARA.C,5274,UNIMPLEMENTED,combat-camera-context,no,no,no
4440,0aaa76206517,TestWall,GAME/LARA.C,5278,IsValidHangPos,combat-camera-context,no,no,no
4441,0aaa76206517,TestWall,GAME/LARA.C,5280,LaraFloorFront,combat-camera-context,no,no,no
4442,0aaa76206517,TestWall,GAME/LARA.C,5283,ANGLE,combat-camera-context,no,no,no
4443,0aaa76206517,TestWall,GAME/LARA.C,5283,ANGLE,combat-camera-context,no,no,no
4444,0aaa76206517,TestWall,GAME/LARA.C,5307,GetLaraCollisionInfo,combat-camera-context,no,no,no
4445,0aaa76206517,TestWall,GAME/LARA.C,5312,ABS,combat-camera-context,no,no,no
4446,0aaa76206517,TestWall,GAME/LARA.C,5315,LaraHangTest,combat-camera-context,no,no,no
4447,0aaa76206517,TestWall,GAME/LARA.C,5336,ANGLE,combat-camera-context,no,no,no
4448,0aaa76206517,TestWall,GAME/LARA.C,5340,ANGLE,combat-camera-context,no,no,no
4449,0aaa76206517,TestWall,GAME/LARA.C,5349,LaraFloorFront,combat-camera-context,no,no,no
4450,0aaa76206517,TestWall,GAME/LARA.C,5357,LaraCeilingFront,combat-camera-context,no,no,no
4451,0aaa76206517,TestWall,GAME/LARA.C,5358,ANGLE,combat-camera-context,no,no,no
4452,0aaa76206517,TestWall,GAME/LARA.C,5392,GetLaraCollisionInfo,combat-camera-context,no,no,no
4453,0aaa76206517,TestWall,GAME/LARA.C,5421,LaraTestHangOnClimbWall,combat-camera-context,no,no,no
4454,0aaa76206517,TestWall,GAME/LARA.C,5426,SnapLaraToEdgeOfBlock,combat-camera-context,no,no,no
4455,0aaa76206517,TestWall,GAME/LARA.C,5451,LaraTestClimbStance,combat-camera-context,no,no,no
4456,0aaa76206517,TestWall,GAME/LARA.C,5471,GetBoundsAccurate,combat-camera-context,no,no,no
4457,0aaa76206517,TestWall,GAME/LARA.C,5476,GetBoundsAccurate,combat-camera-context,no,no,no
4458,0aaa76206517,TestWall,GAME/LARA.C,5501,GetBoundsAccurate,combat-camera-context,no,no,no
4459,0aaa76206517,TestWall,GAME/LARA.C,5504,GetBoundsAccurate,combat-camera-context,no,no,no
4460,0aaa76206517,TestWall,GAME/LARA.C,5536,GetClimbTrigger,combat-camera-context,no,no,no
4461,0aaa76206517,TestWall,GAME/LARA.C,5538,LaraTestHangOnClimbWall,combat-camera-context,no,no,no
4462,0aaa76206517,TestWall,GAME/LARA.C,5630,SnapLaraToEdgeOfBlock,combat-camera-context,no,no,no
4463,0aaa76206517,TestWall,GAME/LARA.C,5673,LaraTestHangOnClimbWall,combat-camera-context,no,no,no
4464,0aaa76206517,TestWall,GAME/LARA.C,5684,ANGLE,combat-camera-context,no,no,no
4465,0aaa76206517,TestWall,GAME/LARA.C,5700,GetBoundsAccurate,combat-camera-context,no,no,no
4466,0aaa76206517,TestWall,GAME/LARA.C,5704,LaraCeilingFront,combat-camera-context,no,no,no
4467,0aaa76206517,TestWall,GAME/LARA.C,5705,LaraCeilingFront,combat-camera-context,no,no,no
4468,0aaa76206517,TestWall,GAME/LARA.C,5707,ABS,combat-camera-context,no,no,no
4469,0aaa76206517,TestWall,GAME/LARA.C,5711,LaraTestClimbPos,combat-camera-context,no,no,no
4470,0aaa76206517,TestWall,GAME/LARA.C,5712,LaraTestClimbPos,combat-camera-context,no,no,no
4471,0aaa76206517,TestWall,GAME/LARA.C,5714,LaraTestClimbPos,combat-camera-context,no,no,no
4472,0aaa76206517,TestWall,GAME/LARA.C,5730,LaraSlideEdgeJump,combat-camera-context,no,no,no
4473,0aaa76206517,TestWall,GAME/LARA.C,5732,ShiftItem,combat-camera-context,no,no,no
4474,0aaa76206517,TestWall,GAME/LARA.C,5737,ANGLE,combat-camera-context,no,no,no
4475,0aaa76206517,TestWall,GAME/LARA.C,5741,ANGLE,combat-camera-context,no,no,no
4476,0aaa76206517,TestWall,GAME/LARA.C,5751,COS,combat-camera-context,no,no,no
4477,0aaa76206517,TestWall,GAME/LARA.C,5752,SIN,combat-camera-context,no,no,no
4478,0aaa76206517,TestWall,GAME/LARA.C,5765,LaraDeflectEdgeJump,combat-camera-context,no,no,no
4479,0aaa76206517,TestWall,GAME/LARA.C,5767,ShiftItem,combat-camera-context,no,no,no
4480,0aaa76206517,TestWall,GAME/LARA.C,5796,ANGLE,combat-camera-context,no,no,no
4481,0aaa76206517,TestWall,GAME/LARA.C,5809,ANGLE,combat-camera-context,no,no,no
4482,0aaa76206517,TestWall,GAME/LARA.C,5812,ANGLE,combat-camera-context,no,no,no
4483,0aaa76206517,TestWall,GAME/LARA.C,5815,SIN,combat-camera-context,no,no,no
4484,0aaa76206517,TestWall,GAME/LARA.C,5816,COS,combat-camera-context,no,no,no
4485,0aaa76206517,TestWall,GAME/LARA.C,5828,lara_slide_slope,combat-camera-context,no,no,no
4486,0aaa76206517,TestWall,GAME/LARA.C,5834,GetLaraCollisionInfo,combat-camera-context,no,no,no
4487,0aaa76206517,TestWall,GAME/LARA.C,5836,LaraHitCeiling,combat-camera-context,no,no,no
4488,0aaa76206517,TestWall,GAME/LARA.C,5838,LaraDeflectEdge,combat-camera-context,no,no,no
4489,0aaa76206517,TestWall,GAME/LARA.C,5842,TestLaraSlide,combat-camera-context,no,no,no
4490,0aaa76206517,TestWall,GAME/LARA.C,5846,ABS,combat-camera-context,no,no,no
4491,0aaa76206517,TestWall,GAME/LARA.C,5846,ABS,combat-camera-context,no,no,no
4492,0aaa76206517,TestWall,GAME/LARA.C,5849,StopSoundEffect,combat-camera-context,no,no,no
4493,0aaa76206517,TestWall,GAME/LARA.C,5871,StopSoundEffect,combat-camera-context,no,no,no
4494,0aaa76206517,TestWall,GAME/LARA.C,5879,LaraCollideStop,combat-camera-context,no,no,no
4495,0aaa76206517,TestWall,GAME/LARA.C,5902,AnimateLara,combat-camera-context,no,no,no
4496,0aaa76206517,TestWall,GAME/LARA.C,5911,TestWall,combat-camera-context,no,no,no
4497,0aaa76206517,TestWall,GAME/LARA.C,5917,ANGLE,combat-camera-context,no,no,no
4498,0aaa76206517,TestWall,GAME/LARA.C,5923,ANGLE,combat-camera-context,no,no,no
4499,0aaa76206517,TestWall,GAME/LARA.C,5941,GetFloor,combat-camera-context,no,no,no
4500,0aaa76206517,TestWall,GAME/LARA.C,5943,ANGLE,combat-camera-context,no,no,no
4501,0aaa76206517,TestWall,GAME/LARA.C,5961,GetFloor,combat-camera-context,no,no,no
4502,0aaa76206517,TestWall,GAME/LARA.C,5962,GetHeight,combat-camera-context,no,no,no
4503,0aaa76206517,TestWall,GAME/LARA.C,5963,GetCeiling,combat-camera-context,no,no,no
4504,0aaa76206517,TestWall,GAME/LARA.C,5974,TestLaraVault,combat-camera-context,no,no,no
4505,0aaa76206517,TestWall,GAME/LARA.C,6303,var_8,combat-camera-context,no,no,no
4506,0aaa76206517,TestWall,GAME/LARA.C,6304,var_C,combat-camera-context,no,no,no
4507,0aaa76206517,TestWall,GAME/LARA.C,6305,var_10,combat-camera-context,no,no,no
4508,0aaa76206517,TestWall,GAME/LARA.C,6306,var_14,combat-camera-context,no,no,no
4509,0aaa76206517,TestWall,GAME/LARA.C,6307,var_18,combat-camera-context,no,no,no
4510,0aaa76206517,TestWall,GAME/LARA.C,6314,LaraTestClimbStance,combat-camera-context,no,no,no
4511,0aaa76206517,TestWall,GAME/LARA.C,6318,LaraTestClimbPos,combat-camera-context,no,no,no
4512,0aaa76206517,TestWall,GAME/LARA.C,6321,LaraTestClimbPos,combat-camera-context,no,no,no
4513,0aaa76206517,TestWall,GAME/LARA.C,6333,SIGN,combat-camera-context,no,no,no
4514,0aaa76206517,TestWall,GAME/LARA.C,6333,SIGN,combat-camera-context,no,no,no
4515,0aaa76206517,TestWall,GAME/LARA.C,6334,ABS,combat-camera-context,no,no,no
4516,0aaa76206517,TestWall,GAME/LARA.C,6334,ABS,combat-camera-context,no,no,no
4517,0aaa76206517,TestWall,GAME/LARA.C,6351,LaraTestEdgeCatch,combat-camera-context,no,no,no
4518,0aaa76206517,TestWall,GAME/LARA.C,6356,GetBoundsAccurate,combat-camera-context,no,no,no
4519,0aaa76206517,TestWall,GAME/LARA.C,6398,LaraDeflectEdgeDuck,combat-camera-context,no,no,no
4520,0aaa76206517,TestWall,GAME/LARA.C,6402,ShiftItem,combat-camera-context,no,no,no
4521,0aaa76206517,TestWall,GAME/LARA.C,6411,ShiftItem,combat-camera-context,no,no,no
4522,0aaa76206517,TestWall,GAME/LARA.C,6412,ANGLE,combat-camera-context,no,no,no
4523,0aaa76206517,TestWall,GAME/LARA.C,6416,ShiftItem,combat-camera-context,no,no,no
4524,0aaa76206517,TestWall,GAME/LARA.C,6417,ANGLE,combat-camera-context,no,no,no
4525,0aaa76206517,TestWall,GAME/LARA.C,6423,LaraDeflectEdge,combat-camera-context,no,no,no
4526,0aaa76206517,TestWall,GAME/LARA.C,6427,ShiftItem,combat-camera-context,no,no,no
4527,0aaa76206517,TestWall,GAME/LARA.C,6437,ShiftItem,combat-camera-context,no,no,no
4528,0aaa76206517,TestWall,GAME/LARA.C,6438,ANGLE,combat-camera-context,no,no,no
4529,0aaa76206517,TestWall,GAME/LARA.C,6445,ShiftItem,combat-camera-context,no,no,no
4530,0aaa76206517,TestWall,GAME/LARA.C,6446,ANGLE,combat-camera-context,no,no,no
4531,0aaa76206517,TestWall,GAME/LARA.C,6452,LaraHitCeiling,combat-camera-context,no,no,no
4532,0aaa76206517,TestWall,GAME/LARA.C,6478,LaraLandedBad,combat-camera-context,no,no,no
4533,0aaa76206517,TestWall,GAME/LARA.C,6499,LaraFallen,combat-camera-context,no,no,no
4534,0aaa76206517,TestWall,GAME/LARA.C,6517,TestLaraSlide,combat-camera-context,no,no,no
4535,0aaa76206517,TestWall,GAME/LARA.C,6523,ABS,combat-camera-context,no,no,no
4536,0aaa76206517,TestWall,GAME/LARA.C,6523,ABS,combat-camera-context,no,no,no
4537,0aaa76206517,TestWall,GAME/LARA.C,6527,ANGLE,combat-camera-context,no,no,no
4538,0aaa76206517,TestWall,GAME/LARA.C,6529,ANGLE,combat-camera-context,no,no,no
4539,0aaa76206517,TestWall,GAME/LARA.C,6531,ABS,combat-camera-context,no,no,no
4540,0aaa76206517,TestWall,GAME/LARA.C,6532,ANGLE,combat-camera-context,no,no,no
4541,0aaa76206517,TestWall,GAME/LARA.C,6533,ABS,combat-camera-context,no,no,no
4542,0aaa76206517,TestWall,GAME/LARA.C,6538,ShiftItem,combat-camera-context,no,no,no
4543,0aaa76206517,TestWall,GAME/LARA.C,6570,LaraCeilingFront,combat-camera-context,no,no,no
4544,0aaa76206517,TestWall,GAME/LARA.C,6582,SIN,combat-camera-context,no,no,no
4545,0aaa76206517,TestWall,GAME/LARA.C,6583,COS,combat-camera-context,no,no,no
4546,0aaa76206517,TestWall,GAME/LARA.C,6585,GetCeiling,combat-camera-context,no,no,no
4547,0aaa76206517,TestWall,GAME/LARA.C,6585,GetFloor,combat-camera-context,no,no,no
4548,0aaa76206517,TestWall,GAME/LARA.C,6597,SIN,combat-camera-context,no,no,no
4549,0aaa76206517,TestWall,GAME/LARA.C,6599,COS,combat-camera-context,no,no,no
4550,0aaa76206517,TestWall,GAME/LARA.C,6601,GetHeight,combat-camera-context,no,no,no
4551,0aaa76206517,TestWall,GAME/LARA.C,6601,GetFloor,combat-camera-context,no,no,no
4552,0aaa76206517,TestWall,GAME/LARA.C,6610,LaraFloorFront,combat-camera-context,no,no,no
4553,0aaa76206517,TestWall,GAME/LARA.C,6621,SIN,combat-camera-context,no,no,no
4554,0aaa76206517,TestWall,GAME/LARA.C,6622,COS,combat-camera-context,no,no,no
4555,0aaa76206517,TestWall,GAME/LARA.C,6625,GetHeight,combat-camera-context,no,no,no
4556,0aaa76206517,TestWall,GAME/LARA.C,6625,GetFloor,combat-camera-context,no,no,no
4557,0aaa76206517,TestWall,GAME/LARA.C,6637,SIN,combat-camera-context,no,no,no
4558,0aaa76206517,TestWall,GAME/LARA.C,6639,COS,combat-camera-context,no,no,no
4559,0aaa76206517,TestWall,GAME/LARA.C,6641,GetHeight,combat-camera-context,no,no,no
4560,0aaa76206517,TestWall,GAME/LARA.C,6641,GetFloor,combat-camera-context,no,no,no
4561,0aaa76206517,TestWall,GAME/LARA.C,6650,GetLaraCollisionInfo,combat-camera-context,no,no,no
4562,0aaa76206517,TestWall,GAME/LARA.C,6653,GetCollisionInfo,combat-camera-context,no,no,no
4563,0aaa76206517,TestWall,GAME/LARA.C,6657,GetLaraJointPos,combat-camera-context,no,no,no
4564,0aaa76206517,TestWall,GAME/LARA.C,6659,phd_PushMatrix,combat-camera-context,no,no,no
4565,0aaa76206517,TestWall,GAME/LARA.C,6674,mTranslateXYZ,combat-camera-context,no,no,no
4566,0aaa76206517,TestWall,GAME/LARA.C,6684,mPopMatrix,combat-camera-context,no,no,no
4567,0aaa76206517,TestWall,GAME/LARA.C,6689,AnimateLara,combat-camera-context,no,no,no
4568,0aaa76206517,TestWall,GAME/LARA.C,6691,UNIMPLEMENTED,combat-camera-context,no,no,no
4569,0aaa76206517,TestWall,GAME/LARA.C,6695,SetLaraUnderwaterNodes,combat-camera-context,no,no,no
4570,0aaa76206517,TestWall,GAME/LARA.C,6711,GetFloor,combat-camera-context,no,no,no
4571,0aaa76206517,TestWall,GAME/LARA.C,6718,GetLaraJointPos,combat-camera-context,no,no,no
4572,0aaa76206517,TestWall,GAME/LARA.C,6728,GetFloor,combat-camera-context,no,no,no
4573,0aaa76206517,TestWall,GAME/LARA.C,6755,SetPendulumVelocity,combat-camera-context,no,no,no
4574,0aaa76206517,TestWall,GAME/LARA.C,6771,LaraClimbRope,combat-camera-context,no,no,no
4575,0aaa76206517,TestWall,GAME/LARA.C,6773,UNIMPLEMENTED,combat-camera-context,no,no,no
4576,0aaa76206517,TestWall,GAME/LARA.C,6776,FireChaff,combat-camera-context,no,no,no
4577,0aaa76206517,TestWall,GAME/LARA.C,6778,UNIMPLEMENTED,combat-camera-context,no,no,no
4578,0aaa76206517,TestWall,GAME/LARA.C,6781,GetLaraJointPosRot,combat-camera-context,no,no,no
4579,0aaa76206517,TestWall,GAME/LARA.C,6783,UNIMPLEMENTED,combat-camera-context,no,no,no
4580,0aaa76206517,TestWall,GAME/LARA.C,6786,DoSubsuitStuff,combat-camera-context,no,no,no
4581,0aaa76206517,TestWall,GAME/LARA.C,6788,UNIMPLEMENTED,combat-camera-context,no,no,no
4582,0aaa76206517,lara_col_polestat,GAME/LARA.C,55,void,combat-camera-context,no,no,no
4583,0aaa76206517,lara_col_polestat,GAME/LARA.C,198,void,combat-camera-context,no,no,no
4584,0aaa76206517,lara_col_polestat,GAME/LARA.C,341,lara_as_pbleapoff,combat-camera-context,no,no,no
4585,0aaa76206517,lara_col_polestat,GAME/LARA.C,366,SIN,combat-camera-context,no,no,no
4586,0aaa76206517,lara_col_polestat,GAME/LARA.C,367,COS,combat-camera-context,no,no,no
4587,0aaa76206517,lara_col_polestat,GAME/LARA.C,377,lara_as_parallelbars,combat-camera-context,no,no,no
4588,0aaa76206517,lara_col_polestat,GAME/LARA.C,385,lara_as_trfall,combat-camera-context,no,no,no
4589,0aaa76206517,lara_col_polestat,GAME/LARA.C,396,GetLaraJointPos,combat-camera-context,no,no,no
4590,0aaa76206517,lara_col_polestat,GAME/LARA.C,456,GetRandomControl,combat-camera-context,no,no,no
4591,0aaa76206517,lara_col_polestat,GAME/LARA.C,462,lara_as_trwalk,combat-camera-context,no,no,no
4592,0aaa76206517,lara_col_polestat,GAME/LARA.C,472,GetHeight,combat-camera-context,no,no,no
4593,0aaa76206517,lara_col_polestat,GAME/LARA.C,472,GetFloor,combat-camera-context,no,no,no
4594,0aaa76206517,lara_col_polestat,GAME/LARA.C,481,GetTighRopeFallOff,combat-camera-context,no,no,no
4595,0aaa76206517,lara_col_polestat,GAME/LARA.C,488,LookUpDown,combat-camera-context,no,no,no
4596,0aaa76206517,lara_col_polestat,GAME/LARA.C,500,lara_as_trpose,combat-camera-context,no,no,no
4597,0aaa76206517,lara_col_polestat,GAME/LARA.C,503,LookUpDown,combat-camera-context,no,no,no
4598,0aaa76206517,lara_col_polestat,GAME/LARA.C,505,GetTighRopeFallOff,combat-camera-context,no,no,no
4599,0aaa76206517,lara_col_polestat,GAME/LARA.C,510,GetRandomControl,combat-camera-context,no,no,no
4600,0aaa76206517,lara_col_polestat,GAME/LARA.C,528,GetTighRopeFallOff,combat-camera-context,no,no,no
4601,0aaa76206517,lara_col_polestat,GAME/LARA.C,535,GetTighRopeFallOff,combat-camera-context,no,no,no
4602,0aaa76206517,lara_col_polestat,GAME/LARA.C,545,GetRandomControl,combat-camera-context,no,no,no
4603,0aaa76206517,lara_col_polestat,GAME/LARA.C,546,GetRandomControl,combat-camera-context,no,no,no
4604,0aaa76206517,lara_col_polestat,GAME/LARA.C,549,LookLeftRight,combat-camera-context,no,no,no
4605,0aaa76206517,lara_col_polestat,GAME/LARA.C,555,ANGLE,combat-camera-context,no,no,no
4606,0aaa76206517,lara_col_polestat,GAME/LARA.C,558,ANGLE,combat-camera-context,no,no,no
4607,0aaa76206517,lara_col_polestat,GAME/LARA.C,560,ANGLE,combat-camera-context,no,no,no
4608,0aaa76206517,lara_col_polestat,GAME/LARA.C,566,ANGLE,combat-camera-context,no,no,no
4609,0aaa76206517,lara_col_polestat,GAME/LARA.C,569,ANGLE,combat-camera-context,no,no,no
4610,0aaa76206517,lara_col_polestat,GAME/LARA.C,571,ANGLE,combat-camera-context,no,no,no
4611,0aaa76206517,lara_col_polestat,GAME/LARA.C,578,LookUpDown,combat-camera-context,no,no,no
4612,0aaa76206517,lara_col_polestat,GAME/LARA.C,584,ANGLE,combat-camera-context,no,no,no
4613,0aaa76206517,lara_col_polestat,GAME/LARA.C,587,ANGLE,combat-camera-context,no,no,no
4614,0aaa76206517,lara_col_polestat,GAME/LARA.C,589,ANGLE,combat-camera-context,no,no,no
4615,0aaa76206517,lara_col_polestat,GAME/LARA.C,595,ANGLE,combat-camera-context,no,no,no
4616,0aaa76206517,lara_col_polestat,GAME/LARA.C,598,ANGLE,combat-camera-context,no,no,no
4617,0aaa76206517,lara_col_polestat,GAME/LARA.C,600,ANGLE,combat-camera-context,no,no,no
4618,0aaa76206517,lara_col_polestat,GAME/LARA.C,607,ResetLook,combat-camera-context,no,no,no
4619,0aaa76206517,lara_col_polestat,GAME/LARA.C,611,ANGLE,combat-camera-context,no,no,no
4620,0aaa76206517,lara_col_polestat,GAME/LARA.C,611,ANGLE,combat-camera-context,no,no,no
4621,0aaa76206517,lara_col_polestat,GAME/LARA.C,616,ANGLE,combat-camera-context,no,no,no
4622,0aaa76206517,lara_col_polestat,GAME/LARA.C,616,ANGLE,combat-camera-context,no,no,no
4623,0aaa76206517,lara_col_polestat,GAME/LARA.C,636,lara_col_jumper,combat-camera-context,no,no,no
4624,0aaa76206517,lara_col_polestat,GAME/LARA.C,642,GetLaraCollisionInfo,combat-camera-context,no,no,no
4625,0aaa76206517,lara_col_polestat,GAME/LARA.C,643,LaraDeflectEdgeJump,combat-camera-context,no,no,no
4626,0aaa76206517,lara_col_polestat,GAME/LARA.C,647,LaraLandedBad,combat-camera-context,no,no,no
4627,0aaa76206517,lara_col_polestat,GAME/LARA.C,660,lara_default_col,combat-camera-context,no,no,no
4628,0aaa76206517,lara_col_polestat,GAME/LARA.C,668,GetLaraCollisionInfo,combat-camera-context,no,no,no
4629,0aaa76206517,lara_col_polestat,GAME/LARA.C,671,lara_col_wade,combat-camera-context,no,no,no
4630,0aaa76206517,lara_col_polestat,GAME/LARA.C,681,GetLaraCollisionInfo,combat-camera-context,no,no,no
4631,0aaa76206517,lara_col_polestat,GAME/LARA.C,683,LaraHitCeiling,combat-camera-context,no,no,no
4632,0aaa76206517,lara_col_polestat,GAME/LARA.C,683,TestLaraVault,combat-camera-context,no,no,no
4633,0aaa76206517,lara_col_polestat,GAME/LARA.C,685,LaraDeflectEdge,combat-camera-context,no,no,no
4634,0aaa76206517,lara_col_polestat,GAME/LARA.C,708,LaraCollideStop,combat-camera-context,no,no,no
4635,0aaa76206517,lara_col_polestat,GAME/LARA.C,737,lara_col_fastdive,combat-camera-context,no,no,no
4636,0aaa76206517,lara_col_polestat,GAME/LARA.C,745,GetLaraCollisionInfo,combat-camera-context,no,no,no
4637,0aaa76206517,lara_col_polestat,GAME/LARA.C,746,LaraDeflectEdgeJump,combat-camera-context,no,no,no
4638,0aaa76206517,lara_col_polestat,GAME/LARA.C,763,lara_col_swandive,combat-camera-context,no,no,no
4639,0aaa76206517,lara_col_polestat,GAME/LARA.C,771,GetLaraCollisionInfo,combat-camera-context,no,no,no
4640,0aaa76206517,lara_col_polestat,GAME/LARA.C,772,LaraDeflectEdgeJump,combat-camera-context,no,no,no
4641,0aaa76206517,lara_col_polestat,GAME/LARA.C,786,lara_col_roll2,combat-camera-context,no,no,no
4642,0aaa76206517,lara_col_polestat,GAME/LARA.C,793,ANGLE,combat-camera-context,no,no,no
4643,0aaa76206517,lara_col_polestat,GAME/LARA.C,801,GetLaraCollisionInfo,combat-camera-context,no,no,no
4644,0aaa76206517,lara_col_polestat,GAME/LARA.C,803,LaraHitCeiling,combat-camera-context,no,no,no
4645,0aaa76206517,lara_col_polestat,GAME/LARA.C,803,TestLaraSlide,combat-camera-context,no,no,no
4646,0aaa76206517,lara_col_polestat,GAME/LARA.C,807,ShiftItem,combat-camera-context,no,no,no
4647,0aaa76206517,lara_col_polestat,GAME/LARA.C,826,lara_col_roll,combat-camera-context,no,no,no
4648,0aaa76206517,lara_col_polestat,GAME/LARA.C,840,GetLaraCollisionInfo,combat-camera-context,no,no,no
4649,0aaa76206517,lara_col_polestat,GAME/LARA.C,842,LaraHitCeiling,combat-camera-context,no,no,no
4650,0aaa76206517,lara_col_polestat,GAME/LARA.C,844,TestLaraSlide,combat-camera-context,no,no,no
4651,0aaa76206517,lara_col_polestat,GAME/LARA.C,846,LaraFallen,combat-camera-context,no,no,no
4652,0aaa76206517,lara_col_polestat,GAME/LARA.C,848,ShiftItem,combat-camera-context,no,no,no
4653,0aaa76206517,lara_col_polestat,GAME/LARA.C,857,lara_col_slideback,combat-camera-context,no,no,no
4654,0aaa76206517,lara_col_polestat,GAME/LARA.C,859,ANGLE,combat-camera-context,no,no,no
4655,0aaa76206517,lara_col_polestat,GAME/LARA.C,860,lara_slide_slope,combat-camera-context,no,no,no
4656,0aaa76206517,lara_col_polestat,GAME/LARA.C,863,lara_col_fallback,combat-camera-context,no,no,no
4657,0aaa76206517,lara_col_polestat,GAME/LARA.C,865,ANGLE,combat-camera-context,no,no,no
4658,0aaa76206517,lara_col_polestat,GAME/LARA.C,871,GetLaraCollisionInfo,combat-camera-context,no,no,no
4659,0aaa76206517,lara_col_polestat,GAME/LARA.C,872,LaraDeflectEdgeJump,combat-camera-context,no,no,no
4660,0aaa76206517,lara_col_polestat,GAME/LARA.C,876,LaraLandedBad,combat-camera-context,no,no,no
4661,0aaa76206517,lara_col_polestat,GAME/LARA.C,889,lara_col_leftjump,combat-camera-context,no,no,no
4662,0aaa76206517,lara_col_polestat,GAME/LARA.C,891,ANGLE,combat-camera-context,no,no,no
4663,0aaa76206517,lara_col_polestat,GAME/LARA.C,892,lara_col_jumper,combat-camera-context,no,no,no
4664,0aaa76206517,lara_col_polestat,GAME/LARA.C,895,lara_col_rightjump,combat-camera-context,no,no,no
4665,0aaa76206517,lara_col_polestat,GAME/LARA.C,897,ANGLE,combat-camera-context,no,no,no
4666,0aaa76206517,lara_col_polestat,GAME/LARA.C,898,lara_col_jumper,combat-camera-context,no,no,no
4667,0aaa76206517,lara_col_polestat,GAME/LARA.C,901,lara_col_backjump,combat-camera-context,no,no,no
4668,0aaa76206517,lara_col_polestat,GAME/LARA.C,903,ANGLE,combat-camera-context,no,no,no
4669,0aaa76206517,lara_col_polestat,GAME/LARA.C,904,lara_col_jumper,combat-camera-context,no,no,no
4670,0aaa76206517,lara_col_polestat,GAME/LARA.C,907,lara_col_slide,combat-camera-context,no,no,no
4671,0aaa76206517,lara_col_polestat,GAME/LARA.C,910,lara_slide_slope,combat-camera-context,no,no,no
4672,0aaa76206517,lara_col_polestat,GAME/LARA.C,913,lara_col_stepleft,combat-camera-context,no,no,no
4673,0aaa76206517,lara_col_polestat,GAME/LARA.C,915,lara_col_stepright,combat-camera-context,no,no,no
4674,0aaa76206517,lara_col_polestat,GAME/LARA.C,918,lara_col_stepright,combat-camera-context,no,no,no
4675,0aaa76206517,lara_col_polestat,GAME/LARA.C,921,ANGLE,combat-camera-context,no,no,no
4676,0aaa76206517,lara_col_polestat,GAME/LARA.C,923,ANGLE,combat-camera-context,no,no,no
4677,0aaa76206517,lara_col_polestat,GAME/LARA.C,939,GetLaraCollisionInfo,combat-camera-context,no,no,no
4678,0aaa76206517,lara_col_polestat,GAME/LARA.C,941,LaraHitCeiling,combat-camera-context,no,no,no
4679,0aaa76206517,lara_col_polestat,GAME/LARA.C,943,LaraDeflectEdge,combat-camera-context,no,no,no
4680,0aaa76206517,lara_col_polestat,GAME/LARA.C,944,LaraCollideStop,combat-camera-context,no,no,no
4681,0aaa76206517,lara_col_polestat,GAME/LARA.C,946,LaraFallen,combat-camera-context,no,no,no
4682,0aaa76206517,lara_col_polestat,GAME/LARA.C,946,TestLaraSlide,combat-camera-context,no,no,no
4683,0aaa76206517,lara_col_polestat,GAME/LARA.C,951,lara_col_back,combat-camera-context,no,no,no
4684,0aaa76206517,lara_col_polestat,GAME/LARA.C,956,ANGLE,combat-camera-context,no,no,no
4685,0aaa76206517,lara_col_polestat,GAME/LARA.C,969,GetLaraCollisionInfo,combat-camera-context,no,no,no
4686,0aaa76206517,lara_col_polestat,GAME/LARA.C,971,LaraHitCeiling,combat-camera-context,no,no,no
4687,0aaa76206517,lara_col_polestat,GAME/LARA.C,973,LaraDeflectEdge,combat-camera-context,no,no,no
4688,0aaa76206517,lara_col_polestat,GAME/LARA.C,974,LaraCollideStop,combat-camera-context,no,no,no
4689,0aaa76206517,lara_col_polestat,GAME/LARA.C,976,LaraFallen,combat-camera-context,no,no,no
4690,0aaa76206517,lara_col_polestat,GAME/LARA.C,992,TestLaraSlide,combat-camera-context,no,no,no
4691,0aaa76206517,lara_col_polestat,GAME/LARA.C,998,lara_col_compress,combat-camera-context,no,no,no
4692,0aaa76206517,lara_col_polestat,GAME/LARA.C,1007,GetLaraCollisionInfo,combat-camera-context,no,no,no
4693,0aaa76206517,lara_col_polestat,GAME/LARA.C,1009,LaraFallen,combat-camera-context,no,no,no
4694,0aaa76206517,lara_col_polestat,GAME/LARA.C,1032,lara_col_land,combat-camera-context,no,no,no
4695,0aaa76206517,lara_col_polestat,GAME/LARA.C,1034,lara_col_stop,combat-camera-context,no,no,no
4696,0aaa76206517,lara_col_polestat,GAME/LARA.C,1037,lara_col_splat,combat-camera-context,no,no,no
4697,0aaa76206517,lara_col_polestat,GAME/LARA.C,1048,GetLaraCollisionInfo,combat-camera-context,no,no,no
4698,0aaa76206517,lara_col_polestat,GAME/LARA.C,1049,ShiftItem,combat-camera-context,no,no,no
4699,0aaa76206517,lara_col_polestat,GAME/LARA.C,1055,lara_col_fastfall,combat-camera-context,no,no,no
4700,0aaa76206517,lara_col_polestat,GAME/LARA.C,1063,GetLaraCollisionInfo,combat-camera-context,no,no,no
4701,0aaa76206517,lara_col_polestat,GAME/LARA.C,1064,LaraSlideEdgeJump,combat-camera-context,no,no,no
4702,0aaa76206517,lara_col_polestat,GAME/LARA.C,1068,LaraLandedBad,combat-camera-context,no,no,no
4703,0aaa76206517,lara_col_polestat,GAME/LARA.C,1080,StopSoundEffect,combat-camera-context,no,no,no
4704,0aaa76206517,lara_col_polestat,GAME/LARA.C,1090,lara_col_death,combat-camera-context,no,no,no
4705,0aaa76206517,lara_col_polestat,GAME/LARA.C,1092,StopSoundEffect,combat-camera-context,no,no,no
4706,0aaa76206517,lara_col_polestat,GAME/LARA.C,1100,GetLaraCollisionInfo,combat-camera-context,no,no,no
4707,0aaa76206517,lara_col_polestat,GAME/LARA.C,1101,ShiftItem,combat-camera-context,no,no,no
4708,0aaa76206517,lara_col_polestat,GAME/LARA.C,1110,lara_col_turn_l,combat-camera-context,no,no,no
4709,0aaa76206517,lara_col_polestat,GAME/LARA.C,1112,lara_col_turn_r,combat-camera-context,no,no,no
4710,0aaa76206517,lara_col_polestat,GAME/LARA.C,1115,lara_col_turn_r,combat-camera-context,no,no,no
4711,0aaa76206517,lara_col_polestat,GAME/LARA.C,1128,GetLaraCollisionInfo,combat-camera-context,no,no,no
4712,0aaa76206517,lara_col_polestat,GAME/LARA.C,1132,TestLaraSlide,combat-camera-context,no,no,no
4713,0aaa76206517,lara_col_polestat,GAME/LARA.C,1146,lara_col_fastback,combat-camera-context,no,no,no
4714,0aaa76206517,lara_col_polestat,GAME/LARA.C,1151,ANGLE,combat-camera-context,no,no,no
4715,0aaa76206517,lara_col_polestat,GAME/LARA.C,1160,GetLaraCollisionInfo,combat-camera-context,no,no,no
4716,0aaa76206517,lara_col_polestat,GAME/LARA.C,1162,LaraHitCeiling,combat-camera-context,no,no,no
4717,0aaa76206517,lara_col_polestat,GAME/LARA.C,1166,LaraDeflectEdge,combat-camera-context,no,no,no
4718,0aaa76206517,lara_col_polestat,GAME/LARA.C,1167,LaraCollideStop,combat-camera-context,no,no,no
4719,0aaa76206517,lara_col_polestat,GAME/LARA.C,1169,TestLaraSlide,combat-camera-context,no,no,no
4720,0aaa76206517,lara_col_polestat,GAME/LARA.C,1186,lara_col_pose,combat-camera-context,no,no,no
4721,0aaa76206517,lara_col_polestat,GAME/LARA.C,1188,lara_col_stop,combat-camera-context,no,no,no
4722,0aaa76206517,lara_col_polestat,GAME/LARA.C,1191,lara_col_run,combat-camera-context,no,no,no
4723,0aaa76206517,lara_col_polestat,GAME/LARA.C,1201,GetLaraCollisionInfo,combat-camera-context,no,no,no
4724,0aaa76206517,lara_col_polestat,GAME/LARA.C,1203,LaraHitCeiling,combat-camera-context,no,no,no
4725,0aaa76206517,lara_col_polestat,GAME/LARA.C,1203,TestLaraVault,combat-camera-context,no,no,no
4726,0aaa76206517,lara_col_polestat,GAME/LARA.C,1205,LaraDeflectEdge,combat-camera-context,no,no,no
4727,0aaa76206517,lara_col_polestat,GAME/LARA.C,1209,TestWall,combat-camera-context,no,no,no
4728,0aaa76206517,lara_col_polestat,GAME/LARA.C,1230,LaraCollideStop,combat-camera-context,no,no,no
4729,0aaa76206517,lara_col_polestat,GAME/LARA.C,1233,LaraFallen,combat-camera-context,no,no,no
4730,0aaa76206517,lara_col_polestat,GAME/LARA.C,1256,TestLaraSlide,combat-camera-context,no,no,no
4731,0aaa76206517,lara_col_polestat,GAME/LARA.C,1272,lara_col_walk,combat-camera-context,no,no,no
4732,0aaa76206517,lara_col_polestat,GAME/LARA.C,1287,GetLaraCollisionInfo,combat-camera-context,no,no,no
4733,0aaa76206517,lara_col_polestat,GAME/LARA.C,1289,LaraHitCeiling,combat-camera-context,no,no,no
4734,0aaa76206517,lara_col_polestat,GAME/LARA.C,1289,TestLaraVault,combat-camera-context,no,no,no
4735,0aaa76206517,lara_col_polestat,GAME/LARA.C,1291,LaraDeflectEdge,combat-camera-context,no,no,no
4736,0aaa76206517,lara_col_polestat,GAME/LARA.C,1308,LaraCollideStop,combat-camera-context,no,no,no
4737,0aaa76206517,lara_col_polestat,GAME/LARA.C,1313,LaraFallen,combat-camera-context,no,no,no
4738,0aaa76206517,lara_col_polestat,GAME/LARA.C,1358,TestLaraSlide,combat-camera-context,no,no,no
4739,0aaa76206517,lara_col_polestat,GAME/LARA.C,1364,lara_as_pulley,combat-camera-context,no,no,no
4740,0aaa76206517,lara_col_polestat,GAME/LARA.C,1404,ABS,combat-camera-context,no,no,no
4741,0aaa76206517,lara_col_polestat,GAME/LARA.C,1415,lara_col_turnswitch,combat-camera-context,no,no,no
4742,0aaa76206517,lara_col_polestat,GAME/LARA.C,1421,ANGLE,combat-camera-context,no,no,no
4743,0aaa76206517,lara_col_polestat,GAME/LARA.C,1429,ANGLE,combat-camera-context,no,no,no
4744,0aaa76206517,lara_col_polestat,GAME/LARA.C,1437,lara_as_controlledl,combat-camera-context,no,no,no
4745,0aaa76206517,lara_col_polestat,GAME/LARA.C,1444,lara_as_controlled,combat-camera-context,no,no,no
4746,0aaa76206517,lara_col_polestat,GAME/LARA.C,1457,lara_as_deathslide,combat-camera-context,no,no,no
4747,0aaa76206517,lara_col_polestat,GAME/LARA.C,1461,ANGLE,combat-camera-context,no,no,no
4748,0aaa76206517,lara_col_polestat,GAME/LARA.C,1463,GetHeight,combat-camera-context,no,no,no
4749,0aaa76206517,lara_col_polestat,GAME/LARA.C,1463,GetFloor,combat-camera-context,no,no,no
4750,0aaa76206517,lara_col_polestat,GAME/LARA.C,1472,AnimateLara,combat-camera-context,no,no,no
4751,0aaa76206517,lara_col_polestat,GAME/LARA.C,1482,lara_as_wade,combat-camera-context,no,no,no
4752,0aaa76206517,lara_col_polestat,GAME/LARA.C,1491,ANGLE,combat-camera-context,no,no,no
4753,0aaa76206517,lara_col_polestat,GAME/LARA.C,1496,ANGLE,combat-camera-context,no,no,no
4754,0aaa76206517,lara_col_polestat,GAME/LARA.C,1497,ANGLE,combat-camera-context,no,no,no
4755,0aaa76206517,lara_col_polestat,GAME/LARA.C,1499,ANGLE,combat-camera-context,no,no,no
4756,0aaa76206517,lara_col_polestat,GAME/LARA.C,1500,ANGLE,combat-camera-context,no,no,no
4757,0aaa76206517,lara_col_polestat,GAME/LARA.C,1501,ANGLE,combat-camera-context,no,no,no
4758,0aaa76206517,lara_col_polestat,GAME/LARA.C,1506,ANGLE,combat-camera-context,no,no,no
4759,0aaa76206517,lara_col_polestat,GAME/LARA.C,1507,ANGLE,combat-camera-context,no,no,no
4760,0aaa76206517,lara_col_polestat,GAME/LARA.C,1509,ANGLE,combat-camera-context,no,no,no
4761,0aaa76206517,lara_col_polestat,GAME/LARA.C,1510,ANGLE,combat-camera-context,no,no,no
4762,0aaa76206517,lara_col_polestat,GAME/LARA.C,1511,ANGLE,combat-camera-context,no,no,no
4763,0aaa76206517,lara_col_polestat,GAME/LARA.C,1527,lara_as_waterout,combat-camera-context,no,no,no
4764,0aaa76206517,lara_col_polestat,GAME/LARA.C,1534,lara_as_gymnast,combat-camera-context,no,no,no
4765,0aaa76206517,lara_col_polestat,GAME/LARA.C,1540,lara_as_fastdive,combat-camera-context,no,no,no
4766,0aaa76206517,lara_col_polestat,GAME/LARA.C,1549,lara_as_swandive,combat-camera-context,no,no,no
4767,0aaa76206517,lara_col_polestat,GAME/LARA.C,1557,lara_as_special,combat-camera-context,no,no,no
4768,0aaa76206517,lara_col_polestat,GAME/LARA.C,1560,ANGLE,combat-camera-context,no,no,no
4769,0aaa76206517,lara_col_polestat,GAME/LARA.C,1561,ANGLE,combat-camera-context,no,no,no
4770,0aaa76206517,lara_col_polestat,GAME/LARA.C,1564,lara_as_usepuzzle,combat-camera-context,no,no,no
4771,0aaa76206517,lara_col_polestat,GAME/LARA.C,1571,ANGLE,combat-camera-context,no,no,no
4772,0aaa76206517,lara_col_polestat,GAME/LARA.C,1572,ANGLE,combat-camera-context,no,no,no
4773,0aaa76206517,lara_col_polestat,GAME/LARA.C,1573,SECTOR,combat-camera-context,no,no,no
4774,0aaa76206517,lara_col_polestat,GAME/LARA.C,1586,lara_as_usekey,combat-camera-context,no,no,no
4775,0aaa76206517,lara_col_polestat,GAME/LARA.C,1591,ANGLE,combat-camera-context,no,no,no
4776,0aaa76206517,lara_col_polestat,GAME/LARA.C,1593,SECTOR,combat-camera-context,no,no,no
4777,0aaa76206517,lara_col_polestat,GAME/LARA.C,1596,lara_as_switchoff,combat-camera-context,no,no,no
4778,0aaa76206517,lara_col_polestat,GAME/LARA.C,1601,ANGLE,combat-camera-context,no,no,no
4779,0aaa76206517,lara_col_polestat,GAME/LARA.C,1602,ANGLE,combat-camera-context,no,no,no
4780,0aaa76206517,lara_col_polestat,GAME/LARA.C,1603,SECTOR,combat-camera-context,no,no,no
4781,0aaa76206517,lara_col_polestat,GAME/LARA.C,1607,lara_as_switchon,combat-camera-context,no,no,no
4782,0aaa76206517,lara_col_polestat,GAME/LARA.C,1612,ANGLE,combat-camera-context,no,no,no
4783,0aaa76206517,lara_col_polestat,GAME/LARA.C,1613,ANGLE,combat-camera-context,no,no,no
4784,0aaa76206517,lara_col_polestat,GAME/LARA.C,1614,SECTOR,combat-camera-context,no,no,no
4785,0aaa76206517,lara_col_polestat,GAME/LARA.C,1618,lara_as_pickupflare,combat-camera-context,no,no,no
4786,0aaa76206517,lara_col_polestat,GAME/LARA.C,1623,ANGLE,combat-camera-context,no,no,no
4787,0aaa76206517,lara_col_polestat,GAME/LARA.C,1624,ANGLE,combat-camera-context,no,no,no
4788,0aaa76206517,lara_col_polestat,GAME/LARA.C,1625,SECTOR,combat-camera-context,no,no,no
4789,0aaa76206517,lara_col_polestat,GAME/LARA.C,1630,lara_as_pickup,combat-camera-context,no,no,no
4790,0aaa76206517,lara_col_polestat,GAME/LARA.C,1635,ANGLE,combat-camera-context,no,no,no
4791,0aaa76206517,lara_col_polestat,GAME/LARA.C,1636,ANGLE,combat-camera-context,no,no,no
4792,0aaa76206517,lara_col_polestat,GAME/LARA.C,1637,SECTOR,combat-camera-context,no,no,no
4793,0aaa76206517,lara_col_polestat,GAME/LARA.C,1640,lara_as_ppready,combat-camera-context,no,no,no
4794,0aaa76206517,lara_col_polestat,GAME/LARA.C,1644,ANGLE,combat-camera-context,no,no,no
4795,0aaa76206517,lara_col_polestat,GAME/LARA.C,1649,lara_as_pullblock,combat-camera-context,no,no,no
4796,0aaa76206517,lara_col_polestat,GAME/LARA.C,1655,ANGLE,combat-camera-context,no,no,no
4797,0aaa76206517,lara_col_polestat,GAME/LARA.C,1659,lara_as_pushblock,combat-camera-context,no,no,no
4798,0aaa76206517,lara_col_polestat,GAME/LARA.C,1665,ANGLE,combat-camera-context,no,no,no
4799,0aaa76206517,lara_col_polestat,GAME/LARA.C,1669,lara_as_slideback,combat-camera-context,no,no,no
4800,0aaa76206517,lara_col_polestat,GAME/LARA.C,1677,lara_as_fallback,combat-camera-context,no,no,no
4801,0aaa76206517,lara_col_polestat,GAME/LARA.C,1687,lara_as_leftjump,combat-camera-context,no,no,no
4802,0aaa76206517,lara_col_polestat,GAME/LARA.C,1704,lara_as_rightjump,combat-camera-context,no,no,no
4803,0aaa76206517,lara_col_polestat,GAME/LARA.C,1721,lara_as_backjump,combat-camera-context,no,no,no
4804,0aaa76206517,lara_col_polestat,GAME/LARA.C,1723,ANGLE,combat-camera-context,no,no,no
4805,0aaa76206517,lara_col_polestat,GAME/LARA.C,1741,lara_as_slide,combat-camera-context,no,no,no
4806,0aaa76206517,lara_col_polestat,GAME/LARA.C,1749,lara_as_stepleft,combat-camera-context,no,no,no
4807,0aaa76206517,lara_col_polestat,GAME/LARA.C,1768,ANGLE,combat-camera-context,no,no,no
4808,0aaa76206517,lara_col_polestat,GAME/LARA.C,1769,ANGLE,combat-camera-context,no,no,no
4809,0aaa76206517,lara_col_polestat,GAME/LARA.C,1774,ANGLE,combat-camera-context,no,no,no
4810,0aaa76206517,lara_col_polestat,GAME/LARA.C,1775,ANGLE,combat-camera-context,no,no,no
4811,0aaa76206517,lara_col_polestat,GAME/LARA.C,1780,lara_as_stepright,combat-camera-context,no,no,no
4812,0aaa76206517,lara_col_polestat,GAME/LARA.C,1799,ANGLE,combat-camera-context,no,no,no
4813,0aaa76206517,lara_col_polestat,GAME/LARA.C,1800,ANGLE,combat-camera-context,no,no,no
4814,0aaa76206517,lara_col_polestat,GAME/LARA.C,1805,ANGLE,combat-camera-context,no,no,no
4815,0aaa76206517,lara_col_polestat,GAME/LARA.C,1806,ANGLE,combat-camera-context,no,no,no
4816,0aaa76206517,lara_col_polestat,GAME/LARA.C,1811,lara_col_fastturn,combat-camera-context,no,no,no
4817,0aaa76206517,lara_col_polestat,GAME/LARA.C,1813,lara_col_stop,combat-camera-context,no,no,no
4818,0aaa76206517,lara_col_polestat,GAME/LARA.C,1816,lara_as_fastturn,combat-camera-context,no,no,no
4819,0aaa76206517,lara_col_polestat,GAME/LARA.C,1827,ANGLE,combat-camera-context,no,no,no
4820,0aaa76206517,lara_col_polestat,GAME/LARA.C,1836,ANGLE,combat-camera-context,no,no,no
4821,0aaa76206517,lara_col_polestat,GAME/LARA.C,1845,lara_as_null,combat-camera-context,no,no,no
4822,0aaa76206517,lara_col_polestat,GAME/LARA.C,1852,lara_as_back,combat-camera-context,no,no,no
4823,0aaa76206517,lara_col_polestat,GAME/LARA.C,1871,ANGLE,combat-camera-context,no,no,no
4824,0aaa76206517,lara_col_polestat,GAME/LARA.C,1872,ANGLE,combat-camera-context,no,no,no
4825,0aaa76206517,lara_col_polestat,GAME/LARA.C,1877,ANGLE,combat-camera-context,no,no,no
4826,0aaa76206517,lara_col_polestat,GAME/LARA.C,1878,ANGLE,combat-camera-context,no,no,no
4827,0aaa76206517,lara_col_polestat,GAME/LARA.C,1883,lara_as_compress,combat-camera-context,no,no,no
4828,0aaa76206517,lara_col_polestat,GAME/LARA.C,1887,LaraFloorFront,combat-camera-context,no,no,no
4829,0aaa76206517,lara_col_polestat,GAME/LARA.C,1892,LaraFloorFront,combat-camera-context,no,no,no
4830,0aaa76206517,lara_col_polestat,GAME/LARA.C,1892,ANGLE,combat-camera-context,no,no,no
4831,0aaa76206517,lara_col_polestat,GAME/LARA.C,1895,ANGLE,combat-camera-context,no,no,no
4832,0aaa76206517,lara_col_polestat,GAME/LARA.C,1897,LaraFloorFront,combat-camera-context,no,no,no
4833,0aaa76206517,lara_col_polestat,GAME/LARA.C,1897,ANGLE,combat-camera-context,no,no,no
4834,0aaa76206517,lara_col_polestat,GAME/LARA.C,1900,ANGLE,combat-camera-context,no,no,no
4835,0aaa76206517,lara_col_polestat,GAME/LARA.C,1902,LaraFloorFront,combat-camera-context,no,no,no
4836,0aaa76206517,lara_col_polestat,GAME/LARA.C,1902,ANGLE,combat-camera-context,no,no,no
4837,0aaa76206517,lara_col_polestat,GAME/LARA.C,1905,ANGLE,combat-camera-context,no,no,no
4838,0aaa76206517,lara_col_polestat,GAME/LARA.C,1913,lara_as_splat,combat-camera-context,no,no,no
4839,0aaa76206517,lara_col_polestat,GAME/LARA.C,1918,lara_as_intcornerr,combat-camera-context,no,no,no
4840,0aaa76206517,lara_col_polestat,GAME/LARA.C,1921,ANGLE,combat-camera-context,no,no,no
4841,0aaa76206517,lara_col_polestat,GAME/LARA.C,1922,SetCornerAnim,combat-camera-context,no,no,no
4842,0aaa76206517,lara_col_polestat,GAME/LARA.C,1922,ANGLE,combat-camera-context,no,no,no
4843,0aaa76206517,lara_col_polestat,GAME/LARA.C,1927,lara_as_intcornerl,combat-camera-context,no,no,no
4844,0aaa76206517,lara_col_polestat,GAME/LARA.C,1930,ANGLE,combat-camera-context,no,no,no
4845,0aaa76206517,lara_col_polestat,GAME/LARA.C,1931,SetCornerAnim,combat-camera-context,no,no,no
4846,0aaa76206517,lara_col_polestat,GAME/LARA.C,1931,ANGLE,combat-camera-context,no,no,no
4847,0aaa76206517,lara_col_polestat,GAME/LARA.C,1936,lara_as_extcornerr,combat-camera-context,no,no,no
4848,0aaa76206517,lara_col_polestat,GAME/LARA.C,1939,ANGLE,combat-camera-context,no,no,no
4849,0aaa76206517,lara_col_polestat,GAME/LARA.C,1940,SetCornerAnim,combat-camera-context,no,no,no
4850,0aaa76206517,lara_col_polestat,GAME/LARA.C,1940,ANGLE,combat-camera-context,no,no,no
4851,0aaa76206517,lara_col_polestat,GAME/LARA.C,1945,lara_as_extcornerl,combat-camera-context,no,no,no
4852,0aaa76206517,lara_col_polestat,GAME/LARA.C,1948,ANGLE,combat-camera-context,no,no,no
4853,0aaa76206517,lara_col_polestat,GAME/LARA.C,1949,SetCornerAnim,combat-camera-context,no,no,no
4854,0aaa76206517,lara_col_polestat,GAME/LARA.C,1949,ANGLE,combat-camera-context,no,no,no
4855,0aaa76206517,lara_col_polestat,GAME/LARA.C,1954,SetCornerAnim,combat-camera-context,no,no,no
4856,0aaa76206517,lara_col_polestat,GAME/LARA.C,2004,lara_col_hangright,combat-camera-context,no,no,no
4857,0aaa76206517,lara_col_polestat,GAME/LARA.C,2006,ANGLE,combat-camera-context,no,no,no
4858,0aaa76206517,lara_col_polestat,GAME/LARA.C,2008,LaraHangTest,combat-camera-context,no,no,no
4859,0aaa76206517,lara_col_polestat,GAME/LARA.C,2009,ANGLE,combat-camera-context,no,no,no
4860,0aaa76206517,lara_col_polestat,GAME/LARA.C,2012,lara_as_hangright,combat-camera-context,no,no,no
4861,0aaa76206517,lara_col_polestat,GAME/LARA.C,2017,ANGLE,combat-camera-context,no,no,no
4862,0aaa76206517,lara_col_polestat,GAME/LARA.C,2022,lara_col_hangleft,combat-camera-context,no,no,no
4863,0aaa76206517,lara_col_polestat,GAME/LARA.C,2024,ANGLE,combat-camera-context,no,no,no
4864,0aaa76206517,lara_col_polestat,GAME/LARA.C,2026,LaraHangTest,combat-camera-context,no,no,no
4865,0aaa76206517,lara_col_polestat,GAME/LARA.C,2027,ANGLE,combat-camera-context,no,no,no
4866,0aaa76206517,lara_col_polestat,GAME/LARA.C,2030,lara_as_hangleft,combat-camera-context,no,no,no
4867,0aaa76206517,lara_col_polestat,GAME/LARA.C,2035,ANGLE,combat-camera-context,no,no,no
4868,0aaa76206517,lara_col_polestat,GAME/LARA.C,2040,lara_col_hang,combat-camera-context,no,no,no
4869,0aaa76206517,lara_col_polestat,GAME/LARA.C,2051,CanLaraHangSideways,combat-camera-context,no,no,no
4870,0aaa76206517,lara_col_polestat,GAME/LARA.C,2051,ANGLE,combat-camera-context,no,no,no
4871,0aaa76206517,lara_col_polestat,GAME/LARA.C,2058,LaraHangLeftCornerTest,combat-camera-context,no,no,no
4872,0aaa76206517,lara_col_polestat,GAME/LARA.C,2072,CanLaraHangSideways,combat-camera-context,no,no,no
4873,0aaa76206517,lara_col_polestat,GAME/LARA.C,2072,ANGLE,combat-camera-context,no,no,no
4874,0aaa76206517,lara_col_polestat,GAME/LARA.C,2079,LaraHangLeftCornerTest,combat-camera-context,no,no,no
4875,0aaa76206517,lara_col_polestat,GAME/LARA.C,2094,LaraHangTest,combat-camera-context,no,no,no
4876,0aaa76206517,lara_col_polestat,GAME/LARA.C,2098,TestForObjectOnLedge,combat-camera-context,no,no,no
4877,0aaa76206517,lara_col_polestat,GAME/LARA.C,2109,ABS,combat-camera-context,no,no,no
4878,0aaa76206517,lara_col_polestat,GAME/LARA.C,2134,ABS,combat-camera-context,no,no,no
4879,0aaa76206517,lara_col_polestat,GAME/LARA.C,2157,ABS,combat-camera-context,no,no,no
4880,0aaa76206517,lara_col_polestat,GAME/LARA.C,2159,LaraTestClimbStance,combat-camera-context,no,no,no
4881,0aaa76206517,lara_col_polestat,GAME/LARA.C,2180,LaraTestClimbStance,combat-camera-context,no,no,no
4882,0aaa76206517,lara_col_polestat,GAME/LARA.C,2196,lara_as_hang,combat-camera-context,no,no,no
4883,0aaa76206517,lara_col_polestat,GAME/LARA.C,2208,LookUpDown,combat-camera-context,no,no,no
4884,0aaa76206517,lara_col_polestat,GAME/LARA.C,2214,ANGLE,combat-camera-context,no,no,no
4885,0aaa76206517,lara_col_polestat,GAME/LARA.C,2217,CanLaraHangSideways,combat-camera-context,no,no,no
4886,0aaa76206517,lara_col_polestat,GAME/LARA.C,2227,ANGLE,combat-camera-context,no,no,no
4887,0aaa76206517,lara_col_polestat,GAME/LARA.C,2227,ANGLE,combat-camera-context,no,no,no
4888,0aaa76206517,lara_col_polestat,GAME/LARA.C,2248,LaraHangTest,combat-camera-context,no,no,no
4889,0aaa76206517,lara_col_polestat,GAME/LARA.C,2258,lara_void_func,combat-camera-context,no,no,no
4890,0aaa76206517,lara_col_polestat,GAME/LARA.C,2263,lara_as_fastfall,combat-camera-context,no,no,no
4891,0aaa76206517,lara_col_polestat,GAME/LARA.C,2267,SoundEffect,combat-camera-context,no,no,no
4892,0aaa76206517,lara_col_polestat,GAME/LARA.C,2270,lara_as_death,combat-camera-context,no,no,no
4893,0aaa76206517,lara_col_polestat,GAME/LARA.C,2279,AlterFOV,combat-camera-context,no,no,no
4894,0aaa76206517,lara_col_polestat,GAME/LARA.C,2279,ANGLE,combat-camera-context,no,no,no
4895,0aaa76206517,lara_col_polestat,GAME/LARA.C,2285,lara_as_turn_l,combat-camera-context,no,no,no
4896,0aaa76206517,lara_col_polestat,GAME/LARA.C,2298,ANGLE,combat-camera-context,no,no,no
4897,0aaa76206517,lara_col_polestat,GAME/LARA.C,2301,ANGLE,combat-camera-context,no,no,no
4898,0aaa76206517,lara_col_polestat,GAME/LARA.C,2333,lara_as_turn_r,combat-camera-context,no,no,no
4899,0aaa76206517,lara_col_polestat,GAME/LARA.C,2346,ANGLE,combat-camera-context,no,no,no
4900,0aaa76206517,lara_col_polestat,GAME/LARA.C,2349,ANGLE,combat-camera-context,no,no,no
4901,0aaa76206517,lara_col_polestat,GAME/LARA.C,2381,lara_as_fastback,combat-camera-context,no,no,no
4902,0aaa76206517,lara_col_polestat,GAME/LARA.C,2387,ANGLE,combat-camera-context,no,no,no
4903,0aaa76206517,lara_col_polestat,GAME/LARA.C,2388,ANGLE,combat-camera-context,no,no,no
4904,0aaa76206517,lara_col_polestat,GAME/LARA.C,2393,ANGLE,combat-camera-context,no,no,no
4905,0aaa76206517,lara_col_polestat,GAME/LARA.C,2394,ANGLE,combat-camera-context,no,no,no
4906,0aaa76206517,lara_col_polestat,GAME/LARA.C,2398,lara_as_run,combat-camera-context,no,no,no
4907,0aaa76206517,lara_col_polestat,GAME/LARA.C,2444,ANGLE,combat-camera-context,no,no,no
4908,0aaa76206517,lara_col_polestat,GAME/LARA.C,2445,ANGLE,combat-camera-context,no,no,no
4909,0aaa76206517,lara_col_polestat,GAME/LARA.C,2447,ANGLE,combat-camera-context,no,no,no
4910,0aaa76206517,lara_col_polestat,GAME/LARA.C,2448,ANGLE,combat-camera-context,no,no,no
4911,0aaa76206517,lara_col_polestat,GAME/LARA.C,2449,ANGLE,combat-camera-context,no,no,no
4912,0aaa76206517,lara_col_polestat,GAME/LARA.C,2454,ANGLE,combat-camera-context,no,no,no
4913,0aaa76206517,lara_col_polestat,GAME/LARA.C,2455,ANGLE,combat-camera-context,no,no,no
4914,0aaa76206517,lara_col_polestat,GAME/LARA.C,2457,ANGLE,combat-camera-context,no,no,no
4915,0aaa76206517,lara_col_polestat,GAME/LARA.C,2458,ANGLE,combat-camera-context,no,no,no
4916,0aaa76206517,lara_col_polestat,GAME/LARA.C,2459,ANGLE,combat-camera-context,no,no,no
4917,0aaa76206517,lara_col_polestat,GAME/LARA.C,2498,lara_as_walk,combat-camera-context,no,no,no
4918,0aaa76206517,lara_col_polestat,GAME/LARA.C,2512,ANGLE,combat-camera-context,no,no,no
4919,0aaa76206517,lara_col_polestat,GAME/LARA.C,2513,ANGLE,combat-camera-context,no,no,no
4920,0aaa76206517,lara_col_polestat,GAME/LARA.C,2518,ANGLE,combat-camera-context,no,no,no
4921,0aaa76206517,lara_col_polestat,GAME/LARA.C,2519,ANGLE,combat-camera-context,no,no,no
4922,0aaa76206517,lara_col_polestat,GAME/LARA.C,2544,lara_col_reach,combat-camera-context,no,no,no
4923,0aaa76206517,lara_col_polestat,GAME/LARA.C,2570,GetLaraCollisionInfo,combat-camera-context,no,no,no
4924,0aaa76206517,lara_col_polestat,GAME/LARA.C,2579,SetupPadVibration,combat-camera-context,no,no,no
4925,0aaa76206517,lara_col_polestat,GAME/LARA.C,2610,LaraTestEdgeCatch,combat-camera-context,no,no,no
4926,0aaa76206517,lara_col_polestat,GAME/LARA.C,2614,LaraTestHangOnClimbWall,combat-camera-context,no,no,no
4927,0aaa76206517,lara_col_polestat,GAME/LARA.C,2617,ANGLE,combat-camera-context,no,no,no
4928,0aaa76206517,lara_col_polestat,GAME/LARA.C,2619,ANGLE,combat-camera-context,no,no,no
4929,0aaa76206517,lara_col_polestat,GAME/LARA.C,2641,SetupPadVibration,combat-camera-context,no,no,no
4930,0aaa76206517,lara_col_polestat,GAME/LARA.C,2644,TestHangSwingIn,combat-camera-context,no,no,no
4931,0aaa76206517,lara_col_polestat,GAME/LARA.C,2667,GetBoundsAccurate,combat-camera-context,no,no,no
4932,0aaa76206517,lara_col_polestat,GAME/LARA.C,2678,ANGLE,combat-camera-context,no,no,no
4933,0aaa76206517,lara_col_polestat,GAME/LARA.C,2718,LaraSlideEdgeJump,combat-camera-context,no,no,no
4934,0aaa76206517,lara_col_polestat,GAME/LARA.C,2719,GetLaraCollisionInfo,combat-camera-context,no,no,no
4935,0aaa76206517,lara_col_polestat,GAME/LARA.C,2720,ShiftItem,combat-camera-context,no,no,no
4936,0aaa76206517,lara_col_polestat,GAME/LARA.C,2726,LaraLandedBad,combat-camera-context,no,no,no
4937,0aaa76206517,lara_col_polestat,GAME/LARA.C,2757,GetLaraCollisionInfo,combat-camera-context,no,no,no
4938,0aaa76206517,lara_col_polestat,GAME/LARA.C,2788,LaraTestEdgeCatch,combat-camera-context,no,no,no
4939,0aaa76206517,lara_col_polestat,GAME/LARA.C,2790,LaraTestHangOnClimbWall,combat-camera-context,no,no,no
4940,0aaa76206517,lara_col_polestat,GAME/LARA.C,2794,ABS,combat-camera-context,no,no,no
4941,0aaa76206517,lara_col_polestat,GAME/LARA.C,2794,ANGLE,combat-camera-context,no,no,no
4942,0aaa76206517,lara_col_polestat,GAME/LARA.C,2800,ANGLE,combat-camera-context,no,no,no
4943,0aaa76206517,lara_col_polestat,GAME/LARA.C,2804,ANGLE,combat-camera-context,no,no,no
4944,0aaa76206517,lara_col_polestat,GAME/LARA.C,2809,ANGLE,combat-camera-context,no,no,no
4945,0aaa76206517,lara_col_polestat,GAME/LARA.C,2821,TestHangSwingIn,combat-camera-context,no,no,no
4946,0aaa76206517,lara_col_polestat,GAME/LARA.C,2843,GetBoundsAccurate,combat-camera-context,no,no,no
4947,0aaa76206517,lara_col_polestat,GAME/LARA.C,2853,ANGLE,combat-camera-context,no,no,no
4948,0aaa76206517,lara_col_polestat,GAME/LARA.C,2853,ANGLE,combat-camera-context,no,no,no
4949,0aaa76206517,lara_col_polestat,GAME/LARA.C,2890,lara_as_reach,combat-camera-context,no,no,no
4950,0aaa76206517,lara_col_polestat,GAME/LARA.C,2892,ANGLE,combat-camera-context,no,no,no
4951,0aaa76206517,lara_col_polestat,GAME/LARA.C,2897,lara_col_forwardjump,combat-camera-context,no,no,no
4952,0aaa76206517,lara_col_polestat,GAME/LARA.C,2900,ANGLE,combat-camera-context,no,no,no
4953,0aaa76206517,lara_col_polestat,GAME/LARA.C,2908,GetLaraCollisionInfo,combat-camera-context,no,no,no
4954,0aaa76206517,lara_col_polestat,GAME/LARA.C,2909,LaraDeflectEdgeJump,combat-camera-context,no,no,no
4955,0aaa76206517,lara_col_polestat,GAME/LARA.C,2916,LaraLandedBad,combat-camera-context,no,no,no
4956,0aaa76206517,lara_col_polestat,GAME/LARA.C,2938,lara_as_forwardjump,combat-camera-context,no,no,no
4957,0aaa76206517,lara_col_polestat,GAME/LARA.C,2974,ANGLE,combat-camera-context,no,no,no
4958,0aaa76206517,lara_col_polestat,GAME/LARA.C,2976,ANGLE,combat-camera-context,no,no,no
4959,0aaa76206517,lara_col_polestat,GAME/LARA.C,2983,ANGLE,combat-camera-context,no,no,no
4960,0aaa76206517,lara_col_polestat,GAME/LARA.C,2985,ANGLE,combat-camera-context,no,no,no
4961,0aaa76206517,lara_col_polestat,GAME/LARA.C,2990,lara_col_upjump,combat-camera-context,no,no,no
4962,0aaa76206517,lara_col_polestat,GAME/LARA.C,3005,ANGLE,combat-camera-context,no,no,no
4963,0aaa76206517,lara_col_polestat,GAME/LARA.C,3010,GetCollisionInfo,combat-camera-context,no,no,no
4964,0aaa76206517,lara_col_polestat,GAME/LARA.C,3029,MonkeySwingSnap,combat-camera-context,no,no,no
4965,0aaa76206517,lara_col_polestat,GAME/LARA.C,3037,LaraTestEdgeCatch,combat-camera-context,no,no,no
4966,0aaa76206517,lara_col_polestat,GAME/LARA.C,3041,LaraTestHangOnClimbWall,combat-camera-context,no,no,no
4967,0aaa76206517,lara_col_polestat,GAME/LARA.C,3045,ABS,combat-camera-context,no,no,no
4968,0aaa76206517,lara_col_polestat,GAME/LARA.C,3045,ANGLE,combat-camera-context,no,no,no
4969,0aaa76206517,lara_col_polestat,GAME/LARA.C,3051,ANGLE,combat-camera-context,no,no,no
4970,0aaa76206517,lara_col_polestat,GAME/LARA.C,3055,ANGLE,combat-camera-context,no,no,no
4971,0aaa76206517,lara_col_polestat,GAME/LARA.C,3060,ANGLE,combat-camera-context,no,no,no
4972,0aaa76206517,lara_col_polestat,GAME/LARA.C,3072,TestHangSwingIn,combat-camera-context,no,no,no
4973,0aaa76206517,lara_col_polestat,GAME/LARA.C,3089,GetBoundsAccurate,combat-camera-context,no,no,no
4974,0aaa76206517,lara_col_polestat,GAME/LARA.C,3118,ShiftItem,combat-camera-context,no,no,no
4975,0aaa76206517,lara_col_polestat,GAME/LARA.C,3149,LaraLandedBad,combat-camera-context,no,no,no
4976,0aaa76206517,lara_col_polestat,GAME/LARA.C,3161,lara_as_upjump,combat-camera-context,no,no,no
4977,0aaa76206517,lara_col_polestat,GAME/LARA.C,3169,lara_col_stop,combat-camera-context,no,no,no
4978,0aaa76206517,lara_col_polestat,GAME/LARA.C,3183,GetLaraCollisionInfo,combat-camera-context,no,no,no
4979,0aaa76206517,lara_col_polestat,GAME/LARA.C,3185,LaraHitCeiling,combat-camera-context,no,no,no
4980,0aaa76206517,lara_col_polestat,GAME/LARA.C,3187,LaraFallen,combat-camera-context,no,no,no
4981,0aaa76206517,lara_col_polestat,GAME/LARA.C,3189,TestLaraSlide,combat-camera-context,no,no,no
4982,0aaa76206517,lara_col_polestat,GAME/LARA.C,3191,ShiftItem,combat-camera-context,no,no,no
4983,0aaa76206517,lara_col_polestat,GAME/LARA.C,3200,lara_as_stop,combat-camera-context,no,no,no
4984,0aaa76206517,lara_col_polestat,GAME/LARA.C,3214,StopSoundEffect,combat-camera-context,no,no,no
4985,0aaa76206517,lara_col_polestat,GAME/LARA.C,3246,LookUpDown,combat-camera-context,no,no,no
4986,0aaa76206517,lara_col_polestat,GAME/LARA.C,3251,LaraFloorFront,combat-camera-context,no,no,no
4987,0aaa76206517,lara_col_polestat,GAME/LARA.C,3255,LaraFloorFront,combat-camera-context,no,no,no
4988,0aaa76206517,lara_col_polestat,GAME/LARA.C,3255,ANGLE,combat-camera-context,no,no,no
4989,0aaa76206517,lara_col_polestat,GAME/LARA.C,3260,ABS,combat-camera-context,no,no,no
4990,0aaa76206517,lara_col_polestat,GAME/LARA.C,3260,LaraFloorFront,combat-camera-context,no,no,no
4991,0aaa76206517,lara_col_polestat,GAME/LARA.C,3260,ANGLE,combat-camera-context,no,no,no
4992,0aaa76206517,lara_col_polestat,GAME/LARA.C,3262,LaraCeilingFront,combat-camera-context,no,no,no
4993,0aaa76206517,lara_col_polestat,GAME/LARA.C,3262,ANGLE,combat-camera-context,no,no,no
4994,0aaa76206517,lara_col_polestat,GAME/LARA.C,3269,ABS,combat-camera-context,no,no,no
4995,0aaa76206517,lara_col_polestat,GAME/LARA.C,3269,LaraFloorFront,combat-camera-context,no,no,no
4996,0aaa76206517,lara_col_polestat,GAME/LARA.C,3269,ANGLE,combat-camera-context,no,no,no
4997,0aaa76206517,lara_col_polestat,GAME/LARA.C,3271,LaraCeilingFront,combat-camera-context,no,no,no
4998,0aaa76206517,lara_col_polestat,GAME/LARA.C,3271,ANGLE,combat-camera-context,no,no,no
4999,0aaa76206517,lara_col_polestat,GAME/LARA.C,3294,ABS,combat-camera-context,no,no,no
5000,0aaa76206517,lara_col_polestat,GAME/LARA.C,3305,GetLaraCollisionInfo,combat-camera-context,no,no,no
5001,0aaa76206517,lara_col_polestat,GAME/LARA.C,3306,TestLaraVault,combat-camera-context,no,no,no
5002,0aaa76206517,lara_col_polestat,GAME/LARA.C,3311,lara_as_wade,combat-camera-context,no,no,no
5003,0aaa76206517,lara_col_polestat,GAME/LARA.C,3314,ABS,combat-camera-context,no,no,no
5004,0aaa76206517,lara_col_polestat,GAME/LARA.C,3316,lara_as_back,combat-camera-context,no,no,no
5005,0aaa76206517,lara_col_polestat,GAME/LARA.C,3325,LaraCeilingFront,combat-camera-context,no,no,no
5006,0aaa76206517,lara_col_polestat,GAME/LARA.C,3326,LaraFloorFront,combat-camera-context,no,no,no
5007,0aaa76206517,lara_col_polestat,GAME/LARA.C,3338,lara_as_walk,combat-camera-context,no,no,no
5008,0aaa76206517,lara_col_polestat,GAME/LARA.C,3340,lara_as_run,combat-camera-context,no,no,no
5009,0aaa76206517,lara_col_polestat,GAME/LARA.C,3353,GetLaraCollisionInfo,combat-camera-context,no,no,no
5010,0aaa76206517,lara_col_polestat,GAME/LARA.C,3355,TestLaraVault,combat-camera-context,no,no,no
5011,0aaa76206517,lara_col_polestat,GAME/LARA.C,3367,ABS,combat-camera-context,no,no,no
5012,0aaa76206517,lara_col_polestat,GAME/LARA.C,3368,lara_as_back,combat-camera-context,no,no,no
5013,0aaa76206517,lara_col_polestat,GAME/LARA.C,3377,lara_as_climbroped,combat-camera-context,no,no,no
5014,0aaa76206517,lara_col_polestat,GAME/LARA.C,3379,LaraClimbRope,combat-camera-context,no,no,no
5015,0aaa76206517,lara_col_polestat,GAME/LARA.C,3382,lara_as_climbrope,combat-camera-context,no,no,no
5016,0aaa76206517,lara_col_polestat,GAME/LARA.C,3386,FallFromRope,combat-camera-context,no,no,no
5017,0aaa76206517,lara_col_polestat,GAME/LARA.C,3390,ANGLE,combat-camera-context,no,no,no
5018,0aaa76206517,lara_col_polestat,GAME/LARA.C,3404,lara_col_ropefwd,combat-camera-context,no,no,no
5019,0aaa76206517,lara_col_polestat,GAME/LARA.C,3406,SECTOR,combat-camera-context,no,no,no
5020,0aaa76206517,lara_col_polestat,GAME/LARA.C,3408,UpdateRopeSwing,combat-camera-context,no,no,no
5021,0aaa76206517,lara_col_polestat,GAME/LARA.C,3416,ABS,combat-camera-context,no,no,no
5022,0aaa76206517,lara_col_polestat,GAME/LARA.C,3417,ABS,combat-camera-context,no,no,no
5023,0aaa76206517,lara_col_polestat,GAME/LARA.C,3421,ApplyVelocityToRope,combat-camera-context,no,no,no
5024,0aaa76206517,lara_col_polestat,GAME/LARA.C,3422,ANGLE,combat-camera-context,no,no,no
5025,0aaa76206517,lara_col_polestat,GAME/LARA.C,3454,JumpOffRope,combat-camera-context,no,no,no
5026,0aaa76206517,lara_col_polestat,GAME/LARA.C,3458,ApplyVelocityToRope,combat-camera-context,no,no,no
5027,0aaa76206517,lara_col_polestat,GAME/LARA.C,3462,lara_as_roper,combat-camera-context,no,no,no
5028,0aaa76206517,lara_col_polestat,GAME/LARA.C,3477,FallFromRope,combat-camera-context,no,no,no
5029,0aaa76206517,lara_col_polestat,GAME/LARA.C,3481,lara_as_ropel,combat-camera-context,no,no,no
5030,0aaa76206517,lara_col_polestat,GAME/LARA.C,3496,FallFromRope,combat-camera-context,no,no,no
5031,0aaa76206517,lara_col_polestat,GAME/LARA.C,3500,lara_col_rope,combat-camera-context,no,no,no
5032,0aaa76206517,lara_col_polestat,GAME/LARA.C,3504,UpdateRopeSwing,combat-camera-context,no,no,no
5033,0aaa76206517,lara_col_polestat,GAME/LARA.C,3535,FallFromRope,combat-camera-context,no,no,no
5034,0aaa76206517,lara_col_polestat,GAME/LARA.C,3539,lara_as_rope,combat-camera-context,no,no,no
5035,0aaa76206517,lara_col_polestat,GAME/LARA.C,3542,FallFromRope,combat-camera-context,no,no,no
5036,0aaa76206517,lara_col_polestat,GAME/LARA.C,3545,LookUpDown,combat-camera-context,no,no,no
5037,0aaa76206517,lara_col_polestat,GAME/LARA.C,3548,ApplyVelocityToRope,combat-camera-context,no,no,no
5038,0aaa76206517,lara_col_polestat,GAME/LARA.C,3550,SetPendulumVelocity,combat-camera-context,no,no,no
5039,0aaa76206517,lara_col_polestat,GAME/LARA.C,3551,SIN,combat-camera-context,no,no,no
5040,0aaa76206517,lara_col_polestat,GAME/LARA.C,3553,COS,combat-camera-context,no,no,no
5041,0aaa76206517,lara_col_polestat,GAME/LARA.C,3556,UpdateRopeSwing,combat-camera-context,no,no,no
5042,0aaa76206517,lara_col_polestat,GAME/LARA.C,3558,UNIMPLEMENTED,combat-camera-context,no,no,no
5043,0aaa76206517,lara_col_polestat,GAME/LARA.C,3561,JumpOffRope,combat-camera-context,no,no,no
5044,0aaa76206517,lara_col_polestat,GAME/LARA.C,3603,FallFromRope,combat-camera-context,no,no,no
5045,0aaa76206517,lara_col_polestat,GAME/LARA.C,3605,ABS,combat-camera-context,no,no,no
5046,0aaa76206517,lara_col_polestat,GAME/LARA.C,3605,ABS,combat-camera-context,no,no,no
5047,0aaa76206517,lara_col_polestat,GAME/LARA.C,3621,lara_col_poledown,combat-camera-context,no,no,no
5048,0aaa76206517,lara_col_polestat,GAME/LARA.C,3627,LookUpDown,combat-camera-context,no,no,no
5049,0aaa76206517,lara_col_polestat,GAME/LARA.C,3643,GetLaraCollisionInfo,combat-camera-context,no,no,no
5050,0aaa76206517,lara_col_polestat,GAME/LARA.C,3649,GetHeight,combat-camera-context,no,no,no
5051,0aaa76206517,lara_col_polestat,GAME/LARA.C,3649,GetFloor,combat-camera-context,no,no,no
5052,0aaa76206517,lara_col_polestat,GAME/LARA.C,3675,SoundEffect,combat-camera-context,no,no,no
5053,0aaa76206517,lara_col_polestat,GAME/LARA.C,3677,CLAMP,combat-camera-context,no,no,no
5054,0aaa76206517,lara_col_polestat,GAME/LARA.C,3677,ANGLE,combat-camera-context,no,no,no
5055,0aaa76206517,lara_col_polestat,GAME/LARA.C,3682,lara_col_poleup,combat-camera-context,no,no,no
5056,0aaa76206517,lara_col_polestat,GAME/LARA.C,3690,LookUpDown,combat-camera-context,no,no,no
5057,0aaa76206517,lara_col_polestat,GAME/LARA.C,3698,GetCeiling,combat-camera-context,no,no,no
5058,0aaa76206517,lara_col_polestat,GAME/LARA.C,3698,GetFloor,combat-camera-context,no,no,no
5059,0aaa76206517,lara_col_polestat,GAME/LARA.C,3699,SECTOR,combat-camera-context,no,no,no
5060,0aaa76206517,lara_col_polestat,GAME/LARA.C,3703,lara_as_poleright,combat-camera-context,no,no,no
5061,0aaa76206517,lara_col_polestat,GAME/LARA.C,3713,lara_as_poleleft,combat-camera-context,no,no,no
5062,0aaa76206517,lara_col_polestat,GAME/LARA.C,3723,lara_col_polestat,combat-camera-context,no,no,no
5063,0aaa76206517,lara_col_polestat,GAME/LARA.C,3749,GetLaraCollisionInfo,combat-camera-context,no,no,no
5064,0aaa76206517,lara_col_polestat,GAME/LARA.C,3765,LookUpDown,combat-camera-context,no,no,no
5065,0aaa76206517,lara_col_polestat,GAME/LARA.C,3771,GetCeiling,combat-camera-context,no,no,no
5066,0aaa76206517,lara_col_polestat,GAME/LARA.C,3771,GetFloor,combat-camera-context,no,no,no
5067,0aaa76206517,lara_col_polestat,GAME/LARA.C,3772,SECTOR,combat-camera-context,no,no,no
5068,0aaa76206517,lara_col_polestat,GAME/LARA.C,3793,SIN,combat-camera-context,no,no,no
5069,0aaa76206517,lara_col_polestat,GAME/LARA.C,3794,COS,combat-camera-context,no,no,no
5070,0aaa76206517,lara_col_polestat,GAME/LARA.C,3799,lara_col_monkey180,combat-camera-context,no,no,no
5071,0aaa76206517,lara_col_polestat,GAME/LARA.C,3801,lara_col_monkeyswing,combat-camera-context,no,no,no
5072,0aaa76206517,lara_col_polestat,GAME/LARA.C,3804,lara_as_monkey180,combat-camera-context,no,no,no
5073,0aaa76206517,lara_col_polestat,GAME/LARA.C,3811,lara_as_hangturnr,combat-camera-context,no,no,no
5074,0aaa76206517,lara_col_polestat,GAME/LARA.C,3817,ANGLE,combat-camera-context,no,no,no
5075,0aaa76206517,lara_col_polestat,GAME/LARA.C,3824,lara_col_hangturnlr,combat-camera-context,no,no,no
5076,0aaa76206517,lara_col_polestat,GAME/LARA.C,3838,GetCollisionInfo,combat-camera-context,no,no,no
5077,0aaa76206517,lara_col_polestat,GAME/LARA.C,3839,MonkeySwingSnap,combat-camera-context,no,no,no
5078,0aaa76206517,lara_col_polestat,GAME/LARA.C,3843,MonkeySwingFall,combat-camera-context,no,no,no
5079,0aaa76206517,lara_col_polestat,GAME/LARA.C,3847,lara_as_hangturnl,combat-camera-context,no,no,no
5080,0aaa76206517,lara_col_polestat,GAME/LARA.C,3853,ANGLE,combat-camera-context,no,no,no
5081,0aaa76206517,lara_col_polestat,GAME/LARA.C,3860,lara_col_monkeyr,combat-camera-context,no,no,no
5082,0aaa76206517,lara_col_polestat,GAME/LARA.C,3864,TestMonkeyRight,combat-camera-context,no,no,no
5083,0aaa76206517,lara_col_polestat,GAME/LARA.C,3866,MonkeySwingSnap,combat-camera-context,no,no,no
5084,0aaa76206517,lara_col_polestat,GAME/LARA.C,3878,MonkeySwingFall,combat-camera-context,no,no,no
5085,0aaa76206517,lara_col_polestat,GAME/LARA.C,3882,lara_as_monkeyr,combat-camera-context,no,no,no
5086,0aaa76206517,lara_col_polestat,GAME/LARA.C,3900,ANGLE,combat-camera-context,no,no,no
5087,0aaa76206517,lara_col_polestat,GAME/LARA.C,3905,ANGLE,combat-camera-context,no,no,no
5088,0aaa76206517,lara_col_polestat,GAME/LARA.C,3909,lara_col_monkeyl,combat-camera-context,no,no,no
5089,0aaa76206517,lara_col_polestat,GAME/LARA.C,3913,TestMonkeyLeft,combat-camera-context,no,no,no
5090,0aaa76206517,lara_col_polestat,GAME/LARA.C,3915,MonkeySwingSnap,combat-camera-context,no,no,no
5091,0aaa76206517,lara_col_polestat,GAME/LARA.C,3927,MonkeySwingFall,combat-camera-context,no,no,no
5092,0aaa76206517,lara_col_polestat,GAME/LARA.C,3931,lara_as_monkeyl,combat-camera-context,no,no,no
5093,0aaa76206517,lara_col_polestat,GAME/LARA.C,3949,ANGLE,combat-camera-context,no,no,no
5094,0aaa76206517,lara_col_polestat,GAME/LARA.C,3954,ANGLE,combat-camera-context,no,no,no
5095,0aaa76206517,lara_col_polestat,GAME/LARA.C,3958,lara_col_monkeyswing,combat-camera-context,no,no,no
5096,0aaa76206517,lara_col_polestat,GAME/LARA.C,3974,GetCollisionInfo,combat-camera-context,no,no,no
5097,0aaa76206517,lara_col_polestat,GAME/LARA.C,3977,ABS,combat-camera-context,no,no,no
5098,0aaa76206517,lara_col_polestat,GAME/LARA.C,3987,ABS,combat-camera-context,no,no,no
5099,0aaa76206517,lara_col_polestat,GAME/LARA.C,3989,ABS,combat-camera-context,no,no,no
5100,0aaa76206517,lara_col_polestat,GAME/LARA.C,3991,ShiftItem,combat-camera-context,no,no,no
5101,0aaa76206517,lara_col_polestat,GAME/LARA.C,3992,ANGLE,combat-camera-context,no,no,no
5102,0aaa76206517,lara_col_polestat,GAME/LARA.C,3997,ShiftItem,combat-camera-context,no,no,no
5103,0aaa76206517,lara_col_polestat,GAME/LARA.C,3998,ANGLE,combat-camera-context,no,no,no
5104,0aaa76206517,lara_col_polestat,GAME/LARA.C,4001,ANGLE,combat-camera-context,no,no,no
5105,0aaa76206517,lara_col_polestat,GAME/LARA.C,4002,MonkeySwingSnap,combat-camera-context,no,no,no
5106,0aaa76206517,lara_col_polestat,GAME/LARA.C,4007,MonkeySwingFall,combat-camera-context,no,no,no
5107,0aaa76206517,lara_col_polestat,GAME/LARA.C,4011,lara_as_monkeyswing,combat-camera-context,no,no,no
5108,0aaa76206517,lara_col_polestat,GAME/LARA.C,4027,LookUpDown,combat-camera-context,no,no,no
5109,0aaa76206517,lara_col_polestat,GAME/LARA.C,4038,ANGLE,combat-camera-context,no,no,no
5110,0aaa76206517,lara_col_polestat,GAME/LARA.C,4039,ANGLE,combat-camera-context,no,no,no
5111,0aaa76206517,lara_col_polestat,GAME/LARA.C,4045,ANGLE,combat-camera-context,no,no,no
5112,0aaa76206517,lara_col_polestat,GAME/LARA.C,4046,ANGLE,combat-camera-context,no,no,no
5113,0aaa76206517,lara_col_polestat,GAME/LARA.C,4050,lara_col_hang2,combat-camera-context,no,no,no
5114,0aaa76206517,lara_col_polestat,GAME/LARA.C,4068,GetCollisionInfo,combat-camera-context,no,no,no
5115,0aaa76206517,lara_col_polestat,GAME/LARA.C,4070,ABS,combat-camera-context,no,no,no
5116,0aaa76206517,lara_col_polestat,GAME/LARA.C,4074,TestMonkeyLeft,combat-camera-context,no,no,no
5117,0aaa76206517,lara_col_polestat,GAME/LARA.C,4078,TestMonkeyRight,combat-camera-context,no,no,no
5118,0aaa76206517,lara_col_polestat,GAME/LARA.C,4091,MonkeySwingSnap,combat-camera-context,no,no,no
5119,0aaa76206517,lara_col_polestat,GAME/LARA.C,4095,LaraHangTest,combat-camera-context,no,no,no
5120,0aaa76206517,lara_col_polestat,GAME/LARA.C,4099,TestForObjectOnLedge,combat-camera-context,no,no,no
5121,0aaa76206517,lara_col_polestat,GAME/LARA.C,4149,lara_as_hang2,combat-camera-context,no,no,no
5122,0aaa76206517,lara_col_polestat,GAME/LARA.C,4167,MonkeySwingFall,combat-camera-context,no,no,no
5123,0aaa76206517,lara_col_polestat,GAME/LARA.C,4170,ANGLE,combat-camera-context,no,no,no
5124,0aaa76206517,lara_col_polestat,GAME/LARA.C,4174,LookUpDown,combat-camera-context,no,no,no
5125,0aaa76206517,lara_col_polestat,GAME/LARA.C,4177,TestMonkeyRight,combat-camera-context,no,no,no
5126,0aaa76206517,lara_col_polestat,GAME/LARA.C,4183,ANGLE,combat-camera-context,no,no,no
5127,0aaa76206517,lara_col_polestat,GAME/LARA.C,4187,GetCollisionInfo,combat-camera-context,no,no,no
5128,0aaa76206517,lara_col_polestat,GAME/LARA.C,4188,ABS,combat-camera-context,no,no,no
5129,0aaa76206517,lara_col_polestat,GAME/LARA.C,4192,GetDirOctant,combat-camera-context,no,no,no
5130,0aaa76206517,lara_col_polestat,GAME/LARA.C,4208,TestMonkeyLeft,combat-camera-context,no,no,no
5131,0aaa76206517,lara_col_polestat,GAME/LARA.C,4214,ANGLE,combat-camera-context,no,no,no
5132,0aaa76206517,lara_col_polestat,GAME/LARA.C,4218,GetCollisionInfo,combat-camera-context,no,no,no
5133,0aaa76206517,lara_col_polestat,GAME/LARA.C,4219,ABS,combat-camera-context,no,no,no
5134,0aaa76206517,lara_col_polestat,GAME/LARA.C,4223,GetDirOctant,combat-camera-context,no,no,no
5135,0aaa76206517,lara_col_polestat,GAME/LARA.C,4240,GetDirOctant,combat-camera-context,no,no,no
5136,0aaa76206517,lara_col_polestat,GAME/LARA.C,4242,ABS,combat-camera-context,no,no,no
5137,0aaa76206517,lara_col_polestat,GAME/LARA.C,4242,ANGLE,combat-camera-context,no,no,no
5138,0aaa76206517,lara_col_polestat,GAME/LARA.C,4242,ABS,combat-camera-context,no,no,no
5139,0aaa76206517,lara_col_polestat,GAME/LARA.C,4242,ANGLE,combat-camera-context,no,no,no
5140,0aaa76206517,lara_col_polestat,GAME/LARA.C,4245,MonkeySwingSnap,combat-camera-context,no,no,no
5141,0aaa76206517,lara_col_polestat,GAME/LARA.C,4249,GetCeiling,combat-camera-context,no,no,no
5142,0aaa76206517,lara_col_polestat,GAME/LARA.C,4249,GetFloor,combat-camera-context,no,no,no
5143,0aaa76206517,lara_col_polestat,GAME/LARA.C,4253,MonkeySwingFall,combat-camera-context,no,no,no
5144,0aaa76206517,lara_col_polestat,GAME/LARA.C,4270,lara_col_dashdive,combat-camera-context,no,no,no
5145,0aaa76206517,lara_col_polestat,GAME/LARA.C,4273,ANGLE,combat-camera-context,no,no,no
5146,0aaa76206517,lara_col_polestat,GAME/LARA.C,4283,GetLaraCollisionInfo,combat-camera-context,no,no,no
5147,0aaa76206517,lara_col_polestat,GAME/LARA.C,4285,LaraDeflectEdgeJump,combat-camera-context,no,no,no
5148,0aaa76206517,lara_col_polestat,GAME/LARA.C,4287,LaraFallen,combat-camera-context,no,no,no
5149,0aaa76206517,lara_col_polestat,GAME/LARA.C,4294,LaraLandedBad,combat-camera-context,no,no,no
5150,0aaa76206517,lara_col_polestat,GAME/LARA.C,4312,AnimateLara,combat-camera-context,no,no,no
5151,0aaa76206517,lara_col_polestat,GAME/LARA.C,4315,ShiftItem,combat-camera-context,no,no,no
5152,0aaa76206517,lara_col_polestat,GAME/LARA.C,4322,lara_as_dashdive,combat-camera-context,no,no,no
5153,0aaa76206517,lara_col_polestat,GAME/LARA.C,4331,lara_col_dash,combat-camera-context,no,no,no
5154,0aaa76206517,lara_col_polestat,GAME/LARA.C,4341,GetLaraCollisionInfo,combat-camera-context,no,no,no
5155,0aaa76206517,lara_col_polestat,GAME/LARA.C,4343,LaraHitCeiling,combat-camera-context,no,no,no
5156,0aaa76206517,lara_col_polestat,GAME/LARA.C,4343,TestLaraVault,combat-camera-context,no,no,no
5157,0aaa76206517,lara_col_polestat,GAME/LARA.C,4345,LaraDeflectEdge,combat-camera-context,no,no,no
5158,0aaa76206517,lara_col_polestat,GAME/LARA.C,4349,TestWall,combat-camera-context,no,no,no
5159,0aaa76206517,lara_col_polestat,GAME/LARA.C,4359,LaraCollideStop,combat-camera-context,no,no,no
5160,0aaa76206517,lara_col_polestat,GAME/LARA.C,4362,LaraFallen,combat-camera-context,no,no,no
5161,0aaa76206517,lara_col_polestat,GAME/LARA.C,4378,TestLaraSlide,combat-camera-context,no,no,no
5162,0aaa76206517,lara_col_polestat,GAME/LARA.C,4394,lara_as_dash,combat-camera-context,no,no,no
5163,0aaa76206517,lara_col_polestat,GAME/LARA.C,4419,ANGLE,combat-camera-context,no,no,no
5164,0aaa76206517,lara_col_polestat,GAME/LARA.C,4420,ANGLE,combat-camera-context,no,no,no
5165,0aaa76206517,lara_col_polestat,GAME/LARA.C,4422,ANGLE,combat-camera-context,no,no,no
5166,0aaa76206517,lara_col_polestat,GAME/LARA.C,4423,ANGLE,combat-camera-context,no,no,no
5167,0aaa76206517,lara_col_polestat,GAME/LARA.C,4424,ANGLE,combat-camera-context,no,no,no
5168,0aaa76206517,lara_col_polestat,GAME/LARA.C,4429,ANGLE,combat-camera-context,no,no,no
5169,0aaa76206517,lara_col_polestat,GAME/LARA.C,4430,ANGLE,combat-camera-context,no,no,no
5170,0aaa76206517,lara_col_polestat,GAME/LARA.C,4432,ANGLE,combat-camera-context,no,no,no
5171,0aaa76206517,lara_col_polestat,GAME/LARA.C,4433,ANGLE,combat-camera-context,no,no,no
5172,0aaa76206517,lara_col_polestat,GAME/LARA.C,4434,ANGLE,combat-camera-context,no,no,no
5173,0aaa76206517,lara_col_polestat,GAME/LARA.C,4457,lara_col_crawl2hang,combat-camera-context,no,no,no
5174,0aaa76206517,lara_col_polestat,GAME/LARA.C,4460,ANGLE,combat-camera-context,no,no,no
5175,0aaa76206517,lara_col_polestat,GAME/LARA.C,4480,GetCollisionInfo,combat-camera-context,no,no,no
5176,0aaa76206517,lara_col_polestat,GAME/LARA.C,4481,LaraTestEdgeCatch,combat-camera-context,no,no,no
5177,0aaa76206517,lara_col_polestat,GAME/LARA.C,4485,LaraTestHangOnClimbWall,combat-camera-context,no,no,no
5178,0aaa76206517,lara_col_polestat,GAME/LARA.C,4489,ABS,combat-camera-context,no,no,no
5179,0aaa76206517,lara_col_polestat,GAME/LARA.C,4489,ANGLE,combat-camera-context,no,no,no
5180,0aaa76206517,lara_col_polestat,GAME/LARA.C,4493,ANGLE,combat-camera-context,no,no,no
5181,0aaa76206517,lara_col_polestat,GAME/LARA.C,4497,ABS,combat-camera-context,no,no,no
5182,0aaa76206517,lara_col_polestat,GAME/LARA.C,4499,ANGLE,combat-camera-context,no,no,no
5183,0aaa76206517,lara_col_polestat,GAME/LARA.C,4503,ANGLE,combat-camera-context,no,no,no
5184,0aaa76206517,lara_col_polestat,GAME/LARA.C,4516,TestHangSwingIn,combat-camera-context,no,no,no
5185,0aaa76206517,lara_col_polestat,GAME/LARA.C,4538,GetBoundsAccurate,combat-camera-context,no,no,no
5186,0aaa76206517,lara_col_polestat,GAME/LARA.C,4564,lara_col_crawlb,combat-camera-context,no,no,no
5187,0aaa76206517,lara_col_polestat,GAME/LARA.C,4578,ANGLE,combat-camera-context,no,no,no
5188,0aaa76206517,lara_col_polestat,GAME/LARA.C,4582,GetCollisionInfo,combat-camera-context,no,no,no
5189,0aaa76206517,lara_col_polestat,GAME/LARA.C,4584,LaraDeflectEdgeDuck,combat-camera-context,no,no,no
5190,0aaa76206517,lara_col_polestat,GAME/LARA.C,4595,LaraFallen,combat-camera-context,no,no,no
5191,0aaa76206517,lara_col_polestat,GAME/LARA.C,4599,TestLaraSlide,combat-camera-context,no,no,no
5192,0aaa76206517,lara_col_polestat,GAME/LARA.C,4601,ShiftItem,combat-camera-context,no,no,no
5193,0aaa76206517,lara_col_polestat,GAME/LARA.C,4610,lara_as_crawlb,combat-camera-context,no,no,no
5194,0aaa76206517,lara_col_polestat,GAME/LARA.C,4620,LookUpDown,combat-camera-context,no,no,no
5195,0aaa76206517,lara_col_polestat,GAME/LARA.C,4628,ANGLE,combat-camera-context,no,no,no
5196,0aaa76206517,lara_col_polestat,GAME/LARA.C,4635,ANGLE,combat-camera-context,no,no,no
5197,0aaa76206517,lara_col_polestat,GAME/LARA.C,4636,ANGLE,combat-camera-context,no,no,no
5198,0aaa76206517,lara_col_polestat,GAME/LARA.C,4641,ANGLE,combat-camera-context,no,no,no
5199,0aaa76206517,lara_col_polestat,GAME/LARA.C,4642,ANGLE,combat-camera-context,no,no,no
5200,0aaa76206517,lara_col_polestat,GAME/LARA.C,4651,lara_as_all4turnr,combat-camera-context,no,no,no
5201,0aaa76206517,lara_col_polestat,GAME/LARA.C,4658,ANGLE,combat-camera-context,no,no,no
5202,0aaa76206517,lara_col_polestat,GAME/LARA.C,4659,ANGLE,combat-camera-context,no,no,no
5203,0aaa76206517,lara_col_polestat,GAME/LARA.C,4666,lara_col_all4turnlr,combat-camera-context,no,no,no
5204,0aaa76206517,lara_col_polestat,GAME/LARA.C,4668,GetCollisionInfo,combat-camera-context,no,no,no
5205,0aaa76206517,lara_col_polestat,GAME/LARA.C,4670,TestLaraSlide,combat-camera-context,no,no,no
5206,0aaa76206517,lara_col_polestat,GAME/LARA.C,4677,lara_as_all4turnl,combat-camera-context,no,no,no
5207,0aaa76206517,lara_col_polestat,GAME/LARA.C,4684,ANGLE,combat-camera-context,no,no,no
5208,0aaa76206517,lara_col_polestat,GAME/LARA.C,4685,ANGLE,combat-camera-context,no,no,no
5209,0aaa76206517,lara_col_polestat,GAME/LARA.C,4692,lara_col_crawl,combat-camera-context,no,no,no
5210,0aaa76206517,lara_col_polestat,GAME/LARA.C,4710,GetCollisionInfo,combat-camera-context,no,no,no
5211,0aaa76206517,lara_col_polestat,GAME/LARA.C,4712,LaraDeflectEdgeDuck,combat-camera-context,no,no,no
5212,0aaa76206517,lara_col_polestat,GAME/LARA.C,4723,LaraFallen,combat-camera-context,no,no,no
5213,0aaa76206517,lara_col_polestat,GAME/LARA.C,4727,TestLaraSlide,combat-camera-context,no,no,no
5214,0aaa76206517,lara_col_polestat,GAME/LARA.C,4729,ShiftItem,combat-camera-context,no,no,no
5215,0aaa76206517,lara_col_polestat,GAME/LARA.C,4736,lara_as_crawl,combat-camera-context,no,no,no
5216,0aaa76206517,lara_col_polestat,GAME/LARA.C,4746,LookUpDown,combat-camera-context,no,no,no
5217,0aaa76206517,lara_col_polestat,GAME/LARA.C,4754,ANGLE,combat-camera-context,no,no,no
5218,0aaa76206517,lara_col_polestat,GAME/LARA.C,4764,ANGLE,combat-camera-context,no,no,no
5219,0aaa76206517,lara_col_polestat,GAME/LARA.C,4765,ANGLE,combat-camera-context,no,no,no
5220,0aaa76206517,lara_col_polestat,GAME/LARA.C,4771,ANGLE,combat-camera-context,no,no,no
5221,0aaa76206517,lara_col_polestat,GAME/LARA.C,4772,ANGLE,combat-camera-context,no,no,no
5222,0aaa76206517,lara_col_polestat,GAME/LARA.C,4781,lara_col_all4s,combat-camera-context,no,no,no
5223,0aaa76206517,lara_col_polestat,GAME/LARA.C,4799,GetCollisionInfo,combat-camera-context,no,no,no
5224,0aaa76206517,lara_col_polestat,GAME/LARA.C,4801,LaraFallen,combat-camera-context,no,no,no
5225,0aaa76206517,lara_col_polestat,GAME/LARA.C,4805,TestLaraSlide,combat-camera-context,no,no,no
5226,0aaa76206517,lara_col_polestat,GAME/LARA.C,4807,ABS,combat-camera-context,no,no,no
5227,0aaa76206517,lara_col_polestat,GAME/LARA.C,4810,ShiftItem,combat-camera-context,no,no,no
5228,0aaa76206517,lara_col_polestat,GAME/LARA.C,4824,ABS,combat-camera-context,no,no,no
5229,0aaa76206517,lara_col_polestat,GAME/LARA.C,4824,LaraFloorFront,combat-camera-context,no,no,no
5230,0aaa76206517,lara_col_polestat,GAME/LARA.C,4829,LaraCeilingFront,combat-camera-context,no,no,no
5231,0aaa76206517,lara_col_polestat,GAME/LARA.C,4840,SIN,combat-camera-context,no,no,no
5232,0aaa76206517,lara_col_polestat,GAME/LARA.C,4840,ANGLE,combat-camera-context,no,no,no
5233,0aaa76206517,lara_col_polestat,GAME/LARA.C,4841,COS,combat-camera-context,no,no,no
5234,0aaa76206517,lara_col_polestat,GAME/LARA.C,4841,ANGLE,combat-camera-context,no,no,no
5235,0aaa76206517,lara_col_polestat,GAME/LARA.C,4843,LaraFloorFront,combat-camera-context,no,no,no
5236,0aaa76206517,lara_col_polestat,GAME/LARA.C,4845,SIN,combat-camera-context,no,no,no
5237,0aaa76206517,lara_col_polestat,GAME/LARA.C,4845,ANGLE,combat-camera-context,no,no,no
5238,0aaa76206517,lara_col_polestat,GAME/LARA.C,4846,COS,combat-camera-context,no,no,no
5239,0aaa76206517,lara_col_polestat,GAME/LARA.C,4846,ANGLE,combat-camera-context,no,no,no
5240,0aaa76206517,lara_col_polestat,GAME/LARA.C,4848,LaraFloorFront,combat-camera-context,no,no,no
5241,0aaa76206517,lara_col_polestat,GAME/LARA.C,4854,LaraFloorFront,combat-camera-context,no,no,no
5242,0aaa76206517,lara_col_polestat,GAME/LARA.C,4856,ABS,combat-camera-context,no,no,no
5243,0aaa76206517,lara_col_polestat,GAME/LARA.C,4871,SIN,combat-camera-context,no,no,no
5244,0aaa76206517,lara_col_polestat,GAME/LARA.C,4872,SIN,combat-camera-context,no,no,no
5245,0aaa76206517,lara_col_polestat,GAME/LARA.C,4874,GetCollidedObjects,combat-camera-context,no,no,no
5246,0aaa76206517,lara_col_polestat,GAME/LARA.C,4875,S_Warn,combat-camera-context,no,no,no
5247,0aaa76206517,lara_col_polestat,GAME/LARA.C,4876,GetCollidedObjects,combat-camera-context,no,no,no
5248,0aaa76206517,lara_col_polestat,GAME/LARA.C,4883,ANGLE,combat-camera-context,no,no,no
5249,0aaa76206517,lara_col_polestat,GAME/LARA.C,4883,ANGLE,combat-camera-context,no,no,no
5250,0aaa76206517,lara_col_polestat,GAME/LARA.C,4890,ANGLE,combat-camera-context,no,no,no
5251,0aaa76206517,lara_col_polestat,GAME/LARA.C,4894,ANGLE,combat-camera-context,no,no,no
5252,0aaa76206517,lara_col_polestat,GAME/LARA.C,4898,ANGLE,combat-camera-context,no,no,no
5253,0aaa76206517,lara_col_polestat,GAME/LARA.C,4940,lara_as_all4s,combat-camera-context,no,no,no
5254,0aaa76206517,lara_col_polestat,GAME/LARA.C,4951,LaraFloorFront,combat-camera-context,no,no,no
5255,0aaa76206517,lara_col_polestat,GAME/LARA.C,4952,LaraCeilingFront,combat-camera-context,no,no,no
5256,0aaa76206517,lara_col_polestat,GAME/LARA.C,4953,LaraCeilingFront,combat-camera-context,no,no,no
5257,0aaa76206517,lara_col_polestat,GAME/LARA.C,4964,SIN,combat-camera-context,no,no,no
5258,0aaa76206517,lara_col_polestat,GAME/LARA.C,4966,COS,combat-camera-context,no,no,no
5259,0aaa76206517,lara_col_polestat,GAME/LARA.C,4968,LOS,combat-camera-context,no,no,no
5260,0aaa76206517,lara_col_polestat,GAME/LARA.C,4970,ObjectOnLOS2,combat-camera-context,no,no,no
5261,0aaa76206517,lara_col_polestat,GAME/LARA.C,4983,LookUpDown,combat-camera-context,no,no,no
5262,0aaa76206517,lara_col_polestat,GAME/LARA.C,4994,ANGLE,combat-camera-context,no,no,no
5263,0aaa76206517,lara_col_polestat,GAME/LARA.C,4997,lara_col_duck,combat-camera-context,no,no,no
5264,0aaa76206517,lara_col_polestat,GAME/LARA.C,5008,GetCollisionInfo,combat-camera-context,no,no,no
5265,0aaa76206517,lara_col_polestat,GAME/LARA.C,5010,LaraFallen,combat-camera-context,no,no,no
5266,0aaa76206517,lara_col_polestat,GAME/LARA.C,5017,TestLaraSlide,combat-camera-context,no,no,no
5267,0aaa76206517,lara_col_polestat,GAME/LARA.C,5029,ShiftItem,combat-camera-context,no,no,no
5268,0aaa76206517,lara_col_polestat,GAME/LARA.C,5088,lara_as_duck,combat-camera-context,no,no,no
5269,0aaa76206517,lara_col_polestat,GAME/LARA.C,5102,LookUpDown,combat-camera-context,no,no,no
5270,0aaa76206517,lara_col_polestat,GAME/LARA.C,5138,lara_col_ducklr,combat-camera-context,no,no,no
5271,0aaa76206517,lara_col_polestat,GAME/LARA.C,5151,GetCollisionInfo,combat-camera-context,no,no,no
5272,0aaa76206517,lara_col_polestat,GAME/LARA.C,5153,LaraFallen,combat-camera-context,no,no,no
5273,0aaa76206517,lara_col_polestat,GAME/LARA.C,5157,TestLaraSlide,combat-camera-context,no,no,no
5274,0aaa76206517,lara_col_polestat,GAME/LARA.C,5164,ShiftItem,combat-camera-context,no,no,no
5275,0aaa76206517,lara_col_polestat,GAME/LARA.C,5171,lara_as_duckr,combat-camera-context,no,no,no
5276,0aaa76206517,lara_col_polestat,GAME/LARA.C,5176,ANGLE,combat-camera-context,no,no,no
5277,0aaa76206517,lara_col_polestat,GAME/LARA.C,5179,lara_as_duckl,combat-camera-context,no,no,no
5278,0aaa76206517,lara_col_polestat,GAME/LARA.C,5184,ANGLE,combat-camera-context,no,no,no
5279,0aaa76206517,lara_col_polestat,GAME/LARA.C,5187,LaraAboveWater,combat-camera-context,no,no,no
5280,0aaa76206517,lara_col_polestat,GAME/LARA.C,5208,LookLeftRight,combat-camera-context,no,no,no
5281,0aaa76206517,lara_col_polestat,GAME/LARA.C,5210,ResetLook,combat-camera-context,no,no,no
5282,0aaa76206517,lara_col_polestat,GAME/LARA.C,5214,CLAMPADD2,combat-camera-context,no,no,no
5283,0aaa76206517,lara_col_polestat,GAME/LARA.C,5214,ANGLE,combat-camera-context,no,no,no
5284,0aaa76206517,lara_col_polestat,GAME/LARA.C,5214,ANGLE,combat-camera-context,no,no,no
5285,0aaa76206517,lara_col_polestat,GAME/LARA.C,5215,CLAMPADD2,combat-camera-context,no,no,no
5286,0aaa76206517,lara_col_polestat,GAME/LARA.C,5215,ANGLE,combat-camera-context,no,no,no
5287,0aaa76206517,lara_col_polestat,GAME/LARA.C,5215,ANGLE,combat-camera-context,no,no,no
5288,0aaa76206517,lara_col_polestat,GAME/LARA.C,5218,AnimateLara,combat-camera-context,no,no,no
5289,0aaa76206517,lara_col_polestat,GAME/LARA.C,5219,LaraBaddieCollision,combat-camera-context,no,no,no
5290,0aaa76206517,lara_col_polestat,GAME/LARA.C,5221,UpdateLaraRoom,combat-camera-context,no,no,no
5291,0aaa76206517,lara_col_polestat,GAME/LARA.C,5228,LaraGun,combat-camera-context,no,no,no
5292,0aaa76206517,lara_col_polestat,GAME/LARA.C,5230,TestTriggers,combat-camera-context,no,no,no
5293,0aaa76206517,lara_col_polestat,GAME/LARA.C,5233,TestHangSwingIn,combat-camera-context,no,no,no
5294,0aaa76206517,lara_col_polestat,GAME/LARA.C,5242,ANGLE,combat-camera-context,no,no,no
5295,0aaa76206517,lara_col_polestat,GAME/LARA.C,5246,ANGLE,combat-camera-context,no,no,no
5296,0aaa76206517,lara_col_polestat,GAME/LARA.C,5250,ANGLE,combat-camera-context,no,no,no
5297,0aaa76206517,lara_col_polestat,GAME/LARA.C,5259,GetFloor,combat-camera-context,no,no,no
5298,0aaa76206517,lara_col_polestat,GAME/LARA.C,5260,GetHeight,combat-camera-context,no,no,no
5299,0aaa76206517,lara_col_polestat,GAME/LARA.C,5261,GetCeiling,combat-camera-context,no,no,no
5300,0aaa76206517,lara_col_polestat,GAME/LARA.C,5266,LaraHangLeftCornerTest,combat-camera-context,no,no,no
5301,0aaa76206517,lara_col_polestat,GAME/LARA.C,5268,UNIMPLEMENTED,combat-camera-context,no,no,no
5302,0aaa76206517,lara_col_polestat,GAME/LARA.C,5272,LaraHangRightCornerTest,combat-camera-context,no,no,no
5303,0aaa76206517,lara_col_polestat,GAME/LARA.C,5274,UNIMPLEMENTED,combat-camera-context,no,no,no
5304,0aaa76206517,lara_col_polestat,GAME/LARA.C,5278,IsValidHangPos,combat-camera-context,no,no,no
5305,0aaa76206517,lara_col_polestat,GAME/LARA.C,5280,LaraFloorFront,combat-camera-context,no,no,no
5306,0aaa76206517,lara_col_polestat,GAME/LARA.C,5283,ANGLE,combat-camera-context,no,no,no
5307,0aaa76206517,lara_col_polestat,GAME/LARA.C,5283,ANGLE,combat-camera-context,no,no,no
5308,0aaa76206517,lara_col_polestat,GAME/LARA.C,5307,GetLaraCollisionInfo,combat-camera-context,no,no,no
5309,0aaa76206517,lara_col_polestat,GAME/LARA.C,5312,ABS,combat-camera-context,no,no,no
5310,0aaa76206517,lara_col_polestat,GAME/LARA.C,5315,LaraHangTest,combat-camera-context,no,no,no
5311,0aaa76206517,lara_col_polestat,GAME/LARA.C,5336,ANGLE,combat-camera-context,no,no,no
5312,0aaa76206517,lara_col_polestat,GAME/LARA.C,5340,ANGLE,combat-camera-context,no,no,no
5313,0aaa76206517,lara_col_polestat,GAME/LARA.C,5349,LaraFloorFront,combat-camera-context,no,no,no
5314,0aaa76206517,lara_col_polestat,GAME/LARA.C,5357,LaraCeilingFront,combat-camera-context,no,no,no
5315,0aaa76206517,lara_col_polestat,GAME/LARA.C,5358,ANGLE,combat-camera-context,no,no,no
5316,0aaa76206517,lara_col_polestat,GAME/LARA.C,5392,GetLaraCollisionInfo,combat-camera-context,no,no,no
5317,0aaa76206517,lara_col_polestat,GAME/LARA.C,5421,LaraTestHangOnClimbWall,combat-camera-context,no,no,no
5318,0aaa76206517,lara_col_polestat,GAME/LARA.C,5426,SnapLaraToEdgeOfBlock,combat-camera-context,no,no,no
5319,0aaa76206517,lara_col_polestat,GAME/LARA.C,5451,LaraTestClimbStance,combat-camera-context,no,no,no
5320,0aaa76206517,lara_col_polestat,GAME/LARA.C,5471,GetBoundsAccurate,combat-camera-context,no,no,no
5321,0aaa76206517,lara_col_polestat,GAME/LARA.C,5476,GetBoundsAccurate,combat-camera-context,no,no,no
5322,0aaa76206517,lara_col_polestat,GAME/LARA.C,5501,GetBoundsAccurate,combat-camera-context,no,no,no
5323,0aaa76206517,lara_col_polestat,GAME/LARA.C,5504,GetBoundsAccurate,combat-camera-context,no,no,no
5324,0aaa76206517,lara_col_polestat,GAME/LARA.C,5536,GetClimbTrigger,combat-camera-context,no,no,no
5325,0aaa76206517,lara_col_polestat,GAME/LARA.C,5538,LaraTestHangOnClimbWall,combat-camera-context,no,no,no
5326,0aaa76206517,lara_col_polestat,GAME/LARA.C,5630,SnapLaraToEdgeOfBlock,combat-camera-context,no,no,no
5327,0aaa76206517,lara_col_polestat,GAME/LARA.C,5673,LaraTestHangOnClimbWall,combat-camera-context,no,no,no
5328,0aaa76206517,lara_col_polestat,GAME/LARA.C,5684,ANGLE,combat-camera-context,no,no,no
5329,0aaa76206517,lara_col_polestat,GAME/LARA.C,5700,GetBoundsAccurate,combat-camera-context,no,no,no
5330,0aaa76206517,lara_col_polestat,GAME/LARA.C,5704,LaraCeilingFront,combat-camera-context,no,no,no
5331,0aaa76206517,lara_col_polestat,GAME/LARA.C,5705,LaraCeilingFront,combat-camera-context,no,no,no
5332,0aaa76206517,lara_col_polestat,GAME/LARA.C,5707,ABS,combat-camera-context,no,no,no
5333,0aaa76206517,lara_col_polestat,GAME/LARA.C,5711,LaraTestClimbPos,combat-camera-context,no,no,no
5334,0aaa76206517,lara_col_polestat,GAME/LARA.C,5712,LaraTestClimbPos,combat-camera-context,no,no,no
5335,0aaa76206517,lara_col_polestat,GAME/LARA.C,5714,LaraTestClimbPos,combat-camera-context,no,no,no
5336,0aaa76206517,lara_col_polestat,GAME/LARA.C,5730,LaraSlideEdgeJump,combat-camera-context,no,no,no
5337,0aaa76206517,lara_col_polestat,GAME/LARA.C,5732,ShiftItem,combat-camera-context,no,no,no
5338,0aaa76206517,lara_col_polestat,GAME/LARA.C,5737,ANGLE,combat-camera-context,no,no,no
5339,0aaa76206517,lara_col_polestat,GAME/LARA.C,5741,ANGLE,combat-camera-context,no,no,no
5340,0aaa76206517,lara_col_polestat,GAME/LARA.C,5751,COS,combat-camera-context,no,no,no
5341,0aaa76206517,lara_col_polestat,GAME/LARA.C,5752,SIN,combat-camera-context,no,no,no
5342,0aaa76206517,lara_col_polestat,GAME/LARA.C,5765,LaraDeflectEdgeJump,combat-camera-context,no,no,no
5343,0aaa76206517,lara_col_polestat,GAME/LARA.C,5767,ShiftItem,combat-camera-context,no,no,no
5344,0aaa76206517,lara_col_polestat,GAME/LARA.C,5796,ANGLE,combat-camera-context,no,no,no
5345,0aaa76206517,lara_col_polestat,GAME/LARA.C,5809,ANGLE,combat-camera-context,no,no,no
5346,0aaa76206517,lara_col_polestat,GAME/LARA.C,5812,ANGLE,combat-camera-context,no,no,no
5347,0aaa76206517,lara_col_polestat,GAME/LARA.C,5815,SIN,combat-camera-context,no,no,no
5348,0aaa76206517,lara_col_polestat,GAME/LARA.C,5816,COS,combat-camera-context,no,no,no
5349,0aaa76206517,lara_col_polestat,GAME/LARA.C,5828,lara_slide_slope,combat-camera-context,no,no,no
5350,0aaa76206517,lara_col_polestat,GAME/LARA.C,5834,GetLaraCollisionInfo,combat-camera-context,no,no,no
5351,0aaa76206517,lara_col_polestat,GAME/LARA.C,5836,LaraHitCeiling,combat-camera-context,no,no,no
5352,0aaa76206517,lara_col_polestat,GAME/LARA.C,5838,LaraDeflectEdge,combat-camera-context,no,no,no
5353,0aaa76206517,lara_col_polestat,GAME/LARA.C,5842,TestLaraSlide,combat-camera-context,no,no,no
5354,0aaa76206517,lara_col_polestat,GAME/LARA.C,5846,ABS,combat-camera-context,no,no,no
5355,0aaa76206517,lara_col_polestat,GAME/LARA.C,5846,ABS,combat-camera-context,no,no,no
5356,0aaa76206517,lara_col_polestat,GAME/LARA.C,5849,StopSoundEffect,combat-camera-context,no,no,no
5357,0aaa76206517,lara_col_polestat,GAME/LARA.C,5871,StopSoundEffect,combat-camera-context,no,no,no
5358,0aaa76206517,lara_col_polestat,GAME/LARA.C,5879,LaraCollideStop,combat-camera-context,no,no,no
5359,0aaa76206517,lara_col_polestat,GAME/LARA.C,5902,AnimateLara,combat-camera-context,no,no,no
5360,0aaa76206517,lara_col_polestat,GAME/LARA.C,5911,TestWall,combat-camera-context,no,no,no
5361,0aaa76206517,lara_col_polestat,GAME/LARA.C,5917,ANGLE,combat-camera-context,no,no,no
5362,0aaa76206517,lara_col_polestat,GAME/LARA.C,5923,ANGLE,combat-camera-context,no,no,no
5363,0aaa76206517,lara_col_polestat,GAME/LARA.C,5941,GetFloor,combat-camera-context,no,no,no
5364,0aaa76206517,lara_col_polestat,GAME/LARA.C,5943,ANGLE,combat-camera-context,no,no,no
5365,0aaa76206517,lara_col_polestat,GAME/LARA.C,5961,GetFloor,combat-camera-context,no,no,no
5366,0aaa76206517,lara_col_polestat,GAME/LARA.C,5962,GetHeight,combat-camera-context,no,no,no
5367,0aaa76206517,lara_col_polestat,GAME/LARA.C,5963,GetCeiling,combat-camera-context,no,no,no
5368,0aaa76206517,lara_col_polestat,GAME/LARA.C,5974,TestLaraVault,combat-camera-context,no,no,no
5369,0aaa76206517,lara_col_polestat,GAME/LARA.C,6303,var_8,combat-camera-context,no,no,no
5370,0aaa76206517,lara_col_polestat,GAME/LARA.C,6304,var_C,combat-camera-context,no,no,no
5371,0aaa76206517,lara_col_polestat,GAME/LARA.C,6305,var_10,combat-camera-context,no,no,no
5372,0aaa76206517,lara_col_polestat,GAME/LARA.C,6306,var_14,combat-camera-context,no,no,no
5373,0aaa76206517,lara_col_polestat,GAME/LARA.C,6307,var_18,combat-camera-context,no,no,no
5374,0aaa76206517,lara_col_polestat,GAME/LARA.C,6314,LaraTestClimbStance,combat-camera-context,no,no,no
5375,0aaa76206517,lara_col_polestat,GAME/LARA.C,6318,LaraTestClimbPos,combat-camera-context,no,no,no
5376,0aaa76206517,lara_col_polestat,GAME/LARA.C,6321,LaraTestClimbPos,combat-camera-context,no,no,no
5377,0aaa76206517,lara_col_polestat,GAME/LARA.C,6333,SIGN,combat-camera-context,no,no,no
5378,0aaa76206517,lara_col_polestat,GAME/LARA.C,6333,SIGN,combat-camera-context,no,no,no
5379,0aaa76206517,lara_col_polestat,GAME/LARA.C,6334,ABS,combat-camera-context,no,no,no
5380,0aaa76206517,lara_col_polestat,GAME/LARA.C,6334,ABS,combat-camera-context,no,no,no
5381,0aaa76206517,lara_col_polestat,GAME/LARA.C,6351,LaraTestEdgeCatch,combat-camera-context,no,no,no
5382,0aaa76206517,lara_col_polestat,GAME/LARA.C,6356,GetBoundsAccurate,combat-camera-context,no,no,no
5383,0aaa76206517,lara_col_polestat,GAME/LARA.C,6398,LaraDeflectEdgeDuck,combat-camera-context,no,no,no
5384,0aaa76206517,lara_col_polestat,GAME/LARA.C,6402,ShiftItem,combat-camera-context,no,no,no
5385,0aaa76206517,lara_col_polestat,GAME/LARA.C,6411,ShiftItem,combat-camera-context,no,no,no
5386,0aaa76206517,lara_col_polestat,GAME/LARA.C,6412,ANGLE,combat-camera-context,no,no,no
5387,0aaa76206517,lara_col_polestat,GAME/LARA.C,6416,ShiftItem,combat-camera-context,no,no,no
5388,0aaa76206517,lara_col_polestat,GAME/LARA.C,6417,ANGLE,combat-camera-context,no,no,no
5389,0aaa76206517,lara_col_polestat,GAME/LARA.C,6423,LaraDeflectEdge,combat-camera-context,no,no,no
5390,0aaa76206517,lara_col_polestat,GAME/LARA.C,6427,ShiftItem,combat-camera-context,no,no,no
5391,0aaa76206517,lara_col_polestat,GAME/LARA.C,6437,ShiftItem,combat-camera-context,no,no,no
5392,0aaa76206517,lara_col_polestat,GAME/LARA.C,6438,ANGLE,combat-camera-context,no,no,no
5393,0aaa76206517,lara_col_polestat,GAME/LARA.C,6445,ShiftItem,combat-camera-context,no,no,no
5394,0aaa76206517,lara_col_polestat,GAME/LARA.C,6446,ANGLE,combat-camera-context,no,no,no
5395,0aaa76206517,lara_col_polestat,GAME/LARA.C,6452,LaraHitCeiling,combat-camera-context,no,no,no
5396,0aaa76206517,lara_col_polestat,GAME/LARA.C,6478,LaraLandedBad,combat-camera-context,no,no,no
5397,0aaa76206517,lara_col_polestat,GAME/LARA.C,6499,LaraFallen,combat-camera-context,no,no,no
5398,0aaa76206517,lara_col_polestat,GAME/LARA.C,6517,TestLaraSlide,combat-camera-context,no,no,no
5399,0aaa76206517,lara_col_polestat,GAME/LARA.C,6523,ABS,combat-camera-context,no,no,no
5400,0aaa76206517,lara_col_polestat,GAME/LARA.C,6523,ABS,combat-camera-context,no,no,no
5401,0aaa76206517,lara_col_polestat,GAME/LARA.C,6527,ANGLE,combat-camera-context,no,no,no
5402,0aaa76206517,lara_col_polestat,GAME/LARA.C,6529,ANGLE,combat-camera-context,no,no,no
5403,0aaa76206517,lara_col_polestat,GAME/LARA.C,6531,ABS,combat-camera-context,no,no,no
5404,0aaa76206517,lara_col_polestat,GAME/LARA.C,6532,ANGLE,combat-camera-context,no,no,no
5405,0aaa76206517,lara_col_polestat,GAME/LARA.C,6533,ABS,combat-camera-context,no,no,no
5406,0aaa76206517,lara_col_polestat,GAME/LARA.C,6538,ShiftItem,combat-camera-context,no,no,no
5407,0aaa76206517,lara_col_polestat,GAME/LARA.C,6570,LaraCeilingFront,combat-camera-context,no,no,no
5408,0aaa76206517,lara_col_polestat,GAME/LARA.C,6582,SIN,combat-camera-context,no,no,no
5409,0aaa76206517,lara_col_polestat,GAME/LARA.C,6583,COS,combat-camera-context,no,no,no
5410,0aaa76206517,lara_col_polestat,GAME/LARA.C,6585,GetCeiling,combat-camera-context,no,no,no
5411,0aaa76206517,lara_col_polestat,GAME/LARA.C,6585,GetFloor,combat-camera-context,no,no,no
5412,0aaa76206517,lara_col_polestat,GAME/LARA.C,6597,SIN,combat-camera-context,no,no,no
5413,0aaa76206517,lara_col_polestat,GAME/LARA.C,6599,COS,combat-camera-context,no,no,no
5414,0aaa76206517,lara_col_polestat,GAME/LARA.C,6601,GetHeight,combat-camera-context,no,no,no
5415,0aaa76206517,lara_col_polestat,GAME/LARA.C,6601,GetFloor,combat-camera-context,no,no,no
5416,0aaa76206517,lara_col_polestat,GAME/LARA.C,6610,LaraFloorFront,combat-camera-context,no,no,no
5417,0aaa76206517,lara_col_polestat,GAME/LARA.C,6621,SIN,combat-camera-context,no,no,no
5418,0aaa76206517,lara_col_polestat,GAME/LARA.C,6622,COS,combat-camera-context,no,no,no
5419,0aaa76206517,lara_col_polestat,GAME/LARA.C,6625,GetHeight,combat-camera-context,no,no,no
5420,0aaa76206517,lara_col_polestat,GAME/LARA.C,6625,GetFloor,combat-camera-context,no,no,no
5421,0aaa76206517,lara_col_polestat,GAME/LARA.C,6637,SIN,combat-camera-context,no,no,no
5422,0aaa76206517,lara_col_polestat,GAME/LARA.C,6639,COS,combat-camera-context,no,no,no
5423,0aaa76206517,lara_col_polestat,GAME/LARA.C,6641,GetHeight,combat-camera-context,no,no,no
5424,0aaa76206517,lara_col_polestat,GAME/LARA.C,6641,GetFloor,combat-camera-context,no,no,no
5425,0aaa76206517,lara_col_polestat,GAME/LARA.C,6650,GetLaraCollisionInfo,combat-camera-context,no,no,no
5426,0aaa76206517,lara_col_polestat,GAME/LARA.C,6653,GetCollisionInfo,combat-camera-context,no,no,no
5427,0aaa76206517,lara_col_polestat,GAME/LARA.C,6657,GetLaraJointPos,combat-camera-context,no,no,no
5428,0aaa76206517,lara_col_polestat,GAME/LARA.C,6659,phd_PushMatrix,combat-camera-context,no,no,no
5429,0aaa76206517,lara_col_polestat,GAME/LARA.C,6674,mTranslateXYZ,combat-camera-context,no,no,no
5430,0aaa76206517,lara_col_polestat,GAME/LARA.C,6684,mPopMatrix,combat-camera-context,no,no,no
5431,0aaa76206517,lara_col_polestat,GAME/LARA.C,6689,AnimateLara,combat-camera-context,no,no,no
5432,0aaa76206517,lara_col_polestat,GAME/LARA.C,6691,UNIMPLEMENTED,combat-camera-context,no,no,no
5433,0aaa76206517,lara_col_polestat,GAME/LARA.C,6695,SetLaraUnderwaterNodes,combat-camera-context,no,no,no
5434,0aaa76206517,lara_col_polestat,GAME/LARA.C,6711,GetFloor,combat-camera-context,no,no,no
5435,0aaa76206517,lara_col_polestat,GAME/LARA.C,6718,GetLaraJointPos,combat-camera-context,no,no,no
5436,0aaa76206517,lara_col_polestat,GAME/LARA.C,6728,GetFloor,combat-camera-context,no,no,no
5437,0aaa76206517,lara_col_polestat,GAME/LARA.C,6755,SetPendulumVelocity,combat-camera-context,no,no,no
5438,0aaa76206517,lara_col_polestat,GAME/LARA.C,6771,LaraClimbRope,combat-camera-context,no,no,no
5439,0aaa76206517,lara_col_polestat,GAME/LARA.C,6773,UNIMPLEMENTED,combat-camera-context,no,no,no
5440,0aaa76206517,lara_col_polestat,GAME/LARA.C,6776,FireChaff,combat-camera-context,no,no,no
5441,0aaa76206517,lara_col_polestat,GAME/LARA.C,6778,UNIMPLEMENTED,combat-camera-context,no,no,no
5442,0aaa76206517,lara_col_polestat,GAME/LARA.C,6781,GetLaraJointPosRot,combat-camera-context,no,no,no
5443,0aaa76206517,lara_col_polestat,GAME/LARA.C,6783,UNIMPLEMENTED,combat-camera-context,no,no,no
5444,0aaa76206517,lara_col_polestat,GAME/LARA.C,6786,DoSubsuitStuff,combat-camera-context,no,no,no
5445,0aaa76206517,lara_col_polestat,GAME/LARA.C,6788,UNIMPLEMENTED,combat-camera-context,no,no,no
5446,0aaa76206517,lara_col_poleup,GAME/LARA.C,55,void,combat-camera-context,no,no,no
5447,0aaa76206517,lara_col_poleup,GAME/LARA.C,198,void,combat-camera-context,no,no,no
5448,0aaa76206517,lara_col_poleup,GAME/LARA.C,341,lara_as_pbleapoff,combat-camera-context,no,no,no
5449,0aaa76206517,lara_col_poleup,GAME/LARA.C,366,SIN,combat-camera-context,no,no,no
5450,0aaa76206517,lara_col_poleup,GAME/LARA.C,367,COS,combat-camera-context,no,no,no
5451,0aaa76206517,lara_col_poleup,GAME/LARA.C,377,lara_as_parallelbars,combat-camera-context,no,no,no
5452,0aaa76206517,lara_col_poleup,GAME/LARA.C,385,lara_as_trfall,combat-camera-context,no,no,no
5453,0aaa76206517,lara_col_poleup,GAME/LARA.C,396,GetLaraJointPos,combat-camera-context,no,no,no
5454,0aaa76206517,lara_col_poleup,GAME/LARA.C,456,GetRandomControl,combat-camera-context,no,no,no
5455,0aaa76206517,lara_col_poleup,GAME/LARA.C,462,lara_as_trwalk,combat-camera-context,no,no,no
5456,0aaa76206517,lara_col_poleup,GAME/LARA.C,472,GetHeight,combat-camera-context,no,no,no
5457,0aaa76206517,lara_col_poleup,GAME/LARA.C,472,GetFloor,combat-camera-context,no,no,no
5458,0aaa76206517,lara_col_poleup,GAME/LARA.C,481,GetTighRopeFallOff,combat-camera-context,no,no,no
5459,0aaa76206517,lara_col_poleup,GAME/LARA.C,488,LookUpDown,combat-camera-context,no,no,no
5460,0aaa76206517,lara_col_poleup,GAME/LARA.C,500,lara_as_trpose,combat-camera-context,no,no,no
5461,0aaa76206517,lara_col_poleup,GAME/LARA.C,503,LookUpDown,combat-camera-context,no,no,no
5462,0aaa76206517,lara_col_poleup,GAME/LARA.C,505,GetTighRopeFallOff,combat-camera-context,no,no,no
5463,0aaa76206517,lara_col_poleup,GAME/LARA.C,510,GetRandomControl,combat-camera-context,no,no,no
5464,0aaa76206517,lara_col_poleup,GAME/LARA.C,528,GetTighRopeFallOff,combat-camera-context,no,no,no
5465,0aaa76206517,lara_col_poleup,GAME/LARA.C,535,GetTighRopeFallOff,combat-camera-context,no,no,no
5466,0aaa76206517,lara_col_poleup,GAME/LARA.C,545,GetRandomControl,combat-camera-context,no,no,no
5467,0aaa76206517,lara_col_poleup,GAME/LARA.C,546,GetRandomControl,combat-camera-context,no,no,no
5468,0aaa76206517,lara_col_poleup,GAME/LARA.C,549,LookLeftRight,combat-camera-context,no,no,no
5469,0aaa76206517,lara_col_poleup,GAME/LARA.C,555,ANGLE,combat-camera-context,no,no,no
5470,0aaa76206517,lara_col_poleup,GAME/LARA.C,558,ANGLE,combat-camera-context,no,no,no
5471,0aaa76206517,lara_col_poleup,GAME/LARA.C,560,ANGLE,combat-camera-context,no,no,no
5472,0aaa76206517,lara_col_poleup,GAME/LARA.C,566,ANGLE,combat-camera-context,no,no,no
5473,0aaa76206517,lara_col_poleup,GAME/LARA.C,569,ANGLE,combat-camera-context,no,no,no
5474,0aaa76206517,lara_col_poleup,GAME/LARA.C,571,ANGLE,combat-camera-context,no,no,no
5475,0aaa76206517,lara_col_poleup,GAME/LARA.C,578,LookUpDown,combat-camera-context,no,no,no
5476,0aaa76206517,lara_col_poleup,GAME/LARA.C,584,ANGLE,combat-camera-context,no,no,no
5477,0aaa76206517,lara_col_poleup,GAME/LARA.C,587,ANGLE,combat-camera-context,no,no,no
5478,0aaa76206517,lara_col_poleup,GAME/LARA.C,589,ANGLE,combat-camera-context,no,no,no
5479,0aaa76206517,lara_col_poleup,GAME/LARA.C,595,ANGLE,combat-camera-context,no,no,no
5480,0aaa76206517,lara_col_poleup,GAME/LARA.C,598,ANGLE,combat-camera-context,no,no,no
5481,0aaa76206517,lara_col_poleup,GAME/LARA.C,600,ANGLE,combat-camera-context,no,no,no
5482,0aaa76206517,lara_col_poleup,GAME/LARA.C,607,ResetLook,combat-camera-context,no,no,no
5483,0aaa76206517,lara_col_poleup,GAME/LARA.C,611,ANGLE,combat-camera-context,no,no,no
5484,0aaa76206517,lara_col_poleup,GAME/LARA.C,611,ANGLE,combat-camera-context,no,no,no
5485,0aaa76206517,lara_col_poleup,GAME/LARA.C,616,ANGLE,combat-camera-context,no,no,no
5486,0aaa76206517,lara_col_poleup,GAME/LARA.C,616,ANGLE,combat-camera-context,no,no,no
5487,0aaa76206517,lara_col_poleup,GAME/LARA.C,636,lara_col_jumper,combat-camera-context,no,no,no
5488,0aaa76206517,lara_col_poleup,GAME/LARA.C,642,GetLaraCollisionInfo,combat-camera-context,no,no,no
5489,0aaa76206517,lara_col_poleup,GAME/LARA.C,643,LaraDeflectEdgeJump,combat-camera-context,no,no,no
5490,0aaa76206517,lara_col_poleup,GAME/LARA.C,647,LaraLandedBad,combat-camera-context,no,no,no
5491,0aaa76206517,lara_col_poleup,GAME/LARA.C,660,lara_default_col,combat-camera-context,no,no,no
5492,0aaa76206517,lara_col_poleup,GAME/LARA.C,668,GetLaraCollisionInfo,combat-camera-context,no,no,no
5493,0aaa76206517,lara_col_poleup,GAME/LARA.C,671,lara_col_wade,combat-camera-context,no,no,no
5494,0aaa76206517,lara_col_poleup,GAME/LARA.C,681,GetLaraCollisionInfo,combat-camera-context,no,no,no
5495,0aaa76206517,lara_col_poleup,GAME/LARA.C,683,LaraHitCeiling,combat-camera-context,no,no,no
5496,0aaa76206517,lara_col_poleup,GAME/LARA.C,683,TestLaraVault,combat-camera-context,no,no,no
5497,0aaa76206517,lara_col_poleup,GAME/LARA.C,685,LaraDeflectEdge,combat-camera-context,no,no,no
5498,0aaa76206517,lara_col_poleup,GAME/LARA.C,708,LaraCollideStop,combat-camera-context,no,no,no
5499,0aaa76206517,lara_col_poleup,GAME/LARA.C,737,lara_col_fastdive,combat-camera-context,no,no,no
5500,0aaa76206517,lara_col_poleup,GAME/LARA.C,745,GetLaraCollisionInfo,combat-camera-context,no,no,no
5501,0aaa76206517,lara_col_poleup,GAME/LARA.C,746,LaraDeflectEdgeJump,combat-camera-context,no,no,no
5502,0aaa76206517,lara_col_poleup,GAME/LARA.C,763,lara_col_swandive,combat-camera-context,no,no,no
5503,0aaa76206517,lara_col_poleup,GAME/LARA.C,771,GetLaraCollisionInfo,combat-camera-context,no,no,no
5504,0aaa76206517,lara_col_poleup,GAME/LARA.C,772,LaraDeflectEdgeJump,combat-camera-context,no,no,no
5505,0aaa76206517,lara_col_poleup,GAME/LARA.C,786,lara_col_roll2,combat-camera-context,no,no,no
5506,0aaa76206517,lara_col_poleup,GAME/LARA.C,793,ANGLE,combat-camera-context,no,no,no
5507,0aaa76206517,lara_col_poleup,GAME/LARA.C,801,GetLaraCollisionInfo,combat-camera-context,no,no,no
5508,0aaa76206517,lara_col_poleup,GAME/LARA.C,803,LaraHitCeiling,combat-camera-context,no,no,no
5509,0aaa76206517,lara_col_poleup,GAME/LARA.C,803,TestLaraSlide,combat-camera-context,no,no,no
5510,0aaa76206517,lara_col_poleup,GAME/LARA.C,807,ShiftItem,combat-camera-context,no,no,no
5511,0aaa76206517,lara_col_poleup,GAME/LARA.C,826,lara_col_roll,combat-camera-context,no,no,no
5512,0aaa76206517,lara_col_poleup,GAME/LARA.C,840,GetLaraCollisionInfo,combat-camera-context,no,no,no
5513,0aaa76206517,lara_col_poleup,GAME/LARA.C,842,LaraHitCeiling,combat-camera-context,no,no,no
5514,0aaa76206517,lara_col_poleup,GAME/LARA.C,844,TestLaraSlide,combat-camera-context,no,no,no
5515,0aaa76206517,lara_col_poleup,GAME/LARA.C,846,LaraFallen,combat-camera-context,no,no,no
5516,0aaa76206517,lara_col_poleup,GAME/LARA.C,848,ShiftItem,combat-camera-context,no,no,no
5517,0aaa76206517,lara_col_poleup,GAME/LARA.C,857,lara_col_slideback,combat-camera-context,no,no,no
5518,0aaa76206517,lara_col_poleup,GAME/LARA.C,859,ANGLE,combat-camera-context,no,no,no
5519,0aaa76206517,lara_col_poleup,GAME/LARA.C,860,lara_slide_slope,combat-camera-context,no,no,no
5520,0aaa76206517,lara_col_poleup,GAME/LARA.C,863,lara_col_fallback,combat-camera-context,no,no,no
5521,0aaa76206517,lara_col_poleup,GAME/LARA.C,865,ANGLE,combat-camera-context,no,no,no
5522,0aaa76206517,lara_col_poleup,GAME/LARA.C,871,GetLaraCollisionInfo,combat-camera-context,no,no,no
5523,0aaa76206517,lara_col_poleup,GAME/LARA.C,872,LaraDeflectEdgeJump,combat-camera-context,no,no,no
5524,0aaa76206517,lara_col_poleup,GAME/LARA.C,876,LaraLandedBad,combat-camera-context,no,no,no
5525,0aaa76206517,lara_col_poleup,GAME/LARA.C,889,lara_col_leftjump,combat-camera-context,no,no,no
5526,0aaa76206517,lara_col_poleup,GAME/LARA.C,891,ANGLE,combat-camera-context,no,no,no
5527,0aaa76206517,lara_col_poleup,GAME/LARA.C,892,lara_col_jumper,combat-camera-context,no,no,no
5528,0aaa76206517,lara_col_poleup,GAME/LARA.C,895,lara_col_rightjump,combat-camera-context,no,no,no
5529,0aaa76206517,lara_col_poleup,GAME/LARA.C,897,ANGLE,combat-camera-context,no,no,no
5530,0aaa76206517,lara_col_poleup,GAME/LARA.C,898,lara_col_jumper,combat-camera-context,no,no,no
5531,0aaa76206517,lara_col_poleup,GAME/LARA.C,901,lara_col_backjump,combat-camera-context,no,no,no
5532,0aaa76206517,lara_col_poleup,GAME/LARA.C,903,ANGLE,combat-camera-context,no,no,no
5533,0aaa76206517,lara_col_poleup,GAME/LARA.C,904,lara_col_jumper,combat-camera-context,no,no,no
5534,0aaa76206517,lara_col_poleup,GAME/LARA.C,907,lara_col_slide,combat-camera-context,no,no,no
5535,0aaa76206517,lara_col_poleup,GAME/LARA.C,910,lara_slide_slope,combat-camera-context,no,no,no
5536,0aaa76206517,lara_col_poleup,GAME/LARA.C,913,lara_col_stepleft,combat-camera-context,no,no,no
5537,0aaa76206517,lara_col_poleup,GAME/LARA.C,915,lara_col_stepright,combat-camera-context,no,no,no
5538,0aaa76206517,lara_col_poleup,GAME/LARA.C,918,lara_col_stepright,combat-camera-context,no,no,no
5539,0aaa76206517,lara_col_poleup,GAME/LARA.C,921,ANGLE,combat-camera-context,no,no,no
5540,0aaa76206517,lara_col_poleup,GAME/LARA.C,923,ANGLE,combat-camera-context,no,no,no
5541,0aaa76206517,lara_col_poleup,GAME/LARA.C,939,GetLaraCollisionInfo,combat-camera-context,no,no,no
5542,0aaa76206517,lara_col_poleup,GAME/LARA.C,941,LaraHitCeiling,combat-camera-context,no,no,no
5543,0aaa76206517,lara_col_poleup,GAME/LARA.C,943,LaraDeflectEdge,combat-camera-context,no,no,no
5544,0aaa76206517,lara_col_poleup,GAME/LARA.C,944,LaraCollideStop,combat-camera-context,no,no,no
5545,0aaa76206517,lara_col_poleup,GAME/LARA.C,946,LaraFallen,combat-camera-context,no,no,no
5546,0aaa76206517,lara_col_poleup,GAME/LARA.C,946,TestLaraSlide,combat-camera-context,no,no,no
5547,0aaa76206517,lara_col_poleup,GAME/LARA.C,951,lara_col_back,combat-camera-context,no,no,no
5548,0aaa76206517,lara_col_poleup,GAME/LARA.C,956,ANGLE,combat-camera-context,no,no,no
5549,0aaa76206517,lara_col_poleup,GAME/LARA.C,969,GetLaraCollisionInfo,combat-camera-context,no,no,no
5550,0aaa76206517,lara_col_poleup,GAME/LARA.C,971,LaraHitCeiling,combat-camera-context,no,no,no
5551,0aaa76206517,lara_col_poleup,GAME/LARA.C,973,LaraDeflectEdge,combat-camera-context,no,no,no
5552,0aaa76206517,lara_col_poleup,GAME/LARA.C,974,LaraCollideStop,combat-camera-context,no,no,no
5553,0aaa76206517,lara_col_poleup,GAME/LARA.C,976,LaraFallen,combat-camera-context,no,no,no
5554,0aaa76206517,lara_col_poleup,GAME/LARA.C,992,TestLaraSlide,combat-camera-context,no,no,no
5555,0aaa76206517,lara_col_poleup,GAME/LARA.C,998,lara_col_compress,combat-camera-context,no,no,no
5556,0aaa76206517,lara_col_poleup,GAME/LARA.C,1007,GetLaraCollisionInfo,combat-camera-context,no,no,no
5557,0aaa76206517,lara_col_poleup,GAME/LARA.C,1009,LaraFallen,combat-camera-context,no,no,no
5558,0aaa76206517,lara_col_poleup,GAME/LARA.C,1032,lara_col_land,combat-camera-context,no,no,no
5559,0aaa76206517,lara_col_poleup,GAME/LARA.C,1034,lara_col_stop,combat-camera-context,no,no,no
5560,0aaa76206517,lara_col_poleup,GAME/LARA.C,1037,lara_col_splat,combat-camera-context,no,no,no
5561,0aaa76206517,lara_col_poleup,GAME/LARA.C,1048,GetLaraCollisionInfo,combat-camera-context,no,no,no
5562,0aaa76206517,lara_col_poleup,GAME/LARA.C,1049,ShiftItem,combat-camera-context,no,no,no
5563,0aaa76206517,lara_col_poleup,GAME/LARA.C,1055,lara_col_fastfall,combat-camera-context,no,no,no
5564,0aaa76206517,lara_col_poleup,GAME/LARA.C,1063,GetLaraCollisionInfo,combat-camera-context,no,no,no
5565,0aaa76206517,lara_col_poleup,GAME/LARA.C,1064,LaraSlideEdgeJump,combat-camera-context,no,no,no
5566,0aaa76206517,lara_col_poleup,GAME/LARA.C,1068,LaraLandedBad,combat-camera-context,no,no,no
5567,0aaa76206517,lara_col_poleup,GAME/LARA.C,1080,StopSoundEffect,combat-camera-context,no,no,no
5568,0aaa76206517,lara_col_poleup,GAME/LARA.C,1090,lara_col_death,combat-camera-context,no,no,no
5569,0aaa76206517,lara_col_poleup,GAME/LARA.C,1092,StopSoundEffect,combat-camera-context,no,no,no
5570,0aaa76206517,lara_col_poleup,GAME/LARA.C,1100,GetLaraCollisionInfo,combat-camera-context,no,no,no
5571,0aaa76206517,lara_col_poleup,GAME/LARA.C,1101,ShiftItem,combat-camera-context,no,no,no
5572,0aaa76206517,lara_col_poleup,GAME/LARA.C,1110,lara_col_turn_l,combat-camera-context,no,no,no
5573,0aaa76206517,lara_col_poleup,GAME/LARA.C,1112,lara_col_turn_r,combat-camera-context,no,no,no
5574,0aaa76206517,lara_col_poleup,GAME/LARA.C,1115,lara_col_turn_r,combat-camera-context,no,no,no
5575,0aaa76206517,lara_col_poleup,GAME/LARA.C,1128,GetLaraCollisionInfo,combat-camera-context,no,no,no
5576,0aaa76206517,lara_col_poleup,GAME/LARA.C,1132,TestLaraSlide,combat-camera-context,no,no,no
5577,0aaa76206517,lara_col_poleup,GAME/LARA.C,1146,lara_col_fastback,combat-camera-context,no,no,no
5578,0aaa76206517,lara_col_poleup,GAME/LARA.C,1151,ANGLE,combat-camera-context,no,no,no
5579,0aaa76206517,lara_col_poleup,GAME/LARA.C,1160,GetLaraCollisionInfo,combat-camera-context,no,no,no
5580,0aaa76206517,lara_col_poleup,GAME/LARA.C,1162,LaraHitCeiling,combat-camera-context,no,no,no
5581,0aaa76206517,lara_col_poleup,GAME/LARA.C,1166,LaraDeflectEdge,combat-camera-context,no,no,no
5582,0aaa76206517,lara_col_poleup,GAME/LARA.C,1167,LaraCollideStop,combat-camera-context,no,no,no
5583,0aaa76206517,lara_col_poleup,GAME/LARA.C,1169,TestLaraSlide,combat-camera-context,no,no,no
5584,0aaa76206517,lara_col_poleup,GAME/LARA.C,1186,lara_col_pose,combat-camera-context,no,no,no
5585,0aaa76206517,lara_col_poleup,GAME/LARA.C,1188,lara_col_stop,combat-camera-context,no,no,no
5586,0aaa76206517,lara_col_poleup,GAME/LARA.C,1191,lara_col_run,combat-camera-context,no,no,no
5587,0aaa76206517,lara_col_poleup,GAME/LARA.C,1201,GetLaraCollisionInfo,combat-camera-context,no,no,no
5588,0aaa76206517,lara_col_poleup,GAME/LARA.C,1203,LaraHitCeiling,combat-camera-context,no,no,no
5589,0aaa76206517,lara_col_poleup,GAME/LARA.C,1203,TestLaraVault,combat-camera-context,no,no,no
5590,0aaa76206517,lara_col_poleup,GAME/LARA.C,1205,LaraDeflectEdge,combat-camera-context,no,no,no
5591,0aaa76206517,lara_col_poleup,GAME/LARA.C,1209,TestWall,combat-camera-context,no,no,no
5592,0aaa76206517,lara_col_poleup,GAME/LARA.C,1230,LaraCollideStop,combat-camera-context,no,no,no
5593,0aaa76206517,lara_col_poleup,GAME/LARA.C,1233,LaraFallen,combat-camera-context,no,no,no
5594,0aaa76206517,lara_col_poleup,GAME/LARA.C,1256,TestLaraSlide,combat-camera-context,no,no,no
5595,0aaa76206517,lara_col_poleup,GAME/LARA.C,1272,lara_col_walk,combat-camera-context,no,no,no
5596,0aaa76206517,lara_col_poleup,GAME/LARA.C,1287,GetLaraCollisionInfo,combat-camera-context,no,no,no
5597,0aaa76206517,lara_col_poleup,GAME/LARA.C,1289,LaraHitCeiling,combat-camera-context,no,no,no
5598,0aaa76206517,lara_col_poleup,GAME/LARA.C,1289,TestLaraVault,combat-camera-context,no,no,no
5599,0aaa76206517,lara_col_poleup,GAME/LARA.C,1291,LaraDeflectEdge,combat-camera-context,no,no,no
5600,0aaa76206517,lara_col_poleup,GAME/LARA.C,1308,LaraCollideStop,combat-camera-context,no,no,no
5601,0aaa76206517,lara_col_poleup,GAME/LARA.C,1313,LaraFallen,combat-camera-context,no,no,no
5602,0aaa76206517,lara_col_poleup,GAME/LARA.C,1358,TestLaraSlide,combat-camera-context,no,no,no
5603,0aaa76206517,lara_col_poleup,GAME/LARA.C,1364,lara_as_pulley,combat-camera-context,no,no,no
5604,0aaa76206517,lara_col_poleup,GAME/LARA.C,1404,ABS,combat-camera-context,no,no,no
5605,0aaa76206517,lara_col_poleup,GAME/LARA.C,1415,lara_col_turnswitch,combat-camera-context,no,no,no
5606,0aaa76206517,lara_col_poleup,GAME/LARA.C,1421,ANGLE,combat-camera-context,no,no,no
5607,0aaa76206517,lara_col_poleup,GAME/LARA.C,1429,ANGLE,combat-camera-context,no,no,no
5608,0aaa76206517,lara_col_poleup,GAME/LARA.C,1437,lara_as_controlledl,combat-camera-context,no,no,no
5609,0aaa76206517,lara_col_poleup,GAME/LARA.C,1444,lara_as_controlled,combat-camera-context,no,no,no
5610,0aaa76206517,lara_col_poleup,GAME/LARA.C,1457,lara_as_deathslide,combat-camera-context,no,no,no
5611,0aaa76206517,lara_col_poleup,GAME/LARA.C,1461,ANGLE,combat-camera-context,no,no,no
5612,0aaa76206517,lara_col_poleup,GAME/LARA.C,1463,GetHeight,combat-camera-context,no,no,no
5613,0aaa76206517,lara_col_poleup,GAME/LARA.C,1463,GetFloor,combat-camera-context,no,no,no
5614,0aaa76206517,lara_col_poleup,GAME/LARA.C,1472,AnimateLara,combat-camera-context,no,no,no
5615,0aaa76206517,lara_col_poleup,GAME/LARA.C,1482,lara_as_wade,combat-camera-context,no,no,no
5616,0aaa76206517,lara_col_poleup,GAME/LARA.C,1491,ANGLE,combat-camera-context,no,no,no
5617,0aaa76206517,lara_col_poleup,GAME/LARA.C,1496,ANGLE,combat-camera-context,no,no,no
5618,0aaa76206517,lara_col_poleup,GAME/LARA.C,1497,ANGLE,combat-camera-context,no,no,no
5619,0aaa76206517,lara_col_poleup,GAME/LARA.C,1499,ANGLE,combat-camera-context,no,no,no
5620,0aaa76206517,lara_col_poleup,GAME/LARA.C,1500,ANGLE,combat-camera-context,no,no,no
5621,0aaa76206517,lara_col_poleup,GAME/LARA.C,1501,ANGLE,combat-camera-context,no,no,no
5622,0aaa76206517,lara_col_poleup,GAME/LARA.C,1506,ANGLE,combat-camera-context,no,no,no
5623,0aaa76206517,lara_col_poleup,GAME/LARA.C,1507,ANGLE,combat-camera-context,no,no,no
5624,0aaa76206517,lara_col_poleup,GAME/LARA.C,1509,ANGLE,combat-camera-context,no,no,no
5625,0aaa76206517,lara_col_poleup,GAME/LARA.C,1510,ANGLE,combat-camera-context,no,no,no
5626,0aaa76206517,lara_col_poleup,GAME/LARA.C,1511,ANGLE,combat-camera-context,no,no,no
5627,0aaa76206517,lara_col_poleup,GAME/LARA.C,1527,lara_as_waterout,combat-camera-context,no,no,no
5628,0aaa76206517,lara_col_poleup,GAME/LARA.C,1534,lara_as_gymnast,combat-camera-context,no,no,no
5629,0aaa76206517,lara_col_poleup,GAME/LARA.C,1540,lara_as_fastdive,combat-camera-context,no,no,no
5630,0aaa76206517,lara_col_poleup,GAME/LARA.C,1549,lara_as_swandive,combat-camera-context,no,no,no
5631,0aaa76206517,lara_col_poleup,GAME/LARA.C,1557,lara_as_special,combat-camera-context,no,no,no
5632,0aaa76206517,lara_col_poleup,GAME/LARA.C,1560,ANGLE,combat-camera-context,no,no,no
5633,0aaa76206517,lara_col_poleup,GAME/LARA.C,1561,ANGLE,combat-camera-context,no,no,no
5634,0aaa76206517,lara_col_poleup,GAME/LARA.C,1564,lara_as_usepuzzle,combat-camera-context,no,no,no
5635,0aaa76206517,lara_col_poleup,GAME/LARA.C,1571,ANGLE,combat-camera-context,no,no,no
5636,0aaa76206517,lara_col_poleup,GAME/LARA.C,1572,ANGLE,combat-camera-context,no,no,no
5637,0aaa76206517,lara_col_poleup,GAME/LARA.C,1573,SECTOR,combat-camera-context,no,no,no
5638,0aaa76206517,lara_col_poleup,GAME/LARA.C,1586,lara_as_usekey,combat-camera-context,no,no,no
5639,0aaa76206517,lara_col_poleup,GAME/LARA.C,1591,ANGLE,combat-camera-context,no,no,no
5640,0aaa76206517,lara_col_poleup,GAME/LARA.C,1593,SECTOR,combat-camera-context,no,no,no
5641,0aaa76206517,lara_col_poleup,GAME/LARA.C,1596,lara_as_switchoff,combat-camera-context,no,no,no
5642,0aaa76206517,lara_col_poleup,GAME/LARA.C,1601,ANGLE,combat-camera-context,no,no,no
5643,0aaa76206517,lara_col_poleup,GAME/LARA.C,1602,ANGLE,combat-camera-context,no,no,no
5644,0aaa76206517,lara_col_poleup,GAME/LARA.C,1603,SECTOR,combat-camera-context,no,no,no
5645,0aaa76206517,lara_col_poleup,GAME/LARA.C,1607,lara_as_switchon,combat-camera-context,no,no,no
5646,0aaa76206517,lara_col_poleup,GAME/LARA.C,1612,ANGLE,combat-camera-context,no,no,no
5647,0aaa76206517,lara_col_poleup,GAME/LARA.C,1613,ANGLE,combat-camera-context,no,no,no
5648,0aaa76206517,lara_col_poleup,GAME/LARA.C,1614,SECTOR,combat-camera-context,no,no,no
5649,0aaa76206517,lara_col_poleup,GAME/LARA.C,1618,lara_as_pickupflare,combat-camera-context,no,no,no
5650,0aaa76206517,lara_col_poleup,GAME/LARA.C,1623,ANGLE,combat-camera-context,no,no,no
5651,0aaa76206517,lara_col_poleup,GAME/LARA.C,1624,ANGLE,combat-camera-context,no,no,no
5652,0aaa76206517,lara_col_poleup,GAME/LARA.C,1625,SECTOR,combat-camera-context,no,no,no
5653,0aaa76206517,lara_col_poleup,GAME/LARA.C,1630,lara_as_pickup,combat-camera-context,no,no,no
5654,0aaa76206517,lara_col_poleup,GAME/LARA.C,1635,ANGLE,combat-camera-context,no,no,no
5655,0aaa76206517,lara_col_poleup,GAME/LARA.C,1636,ANGLE,combat-camera-context,no,no,no
5656,0aaa76206517,lara_col_poleup,GAME/LARA.C,1637,SECTOR,combat-camera-context,no,no,no
5657,0aaa76206517,lara_col_poleup,GAME/LARA.C,1640,lara_as_ppready,combat-camera-context,no,no,no
5658,0aaa76206517,lara_col_poleup,GAME/LARA.C,1644,ANGLE,combat-camera-context,no,no,no
5659,0aaa76206517,lara_col_poleup,GAME/LARA.C,1649,lara_as_pullblock,combat-camera-context,no,no,no
5660,0aaa76206517,lara_col_poleup,GAME/LARA.C,1655,ANGLE,combat-camera-context,no,no,no
5661,0aaa76206517,lara_col_poleup,GAME/LARA.C,1659,lara_as_pushblock,combat-camera-context,no,no,no
5662,0aaa76206517,lara_col_poleup,GAME/LARA.C,1665,ANGLE,combat-camera-context,no,no,no
5663,0aaa76206517,lara_col_poleup,GAME/LARA.C,1669,lara_as_slideback,combat-camera-context,no,no,no
5664,0aaa76206517,lara_col_poleup,GAME/LARA.C,1677,lara_as_fallback,combat-camera-context,no,no,no
5665,0aaa76206517,lara_col_poleup,GAME/LARA.C,1687,lara_as_leftjump,combat-camera-context,no,no,no
5666,0aaa76206517,lara_col_poleup,GAME/LARA.C,1704,lara_as_rightjump,combat-camera-context,no,no,no
5667,0aaa76206517,lara_col_poleup,GAME/LARA.C,1721,lara_as_backjump,combat-camera-context,no,no,no
5668,0aaa76206517,lara_col_poleup,GAME/LARA.C,1723,ANGLE,combat-camera-context,no,no,no
5669,0aaa76206517,lara_col_poleup,GAME/LARA.C,1741,lara_as_slide,combat-camera-context,no,no,no
5670,0aaa76206517,lara_col_poleup,GAME/LARA.C,1749,lara_as_stepleft,combat-camera-context,no,no,no
5671,0aaa76206517,lara_col_poleup,GAME/LARA.C,1768,ANGLE,combat-camera-context,no,no,no
5672,0aaa76206517,lara_col_poleup,GAME/LARA.C,1769,ANGLE,combat-camera-context,no,no,no
5673,0aaa76206517,lara_col_poleup,GAME/LARA.C,1774,ANGLE,combat-camera-context,no,no,no
5674,0aaa76206517,lara_col_poleup,GAME/LARA.C,1775,ANGLE,combat-camera-context,no,no,no
5675,0aaa76206517,lara_col_poleup,GAME/LARA.C,1780,lara_as_stepright,combat-camera-context,no,no,no
5676,0aaa76206517,lara_col_poleup,GAME/LARA.C,1799,ANGLE,combat-camera-context,no,no,no
5677,0aaa76206517,lara_col_poleup,GAME/LARA.C,1800,ANGLE,combat-camera-context,no,no,no
5678,0aaa76206517,lara_col_poleup,GAME/LARA.C,1805,ANGLE,combat-camera-context,no,no,no
5679,0aaa76206517,lara_col_poleup,GAME/LARA.C,1806,ANGLE,combat-camera-context,no,no,no
5680,0aaa76206517,lara_col_poleup,GAME/LARA.C,1811,lara_col_fastturn,combat-camera-context,no,no,no
5681,0aaa76206517,lara_col_poleup,GAME/LARA.C,1813,lara_col_stop,combat-camera-context,no,no,no
5682,0aaa76206517,lara_col_poleup,GAME/LARA.C,1816,lara_as_fastturn,combat-camera-context,no,no,no
5683,0aaa76206517,lara_col_poleup,GAME/LARA.C,1827,ANGLE,combat-camera-context,no,no,no
5684,0aaa76206517,lara_col_poleup,GAME/LARA.C,1836,ANGLE,combat-camera-context,no,no,no
5685,0aaa76206517,lara_col_poleup,GAME/LARA.C,1845,lara_as_null,combat-camera-context,no,no,no
5686,0aaa76206517,lara_col_poleup,GAME/LARA.C,1852,lara_as_back,combat-camera-context,no,no,no
5687,0aaa76206517,lara_col_poleup,GAME/LARA.C,1871,ANGLE,combat-camera-context,no,no,no
5688,0aaa76206517,lara_col_poleup,GAME/LARA.C,1872,ANGLE,combat-camera-context,no,no,no
5689,0aaa76206517,lara_col_poleup,GAME/LARA.C,1877,ANGLE,combat-camera-context,no,no,no
5690,0aaa76206517,lara_col_poleup,GAME/LARA.C,1878,ANGLE,combat-camera-context,no,no,no
5691,0aaa76206517,lara_col_poleup,GAME/LARA.C,1883,lara_as_compress,combat-camera-context,no,no,no
5692,0aaa76206517,lara_col_poleup,GAME/LARA.C,1887,LaraFloorFront,combat-camera-context,no,no,no
5693,0aaa76206517,lara_col_poleup,GAME/LARA.C,1892,LaraFloorFront,combat-camera-context,no,no,no
5694,0aaa76206517,lara_col_poleup,GAME/LARA.C,1892,ANGLE,combat-camera-context,no,no,no
5695,0aaa76206517,lara_col_poleup,GAME/LARA.C,1895,ANGLE,combat-camera-context,no,no,no
5696,0aaa76206517,lara_col_poleup,GAME/LARA.C,1897,LaraFloorFront,combat-camera-context,no,no,no
5697,0aaa76206517,lara_col_poleup,GAME/LARA.C,1897,ANGLE,combat-camera-context,no,no,no
5698,0aaa76206517,lara_col_poleup,GAME/LARA.C,1900,ANGLE,combat-camera-context,no,no,no
5699,0aaa76206517,lara_col_poleup,GAME/LARA.C,1902,LaraFloorFront,combat-camera-context,no,no,no
5700,0aaa76206517,lara_col_poleup,GAME/LARA.C,1902,ANGLE,combat-camera-context,no,no,no
5701,0aaa76206517,lara_col_poleup,GAME/LARA.C,1905,ANGLE,combat-camera-context,no,no,no
5702,0aaa76206517,lara_col_poleup,GAME/LARA.C,1913,lara_as_splat,combat-camera-context,no,no,no
5703,0aaa76206517,lara_col_poleup,GAME/LARA.C,1918,lara_as_intcornerr,combat-camera-context,no,no,no
5704,0aaa76206517,lara_col_poleup,GAME/LARA.C,1921,ANGLE,combat-camera-context,no,no,no
5705,0aaa76206517,lara_col_poleup,GAME/LARA.C,1922,SetCornerAnim,combat-camera-context,no,no,no
5706,0aaa76206517,lara_col_poleup,GAME/LARA.C,1922,ANGLE,combat-camera-context,no,no,no
5707,0aaa76206517,lara_col_poleup,GAME/LARA.C,1927,lara_as_intcornerl,combat-camera-context,no,no,no
5708,0aaa76206517,lara_col_poleup,GAME/LARA.C,1930,ANGLE,combat-camera-context,no,no,no
5709,0aaa76206517,lara_col_poleup,GAME/LARA.C,1931,SetCornerAnim,combat-camera-context,no,no,no
5710,0aaa76206517,lara_col_poleup,GAME/LARA.C,1931,ANGLE,combat-camera-context,no,no,no
5711,0aaa76206517,lara_col_poleup,GAME/LARA.C,1936,lara_as_extcornerr,combat-camera-context,no,no,no
5712,0aaa76206517,lara_col_poleup,GAME/LARA.C,1939,ANGLE,combat-camera-context,no,no,no
5713,0aaa76206517,lara_col_poleup,GAME/LARA.C,1940,SetCornerAnim,combat-camera-context,no,no,no
5714,0aaa76206517,lara_col_poleup,GAME/LARA.C,1940,ANGLE,combat-camera-context,no,no,no
5715,0aaa76206517,lara_col_poleup,GAME/LARA.C,1945,lara_as_extcornerl,combat-camera-context,no,no,no
5716,0aaa76206517,lara_col_poleup,GAME/LARA.C,1948,ANGLE,combat-camera-context,no,no,no
5717,0aaa76206517,lara_col_poleup,GAME/LARA.C,1949,SetCornerAnim,combat-camera-context,no,no,no
5718,0aaa76206517,lara_col_poleup,GAME/LARA.C,1949,ANGLE,combat-camera-context,no,no,no
5719,0aaa76206517,lara_col_poleup,GAME/LARA.C,1954,SetCornerAnim,combat-camera-context,no,no,no
5720,0aaa76206517,lara_col_poleup,GAME/LARA.C,2004,lara_col_hangright,combat-camera-context,no,no,no
5721,0aaa76206517,lara_col_poleup,GAME/LARA.C,2006,ANGLE,combat-camera-context,no,no,no
5722,0aaa76206517,lara_col_poleup,GAME/LARA.C,2008,LaraHangTest,combat-camera-context,no,no,no
5723,0aaa76206517,lara_col_poleup,GAME/LARA.C,2009,ANGLE,combat-camera-context,no,no,no
5724,0aaa76206517,lara_col_poleup,GAME/LARA.C,2012,lara_as_hangright,combat-camera-context,no,no,no
5725,0aaa76206517,lara_col_poleup,GAME/LARA.C,2017,ANGLE,combat-camera-context,no,no,no
5726,0aaa76206517,lara_col_poleup,GAME/LARA.C,2022,lara_col_hangleft,combat-camera-context,no,no,no
5727,0aaa76206517,lara_col_poleup,GAME/LARA.C,2024,ANGLE,combat-camera-context,no,no,no
5728,0aaa76206517,lara_col_poleup,GAME/LARA.C,2026,LaraHangTest,combat-camera-context,no,no,no
5729,0aaa76206517,lara_col_poleup,GAME/LARA.C,2027,ANGLE,combat-camera-context,no,no,no
5730,0aaa76206517,lara_col_poleup,GAME/LARA.C,2030,lara_as_hangleft,combat-camera-context,no,no,no
5731,0aaa76206517,lara_col_poleup,GAME/LARA.C,2035,ANGLE,combat-camera-context,no,no,no
5732,0aaa76206517,lara_col_poleup,GAME/LARA.C,2040,lara_col_hang,combat-camera-context,no,no,no
5733,0aaa76206517,lara_col_poleup,GAME/LARA.C,2051,CanLaraHangSideways,combat-camera-context,no,no,no
5734,0aaa76206517,lara_col_poleup,GAME/LARA.C,2051,ANGLE,combat-camera-context,no,no,no
5735,0aaa76206517,lara_col_poleup,GAME/LARA.C,2058,LaraHangLeftCornerTest,combat-camera-context,no,no,no
5736,0aaa76206517,lara_col_poleup,GAME/LARA.C,2072,CanLaraHangSideways,combat-camera-context,no,no,no
5737,0aaa76206517,lara_col_poleup,GAME/LARA.C,2072,ANGLE,combat-camera-context,no,no,no
5738,0aaa76206517,lara_col_poleup,GAME/LARA.C,2079,LaraHangLeftCornerTest,combat-camera-context,no,no,no
5739,0aaa76206517,lara_col_poleup,GAME/LARA.C,2094,LaraHangTest,combat-camera-context,no,no,no
5740,0aaa76206517,lara_col_poleup,GAME/LARA.C,2098,TestForObjectOnLedge,combat-camera-context,no,no,no
5741,0aaa76206517,lara_col_poleup,GAME/LARA.C,2109,ABS,combat-camera-context,no,no,no
5742,0aaa76206517,lara_col_poleup,GAME/LARA.C,2134,ABS,combat-camera-context,no,no,no
5743,0aaa76206517,lara_col_poleup,GAME/LARA.C,2157,ABS,combat-camera-context,no,no,no
5744,0aaa76206517,lara_col_poleup,GAME/LARA.C,2159,LaraTestClimbStance,combat-camera-context,no,no,no
5745,0aaa76206517,lara_col_poleup,GAME/LARA.C,2180,LaraTestClimbStance,combat-camera-context,no,no,no
5746,0aaa76206517,lara_col_poleup,GAME/LARA.C,2196,lara_as_hang,combat-camera-context,no,no,no
5747,0aaa76206517,lara_col_poleup,GAME/LARA.C,2208,LookUpDown,combat-camera-context,no,no,no
5748,0aaa76206517,lara_col_poleup,GAME/LARA.C,2214,ANGLE,combat-camera-context,no,no,no
5749,0aaa76206517,lara_col_poleup,GAME/LARA.C,2217,CanLaraHangSideways,combat-camera-context,no,no,no
5750,0aaa76206517,lara_col_poleup,GAME/LARA.C,2227,ANGLE,combat-camera-context,no,no,no
5751,0aaa76206517,lara_col_poleup,GAME/LARA.C,2227,ANGLE,combat-camera-context,no,no,no
5752,0aaa76206517,lara_col_poleup,GAME/LARA.C,2248,LaraHangTest,combat-camera-context,no,no,no
5753,0aaa76206517,lara_col_poleup,GAME/LARA.C,2258,lara_void_func,combat-camera-context,no,no,no
5754,0aaa76206517,lara_col_poleup,GAME/LARA.C,2263,lara_as_fastfall,combat-camera-context,no,no,no
5755,0aaa76206517,lara_col_poleup,GAME/LARA.C,2267,SoundEffect,combat-camera-context,no,no,no
5756,0aaa76206517,lara_col_poleup,GAME/LARA.C,2270,lara_as_death,combat-camera-context,no,no,no
5757,0aaa76206517,lara_col_poleup,GAME/LARA.C,2279,AlterFOV,combat-camera-context,no,no,no
5758,0aaa76206517,lara_col_poleup,GAME/LARA.C,2279,ANGLE,combat-camera-context,no,no,no
5759,0aaa76206517,lara_col_poleup,GAME/LARA.C,2285,lara_as_turn_l,combat-camera-context,no,no,no
5760,0aaa76206517,lara_col_poleup,GAME/LARA.C,2298,ANGLE,combat-camera-context,no,no,no
5761,0aaa76206517,lara_col_poleup,GAME/LARA.C,2301,ANGLE,combat-camera-context,no,no,no
5762,0aaa76206517,lara_col_poleup,GAME/LARA.C,2333,lara_as_turn_r,combat-camera-context,no,no,no
5763,0aaa76206517,lara_col_poleup,GAME/LARA.C,2346,ANGLE,combat-camera-context,no,no,no
5764,0aaa76206517,lara_col_poleup,GAME/LARA.C,2349,ANGLE,combat-camera-context,no,no,no
5765,0aaa76206517,lara_col_poleup,GAME/LARA.C,2381,lara_as_fastback,combat-camera-context,no,no,no
5766,0aaa76206517,lara_col_poleup,GAME/LARA.C,2387,ANGLE,combat-camera-context,no,no,no
5767,0aaa76206517,lara_col_poleup,GAME/LARA.C,2388,ANGLE,combat-camera-context,no,no,no
5768,0aaa76206517,lara_col_poleup,GAME/LARA.C,2393,ANGLE,combat-camera-context,no,no,no
5769,0aaa76206517,lara_col_poleup,GAME/LARA.C,2394,ANGLE,combat-camera-context,no,no,no
5770,0aaa76206517,lara_col_poleup,GAME/LARA.C,2398,lara_as_run,combat-camera-context,no,no,no
5771,0aaa76206517,lara_col_poleup,GAME/LARA.C,2444,ANGLE,combat-camera-context,no,no,no
5772,0aaa76206517,lara_col_poleup,GAME/LARA.C,2445,ANGLE,combat-camera-context,no,no,no
5773,0aaa76206517,lara_col_poleup,GAME/LARA.C,2447,ANGLE,combat-camera-context,no,no,no
5774,0aaa76206517,lara_col_poleup,GAME/LARA.C,2448,ANGLE,combat-camera-context,no,no,no
5775,0aaa76206517,lara_col_poleup,GAME/LARA.C,2449,ANGLE,combat-camera-context,no,no,no
5776,0aaa76206517,lara_col_poleup,GAME/LARA.C,2454,ANGLE,combat-camera-context,no,no,no
5777,0aaa76206517,lara_col_poleup,GAME/LARA.C,2455,ANGLE,combat-camera-context,no,no,no
5778,0aaa76206517,lara_col_poleup,GAME/LARA.C,2457,ANGLE,combat-camera-context,no,no,no
5779,0aaa76206517,lara_col_poleup,GAME/LARA.C,2458,ANGLE,combat-camera-context,no,no,no
5780,0aaa76206517,lara_col_poleup,GAME/LARA.C,2459,ANGLE,combat-camera-context,no,no,no
5781,0aaa76206517,lara_col_poleup,GAME/LARA.C,2498,lara_as_walk,combat-camera-context,no,no,no
5782,0aaa76206517,lara_col_poleup,GAME/LARA.C,2512,ANGLE,combat-camera-context,no,no,no
5783,0aaa76206517,lara_col_poleup,GAME/LARA.C,2513,ANGLE,combat-camera-context,no,no,no
5784,0aaa76206517,lara_col_poleup,GAME/LARA.C,2518,ANGLE,combat-camera-context,no,no,no
5785,0aaa76206517,lara_col_poleup,GAME/LARA.C,2519,ANGLE,combat-camera-context,no,no,no
5786,0aaa76206517,lara_col_poleup,GAME/LARA.C,2544,lara_col_reach,combat-camera-context,no,no,no
5787,0aaa76206517,lara_col_poleup,GAME/LARA.C,2570,GetLaraCollisionInfo,combat-camera-context,no,no,no
5788,0aaa76206517,lara_col_poleup,GAME/LARA.C,2579,SetupPadVibration,combat-camera-context,no,no,no
5789,0aaa76206517,lara_col_poleup,GAME/LARA.C,2610,LaraTestEdgeCatch,combat-camera-context,no,no,no
5790,0aaa76206517,lara_col_poleup,GAME/LARA.C,2614,LaraTestHangOnClimbWall,combat-camera-context,no,no,no
5791,0aaa76206517,lara_col_poleup,GAME/LARA.C,2617,ANGLE,combat-camera-context,no,no,no
5792,0aaa76206517,lara_col_poleup,GAME/LARA.C,2619,ANGLE,combat-camera-context,no,no,no
5793,0aaa76206517,lara_col_poleup,GAME/LARA.C,2641,SetupPadVibration,combat-camera-context,no,no,no
5794,0aaa76206517,lara_col_poleup,GAME/LARA.C,2644,TestHangSwingIn,combat-camera-context,no,no,no
5795,0aaa76206517,lara_col_poleup,GAME/LARA.C,2667,GetBoundsAccurate,combat-camera-context,no,no,no
5796,0aaa76206517,lara_col_poleup,GAME/LARA.C,2678,ANGLE,combat-camera-context,no,no,no
5797,0aaa76206517,lara_col_poleup,GAME/LARA.C,2718,LaraSlideEdgeJump,combat-camera-context,no,no,no
5798,0aaa76206517,lara_col_poleup,GAME/LARA.C,2719,GetLaraCollisionInfo,combat-camera-context,no,no,no
5799,0aaa76206517,lara_col_poleup,GAME/LARA.C,2720,ShiftItem,combat-camera-context,no,no,no
5800,0aaa76206517,lara_col_poleup,GAME/LARA.C,2726,LaraLandedBad,combat-camera-context,no,no,no
5801,0aaa76206517,lara_col_poleup,GAME/LARA.C,2757,GetLaraCollisionInfo,combat-camera-context,no,no,no
5802,0aaa76206517,lara_col_poleup,GAME/LARA.C,2788,LaraTestEdgeCatch,combat-camera-context,no,no,no
5803,0aaa76206517,lara_col_poleup,GAME/LARA.C,2790,LaraTestHangOnClimbWall,combat-camera-context,no,no,no
5804,0aaa76206517,lara_col_poleup,GAME/LARA.C,2794,ABS,combat-camera-context,no,no,no
5805,0aaa76206517,lara_col_poleup,GAME/LARA.C,2794,ANGLE,combat-camera-context,no,no,no
5806,0aaa76206517,lara_col_poleup,GAME/LARA.C,2800,ANGLE,combat-camera-context,no,no,no
5807,0aaa76206517,lara_col_poleup,GAME/LARA.C,2804,ANGLE,combat-camera-context,no,no,no
5808,0aaa76206517,lara_col_poleup,GAME/LARA.C,2809,ANGLE,combat-camera-context,no,no,no
5809,0aaa76206517,lara_col_poleup,GAME/LARA.C,2821,TestHangSwingIn,combat-camera-context,no,no,no
5810,0aaa76206517,lara_col_poleup,GAME/LARA.C,2843,GetBoundsAccurate,combat-camera-context,no,no,no
5811,0aaa76206517,lara_col_poleup,GAME/LARA.C,2853,ANGLE,combat-camera-context,no,no,no
5812,0aaa76206517,lara_col_poleup,GAME/LARA.C,2853,ANGLE,combat-camera-context,no,no,no
5813,0aaa76206517,lara_col_poleup,GAME/LARA.C,2890,lara_as_reach,combat-camera-context,no,no,no
5814,0aaa76206517,lara_col_poleup,GAME/LARA.C,2892,ANGLE,combat-camera-context,no,no,no
5815,0aaa76206517,lara_col_poleup,GAME/LARA.C,2897,lara_col_forwardjump,combat-camera-context,no,no,no
5816,0aaa76206517,lara_col_poleup,GAME/LARA.C,2900,ANGLE,combat-camera-context,no,no,no
5817,0aaa76206517,lara_col_poleup,GAME/LARA.C,2908,GetLaraCollisionInfo,combat-camera-context,no,no,no
5818,0aaa76206517,lara_col_poleup,GAME/LARA.C,2909,LaraDeflectEdgeJump,combat-camera-context,no,no,no
5819,0aaa76206517,lara_col_poleup,GAME/LARA.C,2916,LaraLandedBad,combat-camera-context,no,no,no
5820,0aaa76206517,lara_col_poleup,GAME/LARA.C,2938,lara_as_forwardjump,combat-camera-context,no,no,no
5821,0aaa76206517,lara_col_poleup,GAME/LARA.C,2974,ANGLE,combat-camera-context,no,no,no
5822,0aaa76206517,lara_col_poleup,GAME/LARA.C,2976,ANGLE,combat-camera-context,no,no,no
5823,0aaa76206517,lara_col_poleup,GAME/LARA.C,2983,ANGLE,combat-camera-context,no,no,no
5824,0aaa76206517,lara_col_poleup,GAME/LARA.C,2985,ANGLE,combat-camera-context,no,no,no
5825,0aaa76206517,lara_col_poleup,GAME/LARA.C,2990,lara_col_upjump,combat-camera-context,no,no,no
5826,0aaa76206517,lara_col_poleup,GAME/LARA.C,3005,ANGLE,combat-camera-context,no,no,no
5827,0aaa76206517,lara_col_poleup,GAME/LARA.C,3010,GetCollisionInfo,combat-camera-context,no,no,no
5828,0aaa76206517,lara_col_poleup,GAME/LARA.C,3029,MonkeySwingSnap,combat-camera-context,no,no,no
5829,0aaa76206517,lara_col_poleup,GAME/LARA.C,3037,LaraTestEdgeCatch,combat-camera-context,no,no,no
5830,0aaa76206517,lara_col_poleup,GAME/LARA.C,3041,LaraTestHangOnClimbWall,combat-camera-context,no,no,no
5831,0aaa76206517,lara_col_poleup,GAME/LARA.C,3045,ABS,combat-camera-context,no,no,no
5832,0aaa76206517,lara_col_poleup,GAME/LARA.C,3045,ANGLE,combat-camera-context,no,no,no
5833,0aaa76206517,lara_col_poleup,GAME/LARA.C,3051,ANGLE,combat-camera-context,no,no,no
5834,0aaa76206517,lara_col_poleup,GAME/LARA.C,3055,ANGLE,combat-camera-context,no,no,no
5835,0aaa76206517,lara_col_poleup,GAME/LARA.C,3060,ANGLE,combat-camera-context,no,no,no
5836,0aaa76206517,lara_col_poleup,GAME/LARA.C,3072,TestHangSwingIn,combat-camera-context,no,no,no
5837,0aaa76206517,lara_col_poleup,GAME/LARA.C,3089,GetBoundsAccurate,combat-camera-context,no,no,no
5838,0aaa76206517,lara_col_poleup,GAME/LARA.C,3118,ShiftItem,combat-camera-context,no,no,no
5839,0aaa76206517,lara_col_poleup,GAME/LARA.C,3149,LaraLandedBad,combat-camera-context,no,no,no
5840,0aaa76206517,lara_col_poleup,GAME/LARA.C,3161,lara_as_upjump,combat-camera-context,no,no,no
5841,0aaa76206517,lara_col_poleup,GAME/LARA.C,3169,lara_col_stop,combat-camera-context,no,no,no
5842,0aaa76206517,lara_col_poleup,GAME/LARA.C,3183,GetLaraCollisionInfo,combat-camera-context,no,no,no
5843,0aaa76206517,lara_col_poleup,GAME/LARA.C,3185,LaraHitCeiling,combat-camera-context,no,no,no
5844,0aaa76206517,lara_col_poleup,GAME/LARA.C,3187,LaraFallen,combat-camera-context,no,no,no
5845,0aaa76206517,lara_col_poleup,GAME/LARA.C,3189,TestLaraSlide,combat-camera-context,no,no,no
5846,0aaa76206517,lara_col_poleup,GAME/LARA.C,3191,ShiftItem,combat-camera-context,no,no,no
5847,0aaa76206517,lara_col_poleup,GAME/LARA.C,3200,lara_as_stop,combat-camera-context,no,no,no
5848,0aaa76206517,lara_col_poleup,GAME/LARA.C,3214,StopSoundEffect,combat-camera-context,no,no,no
5849,0aaa76206517,lara_col_poleup,GAME/LARA.C,3246,LookUpDown,combat-camera-context,no,no,no
5850,0aaa76206517,lara_col_poleup,GAME/LARA.C,3251,LaraFloorFront,combat-camera-context,no,no,no
5851,0aaa76206517,lara_col_poleup,GAME/LARA.C,3255,LaraFloorFront,combat-camera-context,no,no,no
5852,0aaa76206517,lara_col_poleup,GAME/LARA.C,3255,ANGLE,combat-camera-context,no,no,no
5853,0aaa76206517,lara_col_poleup,GAME/LARA.C,3260,ABS,combat-camera-context,no,no,no
5854,0aaa76206517,lara_col_poleup,GAME/LARA.C,3260,LaraFloorFront,combat-camera-context,no,no,no
5855,0aaa76206517,lara_col_poleup,GAME/LARA.C,3260,ANGLE,combat-camera-context,no,no,no
5856,0aaa76206517,lara_col_poleup,GAME/LARA.C,3262,LaraCeilingFront,combat-camera-context,no,no,no
5857,0aaa76206517,lara_col_poleup,GAME/LARA.C,3262,ANGLE,combat-camera-context,no,no,no
5858,0aaa76206517,lara_col_poleup,GAME/LARA.C,3269,ABS,combat-camera-context,no,no,no
5859,0aaa76206517,lara_col_poleup,GAME/LARA.C,3269,LaraFloorFront,combat-camera-context,no,no,no
5860,0aaa76206517,lara_col_poleup,GAME/LARA.C,3269,ANGLE,combat-camera-context,no,no,no
5861,0aaa76206517,lara_col_poleup,GAME/LARA.C,3271,LaraCeilingFront,combat-camera-context,no,no,no
5862,0aaa76206517,lara_col_poleup,GAME/LARA.C,3271,ANGLE,combat-camera-context,no,no,no
5863,0aaa76206517,lara_col_poleup,GAME/LARA.C,3294,ABS,combat-camera-context,no,no,no
5864,0aaa76206517,lara_col_poleup,GAME/LARA.C,3305,GetLaraCollisionInfo,combat-camera-context,no,no,no
5865,0aaa76206517,lara_col_poleup,GAME/LARA.C,3306,TestLaraVault,combat-camera-context,no,no,no
5866,0aaa76206517,lara_col_poleup,GAME/LARA.C,3311,lara_as_wade,combat-camera-context,no,no,no
5867,0aaa76206517,lara_col_poleup,GAME/LARA.C,3314,ABS,combat-camera-context,no,no,no
5868,0aaa76206517,lara_col_poleup,GAME/LARA.C,3316,lara_as_back,combat-camera-context,no,no,no
5869,0aaa76206517,lara_col_poleup,GAME/LARA.C,3325,LaraCeilingFront,combat-camera-context,no,no,no
5870,0aaa76206517,lara_col_poleup,GAME/LARA.C,3326,LaraFloorFront,combat-camera-context,no,no,no
5871,0aaa76206517,lara_col_poleup,GAME/LARA.C,3338,lara_as_walk,combat-camera-context,no,no,no
5872,0aaa76206517,lara_col_poleup,GAME/LARA.C,3340,lara_as_run,combat-camera-context,no,no,no
5873,0aaa76206517,lara_col_poleup,GAME/LARA.C,3353,GetLaraCollisionInfo,combat-camera-context,no,no,no
5874,0aaa76206517,lara_col_poleup,GAME/LARA.C,3355,TestLaraVault,combat-camera-context,no,no,no
5875,0aaa76206517,lara_col_poleup,GAME/LARA.C,3367,ABS,combat-camera-context,no,no,no
5876,0aaa76206517,lara_col_poleup,GAME/LARA.C,3368,lara_as_back,combat-camera-context,no,no,no
5877,0aaa76206517,lara_col_poleup,GAME/LARA.C,3377,lara_as_climbroped,combat-camera-context,no,no,no
5878,0aaa76206517,lara_col_poleup,GAME/LARA.C,3379,LaraClimbRope,combat-camera-context,no,no,no
5879,0aaa76206517,lara_col_poleup,GAME/LARA.C,3382,lara_as_climbrope,combat-camera-context,no,no,no
5880,0aaa76206517,lara_col_poleup,GAME/LARA.C,3386,FallFromRope,combat-camera-context,no,no,no
5881,0aaa76206517,lara_col_poleup,GAME/LARA.C,3390,ANGLE,combat-camera-context,no,no,no
5882,0aaa76206517,lara_col_poleup,GAME/LARA.C,3404,lara_col_ropefwd,combat-camera-context,no,no,no
5883,0aaa76206517,lara_col_poleup,GAME/LARA.C,3406,SECTOR,combat-camera-context,no,no,no
5884,0aaa76206517,lara_col_poleup,GAME/LARA.C,3408,UpdateRopeSwing,combat-camera-context,no,no,no
5885,0aaa76206517,lara_col_poleup,GAME/LARA.C,3416,ABS,combat-camera-context,no,no,no
5886,0aaa76206517,lara_col_poleup,GAME/LARA.C,3417,ABS,combat-camera-context,no,no,no
5887,0aaa76206517,lara_col_poleup,GAME/LARA.C,3421,ApplyVelocityToRope,combat-camera-context,no,no,no
5888,0aaa76206517,lara_col_poleup,GAME/LARA.C,3422,ANGLE,combat-camera-context,no,no,no
5889,0aaa76206517,lara_col_poleup,GAME/LARA.C,3454,JumpOffRope,combat-camera-context,no,no,no
5890,0aaa76206517,lara_col_poleup,GAME/LARA.C,3458,ApplyVelocityToRope,combat-camera-context,no,no,no
5891,0aaa76206517,lara_col_poleup,GAME/LARA.C,3462,lara_as_roper,combat-camera-context,no,no,no
5892,0aaa76206517,lara_col_poleup,GAME/LARA.C,3477,FallFromRope,combat-camera-context,no,no,no
5893,0aaa76206517,lara_col_poleup,GAME/LARA.C,3481,lara_as_ropel,combat-camera-context,no,no,no
5894,0aaa76206517,lara_col_poleup,GAME/LARA.C,3496,FallFromRope,combat-camera-context,no,no,no
5895,0aaa76206517,lara_col_poleup,GAME/LARA.C,3500,lara_col_rope,combat-camera-context,no,no,no
5896,0aaa76206517,lara_col_poleup,GAME/LARA.C,3504,UpdateRopeSwing,combat-camera-context,no,no,no
5897,0aaa76206517,lara_col_poleup,GAME/LARA.C,3535,FallFromRope,combat-camera-context,no,no,no
5898,0aaa76206517,lara_col_poleup,GAME/LARA.C,3539,lara_as_rope,combat-camera-context,no,no,no
5899,0aaa76206517,lara_col_poleup,GAME/LARA.C,3542,FallFromRope,combat-camera-context,no,no,no
5900,0aaa76206517,lara_col_poleup,GAME/LARA.C,3545,LookUpDown,combat-camera-context,no,no,no
5901,0aaa76206517,lara_col_poleup,GAME/LARA.C,3548,ApplyVelocityToRope,combat-camera-context,no,no,no
5902,0aaa76206517,lara_col_poleup,GAME/LARA.C,3550,SetPendulumVelocity,combat-camera-context,no,no,no
5903,0aaa76206517,lara_col_poleup,GAME/LARA.C,3551,SIN,combat-camera-context,no,no,no
5904,0aaa76206517,lara_col_poleup,GAME/LARA.C,3553,COS,combat-camera-context,no,no,no
5905,0aaa76206517,lara_col_poleup,GAME/LARA.C,3556,UpdateRopeSwing,combat-camera-context,no,no,no
5906,0aaa76206517,lara_col_poleup,GAME/LARA.C,3558,UNIMPLEMENTED,combat-camera-context,no,no,no
5907,0aaa76206517,lara_col_poleup,GAME/LARA.C,3561,JumpOffRope,combat-camera-context,no,no,no
5908,0aaa76206517,lara_col_poleup,GAME/LARA.C,3603,FallFromRope,combat-camera-context,no,no,no
5909,0aaa76206517,lara_col_poleup,GAME/LARA.C,3605,ABS,combat-camera-context,no,no,no
5910,0aaa76206517,lara_col_poleup,GAME/LARA.C,3605,ABS,combat-camera-context,no,no,no
5911,0aaa76206517,lara_col_poleup,GAME/LARA.C,3621,lara_col_poledown,combat-camera-context,no,no,no
5912,0aaa76206517,lara_col_poleup,GAME/LARA.C,3627,LookUpDown,combat-camera-context,no,no,no
5913,0aaa76206517,lara_col_poleup,GAME/LARA.C,3643,GetLaraCollisionInfo,combat-camera-context,no,no,no
5914,0aaa76206517,lara_col_poleup,GAME/LARA.C,3649,GetHeight,combat-camera-context,no,no,no
5915,0aaa76206517,lara_col_poleup,GAME/LARA.C,3649,GetFloor,combat-camera-context,no,no,no
5916,0aaa76206517,lara_col_poleup,GAME/LARA.C,3675,SoundEffect,combat-camera-context,no,no,no
5917,0aaa76206517,lara_col_poleup,GAME/LARA.C,3677,CLAMP,combat-camera-context,no,no,no
5918,0aaa76206517,lara_col_poleup,GAME/LARA.C,3677,ANGLE,combat-camera-context,no,no,no
5919,0aaa76206517,lara_col_poleup,GAME/LARA.C,3682,lara_col_poleup,combat-camera-context,no,no,no
5920,0aaa76206517,lara_col_poleup,GAME/LARA.C,3690,LookUpDown,combat-camera-context,no,no,no
5921,0aaa76206517,lara_col_poleup,GAME/LARA.C,3698,GetCeiling,combat-camera-context,no,no,no
5922,0aaa76206517,lara_col_poleup,GAME/LARA.C,3698,GetFloor,combat-camera-context,no,no,no
5923,0aaa76206517,lara_col_poleup,GAME/LARA.C,3699,SECTOR,combat-camera-context,no,no,no
5924,0aaa76206517,lara_col_poleup,GAME/LARA.C,3703,lara_as_poleright,combat-camera-context,no,no,no
5925,0aaa76206517,lara_col_poleup,GAME/LARA.C,3713,lara_as_poleleft,combat-camera-context,no,no,no
5926,0aaa76206517,lara_col_poleup,GAME/LARA.C,3723,lara_col_polestat,combat-camera-context,no,no,no
5927,0aaa76206517,lara_col_poleup,GAME/LARA.C,3749,GetLaraCollisionInfo,combat-camera-context,no,no,no
5928,0aaa76206517,lara_col_poleup,GAME/LARA.C,3765,LookUpDown,combat-camera-context,no,no,no
5929,0aaa76206517,lara_col_poleup,GAME/LARA.C,3771,GetCeiling,combat-camera-context,no,no,no
5930,0aaa76206517,lara_col_poleup,GAME/LARA.C,3771,GetFloor,combat-camera-context,no,no,no
5931,0aaa76206517,lara_col_poleup,GAME/LARA.C,3772,SECTOR,combat-camera-context,no,no,no
5932,0aaa76206517,lara_col_poleup,GAME/LARA.C,3793,SIN,combat-camera-context,no,no,no
5933,0aaa76206517,lara_col_poleup,GAME/LARA.C,3794,COS,combat-camera-context,no,no,no
5934,0aaa76206517,lara_col_poleup,GAME/LARA.C,3799,lara_col_monkey180,combat-camera-context,no,no,no
5935,0aaa76206517,lara_col_poleup,GAME/LARA.C,3801,lara_col_monkeyswing,combat-camera-context,no,no,no
5936,0aaa76206517,lara_col_poleup,GAME/LARA.C,3804,lara_as_monkey180,combat-camera-context,no,no,no
5937,0aaa76206517,lara_col_poleup,GAME/LARA.C,3811,lara_as_hangturnr,combat-camera-context,no,no,no
5938,0aaa76206517,lara_col_poleup,GAME/LARA.C,3817,ANGLE,combat-camera-context,no,no,no
5939,0aaa76206517,lara_col_poleup,GAME/LARA.C,3824,lara_col_hangturnlr,combat-camera-context,no,no,no
5940,0aaa76206517,lara_col_poleup,GAME/LARA.C,3838,GetCollisionInfo,combat-camera-context,no,no,no
5941,0aaa76206517,lara_col_poleup,GAME/LARA.C,3839,MonkeySwingSnap,combat-camera-context,no,no,no
5942,0aaa76206517,lara_col_poleup,GAME/LARA.C,3843,MonkeySwingFall,combat-camera-context,no,no,no
5943,0aaa76206517,lara_col_poleup,GAME/LARA.C,3847,lara_as_hangturnl,combat-camera-context,no,no,no
5944,0aaa76206517,lara_col_poleup,GAME/LARA.C,3853,ANGLE,combat-camera-context,no,no,no
5945,0aaa76206517,lara_col_poleup,GAME/LARA.C,3860,lara_col_monkeyr,combat-camera-context,no,no,no
5946,0aaa76206517,lara_col_poleup,GAME/LARA.C,3864,TestMonkeyRight,combat-camera-context,no,no,no
5947,0aaa76206517,lara_col_poleup,GAME/LARA.C,3866,MonkeySwingSnap,combat-camera-context,no,no,no
5948,0aaa76206517,lara_col_poleup,GAME/LARA.C,3878,MonkeySwingFall,combat-camera-context,no,no,no
5949,0aaa76206517,lara_col_poleup,GAME/LARA.C,3882,lara_as_monkeyr,combat-camera-context,no,no,no
5950,0aaa76206517,lara_col_poleup,GAME/LARA.C,3900,ANGLE,combat-camera-context,no,no,no
5951,0aaa76206517,lara_col_poleup,GAME/LARA.C,3905,ANGLE,combat-camera-context,no,no,no
5952,0aaa76206517,lara_col_poleup,GAME/LARA.C,3909,lara_col_monkeyl,combat-camera-context,no,no,no
5953,0aaa76206517,lara_col_poleup,GAME/LARA.C,3913,TestMonkeyLeft,combat-camera-context,no,no,no
5954,0aaa76206517,lara_col_poleup,GAME/LARA.C,3915,MonkeySwingSnap,combat-camera-context,no,no,no
5955,0aaa76206517,lara_col_poleup,GAME/LARA.C,3927,MonkeySwingFall,combat-camera-context,no,no,no
5956,0aaa76206517,lara_col_poleup,GAME/LARA.C,3931,lara_as_monkeyl,combat-camera-context,no,no,no
5957,0aaa76206517,lara_col_poleup,GAME/LARA.C,3949,ANGLE,combat-camera-context,no,no,no
5958,0aaa76206517,lara_col_poleup,GAME/LARA.C,3954,ANGLE,combat-camera-context,no,no,no
5959,0aaa76206517,lara_col_poleup,GAME/LARA.C,3958,lara_col_monkeyswing,combat-camera-context,no,no,no
5960,0aaa76206517,lara_col_poleup,GAME/LARA.C,3974,GetCollisionInfo,combat-camera-context,no,no,no
5961,0aaa76206517,lara_col_poleup,GAME/LARA.C,3977,ABS,combat-camera-context,no,no,no
5962,0aaa76206517,lara_col_poleup,GAME/LARA.C,3987,ABS,combat-camera-context,no,no,no
5963,0aaa76206517,lara_col_poleup,GAME/LARA.C,3989,ABS,combat-camera-context,no,no,no
5964,0aaa76206517,lara_col_poleup,GAME/LARA.C,3991,ShiftItem,combat-camera-context,no,no,no
5965,0aaa76206517,lara_col_poleup,GAME/LARA.C,3992,ANGLE,combat-camera-context,no,no,no
5966,0aaa76206517,lara_col_poleup,GAME/LARA.C,3997,ShiftItem,combat-camera-context,no,no,no
5967,0aaa76206517,lara_col_poleup,GAME/LARA.C,3998,ANGLE,combat-camera-context,no,no,no
5968,0aaa76206517,lara_col_poleup,GAME/LARA.C,4001,ANGLE,combat-camera-context,no,no,no
5969,0aaa76206517,lara_col_poleup,GAME/LARA.C,4002,MonkeySwingSnap,combat-camera-context,no,no,no
5970,0aaa76206517,lara_col_poleup,GAME/LARA.C,4007,MonkeySwingFall,combat-camera-context,no,no,no
5971,0aaa76206517,lara_col_poleup,GAME/LARA.C,4011,lara_as_monkeyswing,combat-camera-context,no,no,no
5972,0aaa76206517,lara_col_poleup,GAME/LARA.C,4027,LookUpDown,combat-camera-context,no,no,no
5973,0aaa76206517,lara_col_poleup,GAME/LARA.C,4038,ANGLE,combat-camera-context,no,no,no
5974,0aaa76206517,lara_col_poleup,GAME/LARA.C,4039,ANGLE,combat-camera-context,no,no,no
5975,0aaa76206517,lara_col_poleup,GAME/LARA.C,4045,ANGLE,combat-camera-context,no,no,no
5976,0aaa76206517,lara_col_poleup,GAME/LARA.C,4046,ANGLE,combat-camera-context,no,no,no
5977,0aaa76206517,lara_col_poleup,GAME/LARA.C,4050,lara_col_hang2,combat-camera-context,no,no,no
5978,0aaa76206517,lara_col_poleup,GAME/LARA.C,4068,GetCollisionInfo,combat-camera-context,no,no,no
5979,0aaa76206517,lara_col_poleup,GAME/LARA.C,4070,ABS,combat-camera-context,no,no,no
5980,0aaa76206517,lara_col_poleup,GAME/LARA.C,4074,TestMonkeyLeft,combat-camera-context,no,no,no
5981,0aaa76206517,lara_col_poleup,GAME/LARA.C,4078,TestMonkeyRight,combat-camera-context,no,no,no
5982,0aaa76206517,lara_col_poleup,GAME/LARA.C,4091,MonkeySwingSnap,combat-camera-context,no,no,no
5983,0aaa76206517,lara_col_poleup,GAME/LARA.C,4095,LaraHangTest,combat-camera-context,no,no,no
5984,0aaa76206517,lara_col_poleup,GAME/LARA.C,4099,TestForObjectOnLedge,combat-camera-context,no,no,no
5985,0aaa76206517,lara_col_poleup,GAME/LARA.C,4149,lara_as_hang2,combat-camera-context,no,no,no
5986,0aaa76206517,lara_col_poleup,GAME/LARA.C,4167,MonkeySwingFall,combat-camera-context,no,no,no
5987,0aaa76206517,lara_col_poleup,GAME/LARA.C,4170,ANGLE,combat-camera-context,no,no,no
5988,0aaa76206517,lara_col_poleup,GAME/LARA.C,4174,LookUpDown,combat-camera-context,no,no,no
5989,0aaa76206517,lara_col_poleup,GAME/LARA.C,4177,TestMonkeyRight,combat-camera-context,no,no,no
5990,0aaa76206517,lara_col_poleup,GAME/LARA.C,4183,ANGLE,combat-camera-context,no,no,no
5991,0aaa76206517,lara_col_poleup,GAME/LARA.C,4187,GetCollisionInfo,combat-camera-context,no,no,no
5992,0aaa76206517,lara_col_poleup,GAME/LARA.C,4188,ABS,combat-camera-context,no,no,no
5993,0aaa76206517,lara_col_poleup,GAME/LARA.C,4192,GetDirOctant,combat-camera-context,no,no,no
5994,0aaa76206517,lara_col_poleup,GAME/LARA.C,4208,TestMonkeyLeft,combat-camera-context,no,no,no
5995,0aaa76206517,lara_col_poleup,GAME/LARA.C,4214,ANGLE,combat-camera-context,no,no,no
5996,0aaa76206517,lara_col_poleup,GAME/LARA.C,4218,GetCollisionInfo,combat-camera-context,no,no,no
5997,0aaa76206517,lara_col_poleup,GAME/LARA.C,4219,ABS,combat-camera-context,no,no,no
5998,0aaa76206517,lara_col_poleup,GAME/LARA.C,4223,GetDirOctant,combat-camera-context,no,no,no
5999,0aaa76206517,lara_col_poleup,GAME/LARA.C,4240,GetDirOctant,combat-camera-context,no,no,no
6000,0aaa76206517,lara_col_poleup,GAME/LARA.C,4242,ABS,combat-camera-context,no,no,no
6001,0aaa76206517,lara_col_poleup,GAME/LARA.C,4242,ANGLE,combat-camera-context,no,no,no
6002,0aaa76206517,lara_col_poleup,GAME/LARA.C,4242,ABS,combat-camera-context,no,no,no
6003,0aaa76206517,lara_col_poleup,GAME/LARA.C,4242,ANGLE,combat-camera-context,no,no,no
6004,0aaa76206517,lara_col_poleup,GAME/LARA.C,4245,MonkeySwingSnap,combat-camera-context,no,no,no
6005,0aaa76206517,lara_col_poleup,GAME/LARA.C,4249,GetCeiling,combat-camera-context,no,no,no
6006,0aaa76206517,lara_col_poleup,GAME/LARA.C,4249,GetFloor,combat-camera-context,no,no,no
6007,0aaa76206517,lara_col_poleup,GAME/LARA.C,4253,MonkeySwingFall,combat-camera-context,no,no,no
6008,0aaa76206517,lara_col_poleup,GAME/LARA.C,4270,lara_col_dashdive,combat-camera-context,no,no,no
6009,0aaa76206517,lara_col_poleup,GAME/LARA.C,4273,ANGLE,combat-camera-context,no,no,no
6010,0aaa76206517,lara_col_poleup,GAME/LARA.C,4283,GetLaraCollisionInfo,combat-camera-context,no,no,no
6011,0aaa76206517,lara_col_poleup,GAME/LARA.C,4285,LaraDeflectEdgeJump,combat-camera-context,no,no,no
6012,0aaa76206517,lara_col_poleup,GAME/LARA.C,4287,LaraFallen,combat-camera-context,no,no,no
6013,0aaa76206517,lara_col_poleup,GAME/LARA.C,4294,LaraLandedBad,combat-camera-context,no,no,no
6014,0aaa76206517,lara_col_poleup,GAME/LARA.C,4312,AnimateLara,combat-camera-context,no,no,no
6015,0aaa76206517,lara_col_poleup,GAME/LARA.C,4315,ShiftItem,combat-camera-context,no,no,no
6016,0aaa76206517,lara_col_poleup,GAME/LARA.C,4322,lara_as_dashdive,combat-camera-context,no,no,no
6017,0aaa76206517,lara_col_poleup,GAME/LARA.C,4331,lara_col_dash,combat-camera-context,no,no,no
6018,0aaa76206517,lara_col_poleup,GAME/LARA.C,4341,GetLaraCollisionInfo,combat-camera-context,no,no,no
6019,0aaa76206517,lara_col_poleup,GAME/LARA.C,4343,LaraHitCeiling,combat-camera-context,no,no,no
6020,0aaa76206517,lara_col_poleup,GAME/LARA.C,4343,TestLaraVault,combat-camera-context,no,no,no
6021,0aaa76206517,lara_col_poleup,GAME/LARA.C,4345,LaraDeflectEdge,combat-camera-context,no,no,no
6022,0aaa76206517,lara_col_poleup,GAME/LARA.C,4349,TestWall,combat-camera-context,no,no,no
6023,0aaa76206517,lara_col_poleup,GAME/LARA.C,4359,LaraCollideStop,combat-camera-context,no,no,no
6024,0aaa76206517,lara_col_poleup,GAME/LARA.C,4362,LaraFallen,combat-camera-context,no,no,no
6025,0aaa76206517,lara_col_poleup,GAME/LARA.C,4378,TestLaraSlide,combat-camera-context,no,no,no
6026,0aaa76206517,lara_col_poleup,GAME/LARA.C,4394,lara_as_dash,combat-camera-context,no,no,no
6027,0aaa76206517,lara_col_poleup,GAME/LARA.C,4419,ANGLE,combat-camera-context,no,no,no
6028,0aaa76206517,lara_col_poleup,GAME/LARA.C,4420,ANGLE,combat-camera-context,no,no,no
6029,0aaa76206517,lara_col_poleup,GAME/LARA.C,4422,ANGLE,combat-camera-context,no,no,no
6030,0aaa76206517,lara_col_poleup,GAME/LARA.C,4423,ANGLE,combat-camera-context,no,no,no
6031,0aaa76206517,lara_col_poleup,GAME/LARA.C,4424,ANGLE,combat-camera-context,no,no,no
6032,0aaa76206517,lara_col_poleup,GAME/LARA.C,4429,ANGLE,combat-camera-context,no,no,no
6033,0aaa76206517,lara_col_poleup,GAME/LARA.C,4430,ANGLE,combat-camera-context,no,no,no
6034,0aaa76206517,lara_col_poleup,GAME/LARA.C,4432,ANGLE,combat-camera-context,no,no,no
6035,0aaa76206517,lara_col_poleup,GAME/LARA.C,4433,ANGLE,combat-camera-context,no,no,no
6036,0aaa76206517,lara_col_poleup,GAME/LARA.C,4434,ANGLE,combat-camera-context,no,no,no
6037,0aaa76206517,lara_col_poleup,GAME/LARA.C,4457,lara_col_crawl2hang,combat-camera-context,no,no,no
6038,0aaa76206517,lara_col_poleup,GAME/LARA.C,4460,ANGLE,combat-camera-context,no,no,no
6039,0aaa76206517,lara_col_poleup,GAME/LARA.C,4480,GetCollisionInfo,combat-camera-context,no,no,no
6040,0aaa76206517,lara_col_poleup,GAME/LARA.C,4481,LaraTestEdgeCatch,combat-camera-context,no,no,no
6041,0aaa76206517,lara_col_poleup,GAME/LARA.C,4485,LaraTestHangOnClimbWall,combat-camera-context,no,no,no
6042,0aaa76206517,lara_col_poleup,GAME/LARA.C,4489,ABS,combat-camera-context,no,no,no
6043,0aaa76206517,lara_col_poleup,GAME/LARA.C,4489,ANGLE,combat-camera-context,no,no,no
6044,0aaa76206517,lara_col_poleup,GAME/LARA.C,4493,ANGLE,combat-camera-context,no,no,no
6045,0aaa76206517,lara_col_poleup,GAME/LARA.C,4497,ABS,combat-camera-context,no,no,no
6046,0aaa76206517,lara_col_poleup,GAME/LARA.C,4499,ANGLE,combat-camera-context,no,no,no
6047,0aaa76206517,lara_col_poleup,GAME/LARA.C,4503,ANGLE,combat-camera-context,no,no,no
6048,0aaa76206517,lara_col_poleup,GAME/LARA.C,4516,TestHangSwingIn,combat-camera-context,no,no,no
6049,0aaa76206517,lara_col_poleup,GAME/LARA.C,4538,GetBoundsAccurate,combat-camera-context,no,no,no
6050,0aaa76206517,lara_col_poleup,GAME/LARA.C,4564,lara_col_crawlb,combat-camera-context,no,no,no
6051,0aaa76206517,lara_col_poleup,GAME/LARA.C,4578,ANGLE,combat-camera-context,no,no,no
6052,0aaa76206517,lara_col_poleup,GAME/LARA.C,4582,GetCollisionInfo,combat-camera-context,no,no,no
6053,0aaa76206517,lara_col_poleup,GAME/LARA.C,4584,LaraDeflectEdgeDuck,combat-camera-context,no,no,no
6054,0aaa76206517,lara_col_poleup,GAME/LARA.C,4595,LaraFallen,combat-camera-context,no,no,no
6055,0aaa76206517,lara_col_poleup,GAME/LARA.C,4599,TestLaraSlide,combat-camera-context,no,no,no
6056,0aaa76206517,lara_col_poleup,GAME/LARA.C,4601,ShiftItem,combat-camera-context,no,no,no
6057,0aaa76206517,lara_col_poleup,GAME/LARA.C,4610,lara_as_crawlb,combat-camera-context,no,no,no
6058,0aaa76206517,lara_col_poleup,GAME/LARA.C,4620,LookUpDown,combat-camera-context,no,no,no
6059,0aaa76206517,lara_col_poleup,GAME/LARA.C,4628,ANGLE,combat-camera-context,no,no,no
6060,0aaa76206517,lara_col_poleup,GAME/LARA.C,4635,ANGLE,combat-camera-context,no,no,no
6061,0aaa76206517,lara_col_poleup,GAME/LARA.C,4636,ANGLE,combat-camera-context,no,no,no
6062,0aaa76206517,lara_col_poleup,GAME/LARA.C,4641,ANGLE,combat-camera-context,no,no,no
6063,0aaa76206517,lara_col_poleup,GAME/LARA.C,4642,ANGLE,combat-camera-context,no,no,no
6064,0aaa76206517,lara_col_poleup,GAME/LARA.C,4651,lara_as_all4turnr,combat-camera-context,no,no,no
6065,0aaa76206517,lara_col_poleup,GAME/LARA.C,4658,ANGLE,combat-camera-context,no,no,no
6066,0aaa76206517,lara_col_poleup,GAME/LARA.C,4659,ANGLE,combat-camera-context,no,no,no
6067,0aaa76206517,lara_col_poleup,GAME/LARA.C,4666,lara_col_all4turnlr,combat-camera-context,no,no,no
6068,0aaa76206517,lara_col_poleup,GAME/LARA.C,4668,GetCollisionInfo,combat-camera-context,no,no,no
6069,0aaa76206517,lara_col_poleup,GAME/LARA.C,4670,TestLaraSlide,combat-camera-context,no,no,no
6070,0aaa76206517,lara_col_poleup,GAME/LARA.C,4677,lara_as_all4turnl,combat-camera-context,no,no,no
6071,0aaa76206517,lara_col_poleup,GAME/LARA.C,4684,ANGLE,combat-camera-context,no,no,no
6072,0aaa76206517,lara_col_poleup,GAME/LARA.C,4685,ANGLE,combat-camera-context,no,no,no
6073,0aaa76206517,lara_col_poleup,GAME/LARA.C,4692,lara_col_crawl,combat-camera-context,no,no,no
6074,0aaa76206517,lara_col_poleup,GAME/LARA.C,4710,GetCollisionInfo,combat-camera-context,no,no,no
6075,0aaa76206517,lara_col_poleup,GAME/LARA.C,4712,LaraDeflectEdgeDuck,combat-camera-context,no,no,no
6076,0aaa76206517,lara_col_poleup,GAME/LARA.C,4723,LaraFallen,combat-camera-context,no,no,no
6077,0aaa76206517,lara_col_poleup,GAME/LARA.C,4727,TestLaraSlide,combat-camera-context,no,no,no
6078,0aaa76206517,lara_col_poleup,GAME/LARA.C,4729,ShiftItem,combat-camera-context,no,no,no
6079,0aaa76206517,lara_col_poleup,GAME/LARA.C,4736,lara_as_crawl,combat-camera-context,no,no,no
6080,0aaa76206517,lara_col_poleup,GAME/LARA.C,4746,LookUpDown,combat-camera-context,no,no,no
6081,0aaa76206517,lara_col_poleup,GAME/LARA.C,4754,ANGLE,combat-camera-context,no,no,no
6082,0aaa76206517,lara_col_poleup,GAME/LARA.C,4764,ANGLE,combat-camera-context,no,no,no
6083,0aaa76206517,lara_col_poleup,GAME/LARA.C,4765,ANGLE,combat-camera-context,no,no,no
6084,0aaa76206517,lara_col_poleup,GAME/LARA.C,4771,ANGLE,combat-camera-context,no,no,no
6085,0aaa76206517,lara_col_poleup,GAME/LARA.C,4772,ANGLE,combat-camera-context,no,no,no
6086,0aaa76206517,lara_col_poleup,GAME/LARA.C,4781,lara_col_all4s,combat-camera-context,no,no,no
6087,0aaa76206517,lara_col_poleup,GAME/LARA.C,4799,GetCollisionInfo,combat-camera-context,no,no,no
6088,0aaa76206517,lara_col_poleup,GAME/LARA.C,4801,LaraFallen,combat-camera-context,no,no,no
6089,0aaa76206517,lara_col_poleup,GAME/LARA.C,4805,TestLaraSlide,combat-camera-context,no,no,no
6090,0aaa76206517,lara_col_poleup,GAME/LARA.C,4807,ABS,combat-camera-context,no,no,no
6091,0aaa76206517,lara_col_poleup,GAME/LARA.C,4810,ShiftItem,combat-camera-context,no,no,no
6092,0aaa76206517,lara_col_poleup,GAME/LARA.C,4824,ABS,combat-camera-context,no,no,no
6093,0aaa76206517,lara_col_poleup,GAME/LARA.C,4824,LaraFloorFront,combat-camera-context,no,no,no
6094,0aaa76206517,lara_col_poleup,GAME/LARA.C,4829,LaraCeilingFront,combat-camera-context,no,no,no
6095,0aaa76206517,lara_col_poleup,GAME/LARA.C,4840,SIN,combat-camera-context,no,no,no
6096,0aaa76206517,lara_col_poleup,GAME/LARA.C,4840,ANGLE,combat-camera-context,no,no,no
6097,0aaa76206517,lara_col_poleup,GAME/LARA.C,4841,COS,combat-camera-context,no,no,no
6098,0aaa76206517,lara_col_poleup,GAME/LARA.C,4841,ANGLE,combat-camera-context,no,no,no
6099,0aaa76206517,lara_col_poleup,GAME/LARA.C,4843,LaraFloorFront,combat-camera-context,no,no,no
6100,0aaa76206517,lara_col_poleup,GAME/LARA.C,4845,SIN,combat-camera-context,no,no,no
6101,0aaa76206517,lara_col_poleup,GAME/LARA.C,4845,ANGLE,combat-camera-context,no,no,no
6102,0aaa76206517,lara_col_poleup,GAME/LARA.C,4846,COS,combat-camera-context,no,no,no
6103,0aaa76206517,lara_col_poleup,GAME/LARA.C,4846,ANGLE,combat-camera-context,no,no,no
6104,0aaa76206517,lara_col_poleup,GAME/LARA.C,4848,LaraFloorFront,combat-camera-context,no,no,no
6105,0aaa76206517,lara_col_poleup,GAME/LARA.C,4854,LaraFloorFront,combat-camera-context,no,no,no
6106,0aaa76206517,lara_col_poleup,GAME/LARA.C,4856,ABS,combat-camera-context,no,no,no
6107,0aaa76206517,lara_col_poleup,GAME/LARA.C,4871,SIN,combat-camera-context,no,no,no
6108,0aaa76206517,lara_col_poleup,GAME/LARA.C,4872,SIN,combat-camera-context,no,no,no
6109,0aaa76206517,lara_col_poleup,GAME/LARA.C,4874,GetCollidedObjects,combat-camera-context,no,no,no
6110,0aaa76206517,lara_col_poleup,GAME/LARA.C,4875,S_Warn,combat-camera-context,no,no,no
6111,0aaa76206517,lara_col_poleup,GAME/LARA.C,4876,GetCollidedObjects,combat-camera-context,no,no,no
6112,0aaa76206517,lara_col_poleup,GAME/LARA.C,4883,ANGLE,combat-camera-context,no,no,no
6113,0aaa76206517,lara_col_poleup,GAME/LARA.C,4883,ANGLE,combat-camera-context,no,no,no
6114,0aaa76206517,lara_col_poleup,GAME/LARA.C,4890,ANGLE,combat-camera-context,no,no,no
6115,0aaa76206517,lara_col_poleup,GAME/LARA.C,4894,ANGLE,combat-camera-context,no,no,no
6116,0aaa76206517,lara_col_poleup,GAME/LARA.C,4898,ANGLE,combat-camera-context,no,no,no
6117,0aaa76206517,lara_col_poleup,GAME/LARA.C,4940,lara_as_all4s,combat-camera-context,no,no,no
6118,0aaa76206517,lara_col_poleup,GAME/LARA.C,4951,LaraFloorFront,combat-camera-context,no,no,no
6119,0aaa76206517,lara_col_poleup,GAME/LARA.C,4952,LaraCeilingFront,combat-camera-context,no,no,no
6120,0aaa76206517,lara_col_poleup,GAME/LARA.C,4953,LaraCeilingFront,combat-camera-context,no,no,no
6121,0aaa76206517,lara_col_poleup,GAME/LARA.C,4964,SIN,combat-camera-context,no,no,no
6122,0aaa76206517,lara_col_poleup,GAME/LARA.C,4966,COS,combat-camera-context,no,no,no
6123,0aaa76206517,lara_col_poleup,GAME/LARA.C,4968,LOS,combat-camera-context,no,no,no
6124,0aaa76206517,lara_col_poleup,GAME/LARA.C,4970,ObjectOnLOS2,combat-camera-context,no,no,no
6125,0aaa76206517,lara_col_poleup,GAME/LARA.C,4983,LookUpDown,combat-camera-context,no,no,no
6126,0aaa76206517,lara_col_poleup,GAME/LARA.C,4994,ANGLE,combat-camera-context,no,no,no
6127,0aaa76206517,lara_col_poleup,GAME/LARA.C,4997,lara_col_duck,combat-camera-context,no,no,no
6128,0aaa76206517,lara_col_poleup,GAME/LARA.C,5008,GetCollisionInfo,combat-camera-context,no,no,no
6129,0aaa76206517,lara_col_poleup,GAME/LARA.C,5010,LaraFallen,combat-camera-context,no,no,no
6130,0aaa76206517,lara_col_poleup,GAME/LARA.C,5017,TestLaraSlide,combat-camera-context,no,no,no
6131,0aaa76206517,lara_col_poleup,GAME/LARA.C,5029,ShiftItem,combat-camera-context,no,no,no
6132,0aaa76206517,lara_col_poleup,GAME/LARA.C,5088,lara_as_duck,combat-camera-context,no,no,no
6133,0aaa76206517,lara_col_poleup,GAME/LARA.C,5102,LookUpDown,combat-camera-context,no,no,no
6134,0aaa76206517,lara_col_poleup,GAME/LARA.C,5138,lara_col_ducklr,combat-camera-context,no,no,no
6135,0aaa76206517,lara_col_poleup,GAME/LARA.C,5151,GetCollisionInfo,combat-camera-context,no,no,no
6136,0aaa76206517,lara_col_poleup,GAME/LARA.C,5153,LaraFallen,combat-camera-context,no,no,no
6137,0aaa76206517,lara_col_poleup,GAME/LARA.C,5157,TestLaraSlide,combat-camera-context,no,no,no
6138,0aaa76206517,lara_col_poleup,GAME/LARA.C,5164,ShiftItem,combat-camera-context,no,no,no
6139,0aaa76206517,lara_col_poleup,GAME/LARA.C,5171,lara_as_duckr,combat-camera-context,no,no,no
6140,0aaa76206517,lara_col_poleup,GAME/LARA.C,5176,ANGLE,combat-camera-context,no,no,no
6141,0aaa76206517,lara_col_poleup,GAME/LARA.C,5179,lara_as_duckl,combat-camera-context,no,no,no
6142,0aaa76206517,lara_col_poleup,GAME/LARA.C,5184,ANGLE,combat-camera-context,no,no,no
6143,0aaa76206517,lara_col_poleup,GAME/LARA.C,5187,LaraAboveWater,combat-camera-context,no,no,no
6144,0aaa76206517,lara_col_poleup,GAME/LARA.C,5208,LookLeftRight,combat-camera-context,no,no,no
6145,0aaa76206517,lara_col_poleup,GAME/LARA.C,5210,ResetLook,combat-camera-context,no,no,no
6146,0aaa76206517,lara_col_poleup,GAME/LARA.C,5214,CLAMPADD2,combat-camera-context,no,no,no
6147,0aaa76206517,lara_col_poleup,GAME/LARA.C,5214,ANGLE,combat-camera-context,no,no,no
6148,0aaa76206517,lara_col_poleup,GAME/LARA.C,5214,ANGLE,combat-camera-context,no,no,no
6149,0aaa76206517,lara_col_poleup,GAME/LARA.C,5215,CLAMPADD2,combat-camera-context,no,no,no
6150,0aaa76206517,lara_col_poleup,GAME/LARA.C,5215,ANGLE,combat-camera-context,no,no,no
6151,0aaa76206517,lara_col_poleup,GAME/LARA.C,5215,ANGLE,combat-camera-context,no,no,no
6152,0aaa76206517,lara_col_poleup,GAME/LARA.C,5218,AnimateLara,combat-camera-context,no,no,no
6153,0aaa76206517,lara_col_poleup,GAME/LARA.C,5219,LaraBaddieCollision,combat-camera-context,no,no,no
6154,0aaa76206517,lara_col_poleup,GAME/LARA.C,5221,UpdateLaraRoom,combat-camera-context,no,no,no
6155,0aaa76206517,lara_col_poleup,GAME/LARA.C,5228,LaraGun,combat-camera-context,no,no,no
6156,0aaa76206517,lara_col_poleup,GAME/LARA.C,5230,TestTriggers,combat-camera-context,no,no,no
6157,0aaa76206517,lara_col_poleup,GAME/LARA.C,5233,TestHangSwingIn,combat-camera-context,no,no,no
6158,0aaa76206517,lara_col_poleup,GAME/LARA.C,5242,ANGLE,combat-camera-context,no,no,no
6159,0aaa76206517,lara_col_poleup,GAME/LARA.C,5246,ANGLE,combat-camera-context,no,no,no
6160,0aaa76206517,lara_col_poleup,GAME/LARA.C,5250,ANGLE,combat-camera-context,no,no,no
6161,0aaa76206517,lara_col_poleup,GAME/LARA.C,5259,GetFloor,combat-camera-context,no,no,no
6162,0aaa76206517,lara_col_poleup,GAME/LARA.C,5260,GetHeight,combat-camera-context,no,no,no
6163,0aaa76206517,lara_col_poleup,GAME/LARA.C,5261,GetCeiling,combat-camera-context,no,no,no
6164,0aaa76206517,lara_col_poleup,GAME/LARA.C,5266,LaraHangLeftCornerTest,combat-camera-context,no,no,no
6165,0aaa76206517,lara_col_poleup,GAME/LARA.C,5268,UNIMPLEMENTED,combat-camera-context,no,no,no
6166,0aaa76206517,lara_col_poleup,GAME/LARA.C,5272,LaraHangRightCornerTest,combat-camera-context,no,no,no
6167,0aaa76206517,lara_col_poleup,GAME/LARA.C,5274,UNIMPLEMENTED,combat-camera-context,no,no,no
6168,0aaa76206517,lara_col_poleup,GAME/LARA.C,5278,IsValidHangPos,combat-camera-context,no,no,no
6169,0aaa76206517,lara_col_poleup,GAME/LARA.C,5280,LaraFloorFront,combat-camera-context,no,no,no
6170,0aaa76206517,lara_col_poleup,GAME/LARA.C,5283,ANGLE,combat-camera-context,no,no,no
6171,0aaa76206517,lara_col_poleup,GAME/LARA.C,5283,ANGLE,combat-camera-context,no,no,no
6172,0aaa76206517,lara_col_poleup,GAME/LARA.C,5307,GetLaraCollisionInfo,combat-camera-context,no,no,no
6173,0aaa76206517,lara_col_poleup,GAME/LARA.C,5312,ABS,combat-camera-context,no,no,no
6174,0aaa76206517,lara_col_poleup,GAME/LARA.C,5315,LaraHangTest,combat-camera-context,no,no,no
6175,0aaa76206517,lara_col_poleup,GAME/LARA.C,5336,ANGLE,combat-camera-context,no,no,no
6176,0aaa76206517,lara_col_poleup,GAME/LARA.C,5340,ANGLE,combat-camera-context,no,no,no
6177,0aaa76206517,lara_col_poleup,GAME/LARA.C,5349,LaraFloorFront,combat-camera-context,no,no,no
6178,0aaa76206517,lara_col_poleup,GAME/LARA.C,5357,LaraCeilingFront,combat-camera-context,no,no,no
6179,0aaa76206517,lara_col_poleup,GAME/LARA.C,5358,ANGLE,combat-camera-context,no,no,no
6180,0aaa76206517,lara_col_poleup,GAME/LARA.C,5392,GetLaraCollisionInfo,combat-camera-context,no,no,no
6181,0aaa76206517,lara_col_poleup,GAME/LARA.C,5421,LaraTestHangOnClimbWall,combat-camera-context,no,no,no
6182,0aaa76206517,lara_col_poleup,GAME/LARA.C,5426,SnapLaraToEdgeOfBlock,combat-camera-context,no,no,no
6183,0aaa76206517,lara_col_poleup,GAME/LARA.C,5451,LaraTestClimbStance,combat-camera-context,no,no,no
6184,0aaa76206517,lara_col_poleup,GAME/LARA.C,5471,GetBoundsAccurate,combat-camera-context,no,no,no
6185,0aaa76206517,lara_col_poleup,GAME/LARA.C,5476,GetBoundsAccurate,combat-camera-context,no,no,no
6186,0aaa76206517,lara_col_poleup,GAME/LARA.C,5501,GetBoundsAccurate,combat-camera-context,no,no,no
6187,0aaa76206517,lara_col_poleup,GAME/LARA.C,5504,GetBoundsAccurate,combat-camera-context,no,no,no
6188,0aaa76206517,lara_col_poleup,GAME/LARA.C,5536,GetClimbTrigger,combat-camera-context,no,no,no
6189,0aaa76206517,lara_col_poleup,GAME/LARA.C,5538,LaraTestHangOnClimbWall,combat-camera-context,no,no,no
6190,0aaa76206517,lara_col_poleup,GAME/LARA.C,5630,SnapLaraToEdgeOfBlock,combat-camera-context,no,no,no
6191,0aaa76206517,lara_col_poleup,GAME/LARA.C,5673,LaraTestHangOnClimbWall,combat-camera-context,no,no,no
6192,0aaa76206517,lara_col_poleup,GAME/LARA.C,5684,ANGLE,combat-camera-context,no,no,no
6193,0aaa76206517,lara_col_poleup,GAME/LARA.C,5700,GetBoundsAccurate,combat-camera-context,no,no,no
6194,0aaa76206517,lara_col_poleup,GAME/LARA.C,5704,LaraCeilingFront,combat-camera-context,no,no,no
6195,0aaa76206517,lara_col_poleup,GAME/LARA.C,5705,LaraCeilingFront,combat-camera-context,no,no,no
6196,0aaa76206517,lara_col_poleup,GAME/LARA.C,5707,ABS,combat-camera-context,no,no,no
6197,0aaa76206517,lara_col_poleup,GAME/LARA.C,5711,LaraTestClimbPos,combat-camera-context,no,no,no
6198,0aaa76206517,lara_col_poleup,GAME/LARA.C,5712,LaraTestClimbPos,combat-camera-context,no,no,no
6199,0aaa76206517,lara_col_poleup,GAME/LARA.C,5714,LaraTestClimbPos,combat-camera-context,no,no,no
6200,0aaa76206517,lara_col_poleup,GAME/LARA.C,5730,LaraSlideEdgeJump,combat-camera-context,no,no,no
6201,0aaa76206517,lara_col_poleup,GAME/LARA.C,5732,ShiftItem,combat-camera-context,no,no,no
6202,0aaa76206517,lara_col_poleup,GAME/LARA.C,5737,ANGLE,combat-camera-context,no,no,no
6203,0aaa76206517,lara_col_poleup,GAME/LARA.C,5741,ANGLE,combat-camera-context,no,no,no
6204,0aaa76206517,lara_col_poleup,GAME/LARA.C,5751,COS,combat-camera-context,no,no,no
6205,0aaa76206517,lara_col_poleup,GAME/LARA.C,5752,SIN,combat-camera-context,no,no,no
6206,0aaa76206517,lara_col_poleup,GAME/LARA.C,5765,LaraDeflectEdgeJump,combat-camera-context,no,no,no
6207,0aaa76206517,lara_col_poleup,GAME/LARA.C,5767,ShiftItem,combat-camera-context,no,no,no
6208,0aaa76206517,lara_col_poleup,GAME/LARA.C,5796,ANGLE,combat-camera-context,no,no,no
6209,0aaa76206517,lara_col_poleup,GAME/LARA.C,5809,ANGLE,combat-camera-context,no,no,no
6210,0aaa76206517,lara_col_poleup,GAME/LARA.C,5812,ANGLE,combat-camera-context,no,no,no
6211,0aaa76206517,lara_col_poleup,GAME/LARA.C,5815,SIN,combat-camera-context,no,no,no
6212,0aaa76206517,lara_col_poleup,GAME/LARA.C,5816,COS,combat-camera-context,no,no,no
6213,0aaa76206517,lara_col_poleup,GAME/LARA.C,5828,lara_slide_slope,combat-camera-context,no,no,no
6214,0aaa76206517,lara_col_poleup,GAME/LARA.C,5834,GetLaraCollisionInfo,combat-camera-context,no,no,no
6215,0aaa76206517,lara_col_poleup,GAME/LARA.C,5836,LaraHitCeiling,combat-camera-context,no,no,no
6216,0aaa76206517,lara_col_poleup,GAME/LARA.C,5838,LaraDeflectEdge,combat-camera-context,no,no,no
6217,0aaa76206517,lara_col_poleup,GAME/LARA.C,5842,TestLaraSlide,combat-camera-context,no,no,no
6218,0aaa76206517,lara_col_poleup,GAME/LARA.C,5846,ABS,combat-camera-context,no,no,no
6219,0aaa76206517,lara_col_poleup,GAME/LARA.C,5846,ABS,combat-camera-context,no,no,no
6220,0aaa76206517,lara_col_poleup,GAME/LARA.C,5849,StopSoundEffect,combat-camera-context,no,no,no
6221,0aaa76206517,lara_col_poleup,GAME/LARA.C,5871,StopSoundEffect,combat-camera-context,no,no,no
6222,0aaa76206517,lara_col_poleup,GAME/LARA.C,5879,LaraCollideStop,combat-camera-context,no,no,no
6223,0aaa76206517,lara_col_poleup,GAME/LARA.C,5902,AnimateLara,combat-camera-context,no,no,no
6224,0aaa76206517,lara_col_poleup,GAME/LARA.C,5911,TestWall,combat-camera-context,no,no,no
6225,0aaa76206517,lara_col_poleup,GAME/LARA.C,5917,ANGLE,combat-camera-context,no,no,no
6226,0aaa76206517,lara_col_poleup,GAME/LARA.C,5923,ANGLE,combat-camera-context,no,no,no
6227,0aaa76206517,lara_col_poleup,GAME/LARA.C,5941,GetFloor,combat-camera-context,no,no,no
6228,0aaa76206517,lara_col_poleup,GAME/LARA.C,5943,ANGLE,combat-camera-context,no,no,no
6229,0aaa76206517,lara_col_poleup,GAME/LARA.C,5961,GetFloor,combat-camera-context,no,no,no
6230,0aaa76206517,lara_col_poleup,GAME/LARA.C,5962,GetHeight,combat-camera-context,no,no,no
6231,0aaa76206517,lara_col_poleup,GAME/LARA.C,5963,GetCeiling,combat-camera-context,no,no,no
6232,0aaa76206517,lara_col_poleup,GAME/LARA.C,5974,TestLaraVault,combat-camera-context,no,no,no
6233,0aaa76206517,lara_col_poleup,GAME/LARA.C,6303,var_8,combat-camera-context,no,no,no
6234,0aaa76206517,lara_col_poleup,GAME/LARA.C,6304,var_C,combat-camera-context,no,no,no
6235,0aaa76206517,lara_col_poleup,GAME/LARA.C,6305,var_10,combat-camera-context,no,no,no
6236,0aaa76206517,lara_col_poleup,GAME/LARA.C,6306,var_14,combat-camera-context,no,no,no
6237,0aaa76206517,lara_col_poleup,GAME/LARA.C,6307,var_18,combat-camera-context,no,no,no
6238,0aaa76206517,lara_col_poleup,GAME/LARA.C,6314,LaraTestClimbStance,combat-camera-context,no,no,no
6239,0aaa76206517,lara_col_poleup,GAME/LARA.C,6318,LaraTestClimbPos,combat-camera-context,no,no,no
6240,0aaa76206517,lara_col_poleup,GAME/LARA.C,6321,LaraTestClimbPos,combat-camera-context,no,no,no
6241,0aaa76206517,lara_col_poleup,GAME/LARA.C,6333,SIGN,combat-camera-context,no,no,no
6242,0aaa76206517,lara_col_poleup,GAME/LARA.C,6333,SIGN,combat-camera-context,no,no,no
6243,0aaa76206517,lara_col_poleup,GAME/LARA.C,6334,ABS,combat-camera-context,no,no,no
6244,0aaa76206517,lara_col_poleup,GAME/LARA.C,6334,ABS,combat-camera-context,no,no,no
6245,0aaa76206517,lara_col_poleup,GAME/LARA.C,6351,LaraTestEdgeCatch,combat-camera-context,no,no,no
6246,0aaa76206517,lara_col_poleup,GAME/LARA.C,6356,GetBoundsAccurate,combat-camera-context,no,no,no
6247,0aaa76206517,lara_col_poleup,GAME/LARA.C,6398,LaraDeflectEdgeDuck,combat-camera-context,no,no,no
6248,0aaa76206517,lara_col_poleup,GAME/LARA.C,6402,ShiftItem,combat-camera-context,no,no,no
6249,0aaa76206517,lara_col_poleup,GAME/LARA.C,6411,ShiftItem,combat-camera-context,no,no,no
6250,0aaa76206517,lara_col_poleup,GAME/LARA.C,6412,ANGLE,combat-camera-context,no,no,no
6251,0aaa76206517,lara_col_poleup,GAME/LARA.C,6416,ShiftItem,combat-camera-context,no,no,no
6252,0aaa76206517,lara_col_poleup,GAME/LARA.C,6417,ANGLE,combat-camera-context,no,no,no
6253,0aaa76206517,lara_col_poleup,GAME/LARA.C,6423,LaraDeflectEdge,combat-camera-context,no,no,no
6254,0aaa76206517,lara_col_poleup,GAME/LARA.C,6427,ShiftItem,combat-camera-context,no,no,no
6255,0aaa76206517,lara_col_poleup,GAME/LARA.C,6437,ShiftItem,combat-camera-context,no,no,no
6256,0aaa76206517,lara_col_poleup,GAME/LARA.C,6438,ANGLE,combat-camera-context,no,no,no
6257,0aaa76206517,lara_col_poleup,GAME/LARA.C,6445,ShiftItem,combat-camera-context,no,no,no
6258,0aaa76206517,lara_col_poleup,GAME/LARA.C,6446,ANGLE,combat-camera-context,no,no,no
6259,0aaa76206517,lara_col_poleup,GAME/LARA.C,6452,LaraHitCeiling,combat-camera-context,no,no,no
6260,0aaa76206517,lara_col_poleup,GAME/LARA.C,6478,LaraLandedBad,combat-camera-context,no,no,no
6261,0aaa76206517,lara_col_poleup,GAME/LARA.C,6499,LaraFallen,combat-camera-context,no,no,no
6262,0aaa76206517,lara_col_poleup,GAME/LARA.C,6517,TestLaraSlide,combat-camera-context,no,no,no
6263,0aaa76206517,lara_col_poleup,GAME/LARA.C,6523,ABS,combat-camera-context,no,no,no
6264,0aaa76206517,lara_col_poleup,GAME/LARA.C,6523,ABS,combat-camera-context,no,no,no
6265,0aaa76206517,lara_col_poleup,GAME/LARA.C,6527,ANGLE,combat-camera-context,no,no,no
6266,0aaa76206517,lara_col_poleup,GAME/LARA.C,6529,ANGLE,combat-camera-context,no,no,no
6267,0aaa76206517,lara_col_poleup,GAME/LARA.C,6531,ABS,combat-camera-context,no,no,no
6268,0aaa76206517,lara_col_poleup,GAME/LARA.C,6532,ANGLE,combat-camera-context,no,no,no
6269,0aaa76206517,lara_col_poleup,GAME/LARA.C,6533,ABS,combat-camera-context,no,no,no
6270,0aaa76206517,lara_col_poleup,GAME/LARA.C,6538,ShiftItem,combat-camera-context,no,no,no
6271,0aaa76206517,lara_col_poleup,GAME/LARA.C,6570,LaraCeilingFront,combat-camera-context,no,no,no
6272,0aaa76206517,lara_col_poleup,GAME/LARA.C,6582,SIN,combat-camera-context,no,no,no
6273,0aaa76206517,lara_col_poleup,GAME/LARA.C,6583,COS,combat-camera-context,no,no,no
6274,0aaa76206517,lara_col_poleup,GAME/LARA.C,6585,GetCeiling,combat-camera-context,no,no,no
6275,0aaa76206517,lara_col_poleup,GAME/LARA.C,6585,GetFloor,combat-camera-context,no,no,no
6276,0aaa76206517,lara_col_poleup,GAME/LARA.C,6597,SIN,combat-camera-context,no,no,no
6277,0aaa76206517,lara_col_poleup,GAME/LARA.C,6599,COS,combat-camera-context,no,no,no
6278,0aaa76206517,lara_col_poleup,GAME/LARA.C,6601,GetHeight,combat-camera-context,no,no,no
6279,0aaa76206517,lara_col_poleup,GAME/LARA.C,6601,GetFloor,combat-camera-context,no,no,no
6280,0aaa76206517,lara_col_poleup,GAME/LARA.C,6610,LaraFloorFront,combat-camera-context,no,no,no
6281,0aaa76206517,lara_col_poleup,GAME/LARA.C,6621,SIN,combat-camera-context,no,no,no
6282,0aaa76206517,lara_col_poleup,GAME/LARA.C,6622,COS,combat-camera-context,no,no,no
6283,0aaa76206517,lara_col_poleup,GAME/LARA.C,6625,GetHeight,combat-camera-context,no,no,no
6284,0aaa76206517,lara_col_poleup,GAME/LARA.C,6625,GetFloor,combat-camera-context,no,no,no
6285,0aaa76206517,lara_col_poleup,GAME/LARA.C,6637,SIN,combat-camera-context,no,no,no
6286,0aaa76206517,lara_col_poleup,GAME/LARA.C,6639,COS,combat-camera-context,no,no,no
6287,0aaa76206517,lara_col_poleup,GAME/LARA.C,6641,GetHeight,combat-camera-context,no,no,no
6288,0aaa76206517,lara_col_poleup,GAME/LARA.C,6641,GetFloor,combat-camera-context,no,no,no
6289,0aaa76206517,lara_col_poleup,GAME/LARA.C,6650,GetLaraCollisionInfo,combat-camera-context,no,no,no
6290,0aaa76206517,lara_col_poleup,GAME/LARA.C,6653,GetCollisionInfo,combat-camera-context,no,no,no
6291,0aaa76206517,lara_col_poleup,GAME/LARA.C,6657,GetLaraJointPos,combat-camera-context,no,no,no
6292,0aaa76206517,lara_col_poleup,GAME/LARA.C,6659,phd_PushMatrix,combat-camera-context,no,no,no
6293,0aaa76206517,lara_col_poleup,GAME/LARA.C,6674,mTranslateXYZ,combat-camera-context,no,no,no
6294,0aaa76206517,lara_col_poleup,GAME/LARA.C,6684,mPopMatrix,combat-camera-context,no,no,no
6295,0aaa76206517,lara_col_poleup,GAME/LARA.C,6689,AnimateLara,combat-camera-context,no,no,no
6296,0aaa76206517,lara_col_poleup,GAME/LARA.C,6691,UNIMPLEMENTED,combat-camera-context,no,no,no
6297,0aaa76206517,lara_col_poleup,GAME/LARA.C,6695,SetLaraUnderwaterNodes,combat-camera-context,no,no,no
6298,0aaa76206517,lara_col_poleup,GAME/LARA.C,6711,GetFloor,combat-camera-context,no,no,no
6299,0aaa76206517,lara_col_poleup,GAME/LARA.C,6718,GetLaraJointPos,combat-camera-context,no,no,no
6300,0aaa76206517,lara_col_poleup,GAME/LARA.C,6728,GetFloor,combat-camera-context,no,no,no
6301,0aaa76206517,lara_col_poleup,GAME/LARA.C,6755,SetPendulumVelocity,combat-camera-context,no,no,no
6302,0aaa76206517,lara_col_poleup,GAME/LARA.C,6771,LaraClimbRope,combat-camera-context,no,no,no
6303,0aaa76206517,lara_col_poleup,GAME/LARA.C,6773,UNIMPLEMENTED,combat-camera-context,no,no,no
6304,0aaa76206517,lara_col_poleup,GAME/LARA.C,6776,FireChaff,combat-camera-context,no,no,no
6305,0aaa76206517,lara_col_poleup,GAME/LARA.C,6778,UNIMPLEMENTED,combat-camera-context,no,no,no
6306,0aaa76206517,lara_col_poleup,GAME/LARA.C,6781,GetLaraJointPosRot,combat-camera-context,no,no,no
6307,0aaa76206517,lara_col_poleup,GAME/LARA.C,6783,UNIMPLEMENTED,combat-camera-context,no,no,no
6308,0aaa76206517,lara_col_poleup,GAME/LARA.C,6786,DoSubsuitStuff,combat-camera-context,no,no,no
6309,0aaa76206517,lara_col_poleup,GAME/LARA.C,6788,UNIMPLEMENTED,combat-camera-context,no,no,no
6310,0aaa76206517,LaraTestClimb,GAME/LARACLMB.C,23,GetClimbTrigger,combat-camera-context,no,no,no
6311,0aaa76206517,LaraTestClimb,GAME/LARACLMB.C,29,GetHeight,combat-camera-context,no,no,no
6312,0aaa76206517,LaraTestClimb,GAME/LARACLMB.C,29,GetFloor,combat-camera-context,no,no,no
6313,0aaa76206517,LaraTestClimb,GAME/LARACLMB.C,56,lara_col_climbend,combat-camera-context,no,no,no
6314,0aaa76206517,LaraTestClimb,GAME/LARACLMB.C,61,lara_as_climbend,combat-camera-context,no,no,no
6315,0aaa76206517,LaraTestClimb,GAME/LARACLMB.C,67,ANGLE,combat-camera-context,no,no,no
6316,0aaa76206517,LaraTestClimb,GAME/LARACLMB.C,70,lara_col_climbdown,combat-camera-context,no,no,no
6317,0aaa76206517,LaraTestClimb,GAME/LARACLMB.C,77,LaraCheckForLetGo,combat-camera-context,no,no,no
6318,0aaa76206517,LaraTestClimb,GAME/LARACLMB.C,103,LaraTestClimbPos,combat-camera-context,no,no,no
6319,0aaa76206517,LaraTestClimb,GAME/LARACLMB.C,104,LaraTestClimbPos,combat-camera-context,no,no,no
6320,0aaa76206517,LaraTestClimb,GAME/LARACLMB.C,117,AnimateLara,combat-camera-context,no,no,no
6321,0aaa76206517,LaraTestClimb,GAME/LARACLMB.C,137,AnimateLara,combat-camera-context,no,no,no
6322,0aaa76206517,LaraTestClimb,GAME/LARACLMB.C,150,AnimateLara,combat-camera-context,no,no,no
6323,0aaa76206517,LaraTestClimb,GAME/LARACLMB.C,153,lara_as_climbdown,combat-camera-context,no,no,no
6324,0aaa76206517,LaraTestClimb,GAME/LARACLMB.C,158,ANGLE,combat-camera-context,no,no,no
6325,0aaa76206517,LaraTestClimb,GAME/LARACLMB.C,161,lara_col_climbing,combat-camera-context,no,no,no
6326,0aaa76206517,LaraTestClimb,GAME/LARACLMB.C,163,LaraCheckForLetGo,combat-camera-context,no,no,no
6327,0aaa76206517,LaraTestClimb,GAME/LARACLMB.C,190,LaraTestClimbUpPos,combat-camera-context,no,no,no
6328,0aaa76206517,LaraTestClimb,GAME/LARACLMB.C,191,LaraTestClimbUpPos,combat-camera-context,no,no,no
6329,0aaa76206517,LaraTestClimb,GAME/LARACLMB.C,201,AnimateLara,combat-camera-context,no,no,no
6330,0aaa76206517,LaraTestClimb,GAME/LARACLMB.C,203,ABS,combat-camera-context,no,no,no
6331,0aaa76206517,LaraTestClimb,GAME/LARACLMB.C,228,AnimateLara,combat-camera-context,no,no,no
6332,0aaa76206517,LaraTestClimb,GAME/LARACLMB.C,233,lara_as_climbing,combat-camera-context,no,no,no
6333,0aaa76206517,LaraTestClimb,GAME/LARACLMB.C,238,ANGLE,combat-camera-context,no,no,no
6334,0aaa76206517,LaraTestClimb,GAME/LARACLMB.C,241,lara_col_climbright,combat-camera-context,no,no,no
6335,0aaa76206517,LaraTestClimb,GAME/LARACLMB.C,246,LaraCheckForLetGo,combat-camera-context,no,no,no
6336,0aaa76206517,LaraTestClimb,GAME/LARACLMB.C,248,ANGLE,combat-camera-context,no,no,no
6337,0aaa76206517,LaraTestClimb,GAME/LARACLMB.C,250,LaraTestClimbPos,combat-camera-context,no,no,no
6338,0aaa76206517,LaraTestClimb,GAME/LARACLMB.C,251,LaraDoClimbLeftRight,combat-camera-context,no,no,no
6339,0aaa76206517,LaraTestClimb,GAME/LARACLMB.C,255,lara_as_climbright,combat-camera-context,no,no,no
6340,0aaa76206517,LaraTestClimb,GAME/LARACLMB.C,260,ANGLE,combat-camera-context,no,no,no
6341,0aaa76206517,LaraTestClimb,GAME/LARACLMB.C,261,ANGLE,combat-camera-context,no,no,no
6342,0aaa76206517,LaraTestClimb,GAME/LARACLMB.C,267,lara_col_climbleft,combat-camera-context,no,no,no
6343,0aaa76206517,LaraTestClimb,GAME/LARACLMB.C,272,LaraCheckForLetGo,combat-camera-context,no,no,no
6344,0aaa76206517,LaraTestClimb,GAME/LARACLMB.C,274,ANGLE,combat-camera-context,no,no,no
6345,0aaa76206517,LaraTestClimb,GAME/LARACLMB.C,276,LaraTestClimbPos,combat-camera-context,no,no,no
6346,0aaa76206517,LaraTestClimb,GAME/LARACLMB.C,277,LaraDoClimbLeftRight,combat-camera-context,no,no,no
6347,0aaa76206517,LaraTestClimb,GAME/LARACLMB.C,281,lara_as_climbleft,combat-camera-context,no,no,no
6348,0aaa76206517,LaraTestClimb,GAME/LARACLMB.C,286,ANGLE,combat-camera-context,no,no,no
6349,0aaa76206517,LaraTestClimb,GAME/LARACLMB.C,287,ANGLE,combat-camera-context,no,no,no
6350,0aaa76206517,LaraTestClimb,GAME/LARACLMB.C,293,lara_col_climbstnc,combat-camera-context,no,no,no
6351,0aaa76206517,LaraTestClimb,GAME/LARACLMB.C,305,LaraCheckForLetGo,combat-camera-context,no,no,no
6352,0aaa76206517,LaraTestClimb,GAME/LARACLMB.C,321,LaraTestClimbUpPos,combat-camera-context,no,no,no
6353,0aaa76206517,LaraTestClimb,GAME/LARACLMB.C,326,LaraTestClimbUpPos,combat-camera-context,no,no,no
6354,0aaa76206517,LaraTestClimb,GAME/LARACLMB.C,340,CLAMPSUB,combat-camera-context,no,no,no
6355,0aaa76206517,LaraTestClimb,GAME/LARACLMB.C,417,LaraTestClimbPos,combat-camera-context,no,no,no
6356,0aaa76206517,LaraTestClimb,GAME/LARACLMB.C,421,LaraTestClimbPos,combat-camera-context,no,no,no
6357,0aaa76206517,LaraTestClimb,GAME/LARACLMB.C,476,lara_as_climbstnc,combat-camera-context,no,no,no
6358,0aaa76206517,LaraTestClimb,GAME/LARACLMB.C,483,ANGLE,combat-camera-context,no,no,no
6359,0aaa76206517,LaraTestClimb,GAME/LARACLMB.C,487,LookUpDown,combat-camera-context,no,no,no
6360,0aaa76206517,LaraTestClimb,GAME/LARACLMB.C,494,ANGLE,combat-camera-context,no,no,no
6361,0aaa76206517,LaraTestClimb,GAME/LARACLMB.C,500,ANGLE,combat-camera-context,no,no,no
6362,0aaa76206517,LaraTestClimb,GAME/LARACLMB.C,509,ANGLE,combat-camera-context,no,no,no
6363,0aaa76206517,LaraTestClimb,GAME/LARACLMB.C,514,LaraTestClimbPos,combat-camera-context,no,no,no
6364,0aaa76206517,LaraTestClimb,GAME/LARACLMB.C,516,ANGLE,combat-camera-context,no,no,no
6365,0aaa76206517,LaraTestClimb,GAME/LARACLMB.C,550,LaraTestClimb,combat-camera-context,no,no,no
6366,0aaa76206517,LaraTestClimb,GAME/LARACLMB.C,553,LaraDoClimbLeftRight,combat-camera-context,no,no,no
6367,0aaa76206517,LaraTestClimb,GAME/LARACLMB.C,581,AnimateItem,combat-camera-context,no,no,no
6368,0aaa76206517,LaraTestClimb,GAME/LARACLMB.C,606,LaraClimbLeftCornerTest,combat-camera-context,no,no,no
6369,0aaa76206517,LaraTestClimb,GAME/LARACLMB.C,632,LaraClimbRightCornerTest,combat-camera-context,no,no,no
6370,0aaa76206517,LaraTestClimb,GAME/LARACLMB.C,660,AnimateLara,combat-camera-context,no,no,no
6371,0aaa76206517,LaraTestClimb,GAME/LARACLMB.C,663,LaraClimbRightCornerTest,combat-camera-context,no,no,no
6372,0aaa76206517,LaraTestClimb,GAME/LARACLMB.C,712,GetClimbTrigger,combat-camera-context,no,no,no
6373,0aaa76206517,LaraTestClimb,GAME/LARACLMB.C,717,GetClimbTrigger,combat-camera-context,no,no,no
6374,0aaa76206517,LaraTestClimb,GAME/LARACLMB.C,735,LaraTestClimbPos,combat-camera-context,no,no,no
6375,0aaa76206517,LaraTestClimb,GAME/LARACLMB.C,828,GetClimbTrigger,combat-camera-context,no,no,no
6376,0aaa76206517,LaraTestClimb,GAME/LARACLMB.C,847,LaraTestClimbPos,combat-camera-context,no,no,no
6377,0aaa76206517,LaraTestClimb,GAME/LARACLMB.C,866,LaraClimbLeftCornerTest,combat-camera-context,no,no,no
6378,0aaa76206517,LaraTestClimb,GAME/LARACLMB.C,868,UNIMPLEMENTED,combat-camera-context,no,no,no
6379,0aaa76206517,LaraTestClimb,GAME/LARACLMB.C,872,LaraTestClimb,combat-camera-context,no,no,no
6380,0aaa76206517,LaraTestClimb,GAME/LARACLMB.C,895,GetFloor,combat-camera-context,no,no,no
6381,0aaa76206517,LaraTestClimb,GAME/LARACLMB.C,896,GetHeight,combat-camera-context,no,no,no
6382,0aaa76206517,LaraTestClimb,GAME/LARACLMB.C,914,GetCeiling,combat-camera-context,no,no,no
6383,0aaa76206517,LaraTestClimb,GAME/LARACLMB.C,936,GetFloor,combat-camera-context,no,no,no
6384,0aaa76206517,LaraTestClimb,GAME/LARACLMB.C,937,GetHeight,combat-camera-context,no,no,no
6385,0aaa76206517,LaraTestClimb,GAME/LARACLMB.C,946,GetCeiling,combat-camera-context,no,no,no
6386,0aaa76206517,LaraTestClimb,GAME/LARACLMB.C,1012,GetFloor,combat-camera-context,no,no,no
6387,0aaa76206517,LaraTestClimb,GAME/LARACLMB.C,1013,GetCeiling,combat-camera-context,no,no,no
6388,0aaa76206517,LaraTestClimb,GAME/LARACLMB.C,1013,GetFloor,combat-camera-context,no,no,no
6389,0aaa76206517,LaraTestClimb,GAME/LARACLMB.C,1061,LaraTestClimbUpPos,combat-camera-context,no,no,no
6390,0aaa76206517,LaraTestClimb,GAME/LARACLMB.C,1081,ANGLE,combat-camera-context,no,no,no
6391,0aaa76206517,LaraTestClimb,GAME/LARACLMB.C,1120,GetCeiling,combat-camera-context,no,no,no
6392,0aaa76206517,LaraTestClimb,GAME/LARACLMB.C,1120,GetFloor,combat-camera-context,no,no,no
6393,0aaa76206517,LaraTestClimb,GAME/LARACLMB.C,1133,GetFloor,combat-camera-context,no,no,no
6394,0aaa76206517,LaraTestClimb,GAME/LARACLMB.C,1134,GetHeight,combat-camera-context,no,no,no
6395,0aaa76206517,LaraTestClimb,GAME/LARACLMB.C,1148,GetCeiling,combat-camera-context,no,no,no
6396,0aaa76206517,LaraTestClimb,GAME/LARACLMB.C,1181,GetFloor,combat-camera-context,no,no,no
6397,0aaa76206517,LaraTestClimb,GAME/LARACLMB.C,1182,GetCeiling,combat-camera-context,no,no,no
6398,0aaa76206517,LaraTestClimb,GAME/LARACLMB.C,1182,GetFloor,combat-camera-context,no,no,no
6399,0aaa76206517,LaraTestClimb,GAME/LARACLMB.C,1193,LaraCheckForLetGo,combat-camera-context,no,no,no
6400,0aaa76206517,LaraTestClimb,GAME/LARACLMB.C,1200,GetHeight,combat-camera-context,no,no,no
6401,0aaa76206517,LaraTestClimb,GAME/LARACLMB.C,1200,GetFloor,combat-camera-context,no,no,no
6402,0aaa76206517,LaraTestClimbUpPos,GAME/LARACLMB.C,23,GetClimbTrigger,combat-camera-context,no,no,no
6403,0aaa76206517,LaraTestClimbUpPos,GAME/LARACLMB.C,29,GetHeight,combat-camera-context,no,no,no
6404,0aaa76206517,LaraTestClimbUpPos,GAME/LARACLMB.C,29,GetFloor,combat-camera-context,no,no,no
6405,0aaa76206517,LaraTestClimbUpPos,GAME/LARACLMB.C,56,lara_col_climbend,combat-camera-context,no,no,no
6406,0aaa76206517,LaraTestClimbUpPos,GAME/LARACLMB.C,61,lara_as_climbend,combat-camera-context,no,no,no
6407,0aaa76206517,LaraTestClimbUpPos,GAME/LARACLMB.C,67,ANGLE,combat-camera-context,no,no,no
6408,0aaa76206517,LaraTestClimbUpPos,GAME/LARACLMB.C,70,lara_col_climbdown,combat-camera-context,no,no,no
6409,0aaa76206517,LaraTestClimbUpPos,GAME/LARACLMB.C,77,LaraCheckForLetGo,combat-camera-context,no,no,no
6410,0aaa76206517,LaraTestClimbUpPos,GAME/LARACLMB.C,103,LaraTestClimbPos,combat-camera-context,no,no,no
6411,0aaa76206517,LaraTestClimbUpPos,GAME/LARACLMB.C,104,LaraTestClimbPos,combat-camera-context,no,no,no
6412,0aaa76206517,LaraTestClimbUpPos,GAME/LARACLMB.C,117,AnimateLara,combat-camera-context,no,no,no
6413,0aaa76206517,LaraTestClimbUpPos,GAME/LARACLMB.C,137,AnimateLara,combat-camera-context,no,no,no
6414,0aaa76206517,LaraTestClimbUpPos,GAME/LARACLMB.C,150,AnimateLara,combat-camera-context,no,no,no
6415,0aaa76206517,LaraTestClimbUpPos,GAME/LARACLMB.C,153,lara_as_climbdown,combat-camera-context,no,no,no
6416,0aaa76206517,LaraTestClimbUpPos,GAME/LARACLMB.C,158,ANGLE,combat-camera-context,no,no,no
6417,0aaa76206517,LaraTestClimbUpPos,GAME/LARACLMB.C,161,lara_col_climbing,combat-camera-context,no,no,no
6418,0aaa76206517,LaraTestClimbUpPos,GAME/LARACLMB.C,163,LaraCheckForLetGo,combat-camera-context,no,no,no
6419,0aaa76206517,LaraTestClimbUpPos,GAME/LARACLMB.C,190,LaraTestClimbUpPos,combat-camera-context,no,no,no
6420,0aaa76206517,LaraTestClimbUpPos,GAME/LARACLMB.C,191,LaraTestClimbUpPos,combat-camera-context,no,no,no
6421,0aaa76206517,LaraTestClimbUpPos,GAME/LARACLMB.C,201,AnimateLara,combat-camera-context,no,no,no
6422,0aaa76206517,LaraTestClimbUpPos,GAME/LARACLMB.C,203,ABS,combat-camera-context,no,no,no
6423,0aaa76206517,LaraTestClimbUpPos,GAME/LARACLMB.C,228,AnimateLara,combat-camera-context,no,no,no
6424,0aaa76206517,LaraTestClimbUpPos,GAME/LARACLMB.C,233,lara_as_climbing,combat-camera-context,no,no,no
6425,0aaa76206517,LaraTestClimbUpPos,GAME/LARACLMB.C,238,ANGLE,combat-camera-context,no,no,no
6426,0aaa76206517,LaraTestClimbUpPos,GAME/LARACLMB.C,241,lara_col_climbright,combat-camera-context,no,no,no
6427,0aaa76206517,LaraTestClimbUpPos,GAME/LARACLMB.C,246,LaraCheckForLetGo,combat-camera-context,no,no,no
6428,0aaa76206517,LaraTestClimbUpPos,GAME/LARACLMB.C,248,ANGLE,combat-camera-context,no,no,no
6429,0aaa76206517,LaraTestClimbUpPos,GAME/LARACLMB.C,250,LaraTestClimbPos,combat-camera-context,no,no,no
6430,0aaa76206517,LaraTestClimbUpPos,GAME/LARACLMB.C,251,LaraDoClimbLeftRight,combat-camera-context,no,no,no
6431,0aaa76206517,LaraTestClimbUpPos,GAME/LARACLMB.C,255,lara_as_climbright,combat-camera-context,no,no,no
6432,0aaa76206517,LaraTestClimbUpPos,GAME/LARACLMB.C,260,ANGLE,combat-camera-context,no,no,no
6433,0aaa76206517,LaraTestClimbUpPos,GAME/LARACLMB.C,261,ANGLE,combat-camera-context,no,no,no
6434,0aaa76206517,LaraTestClimbUpPos,GAME/LARACLMB.C,267,lara_col_climbleft,combat-camera-context,no,no,no
6435,0aaa76206517,LaraTestClimbUpPos,GAME/LARACLMB.C,272,LaraCheckForLetGo,combat-camera-context,no,no,no
6436,0aaa76206517,LaraTestClimbUpPos,GAME/LARACLMB.C,274,ANGLE,combat-camera-context,no,no,no
6437,0aaa76206517,LaraTestClimbUpPos,GAME/LARACLMB.C,276,LaraTestClimbPos,combat-camera-context,no,no,no
6438,0aaa76206517,LaraTestClimbUpPos,GAME/LARACLMB.C,277,LaraDoClimbLeftRight,combat-camera-context,no,no,no
6439,0aaa76206517,LaraTestClimbUpPos,GAME/LARACLMB.C,281,lara_as_climbleft,combat-camera-context,no,no,no
6440,0aaa76206517,LaraTestClimbUpPos,GAME/LARACLMB.C,286,ANGLE,combat-camera-context,no,no,no
6441,0aaa76206517,LaraTestClimbUpPos,GAME/LARACLMB.C,287,ANGLE,combat-camera-context,no,no,no
6442,0aaa76206517,LaraTestClimbUpPos,GAME/LARACLMB.C,293,lara_col_climbstnc,combat-camera-context,no,no,no
6443,0aaa76206517,LaraTestClimbUpPos,GAME/LARACLMB.C,305,LaraCheckForLetGo,combat-camera-context,no,no,no
6444,0aaa76206517,LaraTestClimbUpPos,GAME/LARACLMB.C,321,LaraTestClimbUpPos,combat-camera-context,no,no,no
6445,0aaa76206517,LaraTestClimbUpPos,GAME/LARACLMB.C,326,LaraTestClimbUpPos,combat-camera-context,no,no,no
6446,0aaa76206517,LaraTestClimbUpPos,GAME/LARACLMB.C,340,CLAMPSUB,combat-camera-context,no,no,no
6447,0aaa76206517,LaraTestClimbUpPos,GAME/LARACLMB.C,417,LaraTestClimbPos,combat-camera-context,no,no,no
6448,0aaa76206517,LaraTestClimbUpPos,GAME/LARACLMB.C,421,LaraTestClimbPos,combat-camera-context,no,no,no
6449,0aaa76206517,LaraTestClimbUpPos,GAME/LARACLMB.C,476,lara_as_climbstnc,combat-camera-context,no,no,no
6450,0aaa76206517,LaraTestClimbUpPos,GAME/LARACLMB.C,483,ANGLE,combat-camera-context,no,no,no
6451,0aaa76206517,LaraTestClimbUpPos,GAME/LARACLMB.C,487,LookUpDown,combat-camera-context,no,no,no
6452,0aaa76206517,LaraTestClimbUpPos,GAME/LARACLMB.C,494,ANGLE,combat-camera-context,no,no,no
6453,0aaa76206517,LaraTestClimbUpPos,GAME/LARACLMB.C,500,ANGLE,combat-camera-context,no,no,no
6454,0aaa76206517,LaraTestClimbUpPos,GAME/LARACLMB.C,509,ANGLE,combat-camera-context,no,no,no
6455,0aaa76206517,LaraTestClimbUpPos,GAME/LARACLMB.C,514,LaraTestClimbPos,combat-camera-context,no,no,no
6456,0aaa76206517,LaraTestClimbUpPos,GAME/LARACLMB.C,516,ANGLE,combat-camera-context,no,no,no
6457,0aaa76206517,LaraTestClimbUpPos,GAME/LARACLMB.C,550,LaraTestClimb,combat-camera-context,no,no,no
6458,0aaa76206517,LaraTestClimbUpPos,GAME/LARACLMB.C,553,LaraDoClimbLeftRight,combat-camera-context,no,no,no
6459,0aaa76206517,LaraTestClimbUpPos,GAME/LARACLMB.C,581,AnimateItem,combat-camera-context,no,no,no
6460,0aaa76206517,LaraTestClimbUpPos,GAME/LARACLMB.C,606,LaraClimbLeftCornerTest,combat-camera-context,no,no,no
6461,0aaa76206517,LaraTestClimbUpPos,GAME/LARACLMB.C,632,LaraClimbRightCornerTest,combat-camera-context,no,no,no
6462,0aaa76206517,LaraTestClimbUpPos,GAME/LARACLMB.C,660,AnimateLara,combat-camera-context,no,no,no
6463,0aaa76206517,LaraTestClimbUpPos,GAME/LARACLMB.C,663,LaraClimbRightCornerTest,combat-camera-context,no,no,no
6464,0aaa76206517,LaraTestClimbUpPos,GAME/LARACLMB.C,712,GetClimbTrigger,combat-camera-context,no,no,no
6465,0aaa76206517,LaraTestClimbUpPos,GAME/LARACLMB.C,717,GetClimbTrigger,combat-camera-context,no,no,no
6466,0aaa76206517,LaraTestClimbUpPos,GAME/LARACLMB.C,735,LaraTestClimbPos,combat-camera-context,no,no,no
6467,0aaa76206517,LaraTestClimbUpPos,GAME/LARACLMB.C,828,GetClimbTrigger,combat-camera-context,no,no,no
6468,0aaa76206517,LaraTestClimbUpPos,GAME/LARACLMB.C,847,LaraTestClimbPos,combat-camera-context,no,no,no
6469,0aaa76206517,LaraTestClimbUpPos,GAME/LARACLMB.C,866,LaraClimbLeftCornerTest,combat-camera-context,no,no,no
6470,0aaa76206517,LaraTestClimbUpPos,GAME/LARACLMB.C,868,UNIMPLEMENTED,combat-camera-context,no,no,no
6471,0aaa76206517,LaraTestClimbUpPos,GAME/LARACLMB.C,872,LaraTestClimb,combat-camera-context,no,no,no
6472,0aaa76206517,LaraTestClimbUpPos,GAME/LARACLMB.C,895,GetFloor,combat-camera-context,no,no,no
6473,0aaa76206517,LaraTestClimbUpPos,GAME/LARACLMB.C,896,GetHeight,combat-camera-context,no,no,no
6474,0aaa76206517,LaraTestClimbUpPos,GAME/LARACLMB.C,914,GetCeiling,combat-camera-context,no,no,no
6475,0aaa76206517,LaraTestClimbUpPos,GAME/LARACLMB.C,936,GetFloor,combat-camera-context,no,no,no
6476,0aaa76206517,LaraTestClimbUpPos,GAME/LARACLMB.C,937,GetHeight,combat-camera-context,no,no,no
6477,0aaa76206517,LaraTestClimbUpPos,GAME/LARACLMB.C,946,GetCeiling,combat-camera-context,no,no,no
6478,0aaa76206517,LaraTestClimbUpPos,GAME/LARACLMB.C,1012,GetFloor,combat-camera-context,no,no,no
6479,0aaa76206517,LaraTestClimbUpPos,GAME/LARACLMB.C,1013,GetCeiling,combat-camera-context,no,no,no
6480,0aaa76206517,LaraTestClimbUpPos,GAME/LARACLMB.C,1013,GetFloor,combat-camera-context,no,no,no
6481,0aaa76206517,LaraTestClimbUpPos,GAME/LARACLMB.C,1061,LaraTestClimbUpPos,combat-camera-context,no,no,no
6482,0aaa76206517,LaraTestClimbUpPos,GAME/LARACLMB.C,1081,ANGLE,combat-camera-context,no,no,no
6483,0aaa76206517,LaraTestClimbUpPos,GAME/LARACLMB.C,1120,GetCeiling,combat-camera-context,no,no,no
6484,0aaa76206517,LaraTestClimbUpPos,GAME/LARACLMB.C,1120,GetFloor,combat-camera-context,no,no,no
6485,0aaa76206517,LaraTestClimbUpPos,GAME/LARACLMB.C,1133,GetFloor,combat-camera-context,no,no,no
6486,0aaa76206517,LaraTestClimbUpPos,GAME/LARACLMB.C,1134,GetHeight,combat-camera-context,no,no,no
6487,0aaa76206517,LaraTestClimbUpPos,GAME/LARACLMB.C,1148,GetCeiling,combat-camera-context,no,no,no
6488,0aaa76206517,LaraTestClimbUpPos,GAME/LARACLMB.C,1181,GetFloor,combat-camera-context,no,no,no
6489,0aaa76206517,LaraTestClimbUpPos,GAME/LARACLMB.C,1182,GetCeiling,combat-camera-context,no,no,no
6490,0aaa76206517,LaraTestClimbUpPos,GAME/LARACLMB.C,1182,GetFloor,combat-camera-context,no,no,no
6491,0aaa76206517,LaraTestClimbUpPos,GAME/LARACLMB.C,1193,LaraCheckForLetGo,combat-camera-context,no,no,no
6492,0aaa76206517,LaraTestClimbUpPos,GAME/LARACLMB.C,1200,GetHeight,combat-camera-context,no,no,no
6493,0aaa76206517,LaraTestClimbUpPos,GAME/LARACLMB.C,1200,GetFloor,combat-camera-context,no,no,no
6494,0aaa76206517,DoProperDetection,GAME/LARAFIRE.C,40,ANGLE,combat-camera-context,no,no,no
6495,0aaa76206517,DoProperDetection,GAME/LARAFIRE.C,40,ANGLE,combat-camera-context,no,no,no
6496,0aaa76206517,DoProperDetection,GAME/LARAFIRE.C,40,ANGLE,combat-camera-context,no,no,no
6497,0aaa76206517,DoProperDetection,GAME/LARAFIRE.C,40,ANGLE,combat-camera-context,no,no,no
6498,0aaa76206517,DoProperDetection,GAME/LARAFIRE.C,40,ANGLE,combat-camera-context,no,no,no
6499,0aaa76206517,DoProperDetection,GAME/LARAFIRE.C,40,ANGLE,combat-camera-context,no,no,no
6500,0aaa76206517,DoProperDetection,GAME/LARAFIRE.C,40,ANGLE,combat-camera-context,no,no,no
6501,0aaa76206517,DoProperDetection,GAME/LARAFIRE.C,40,ANGLE,combat-camera-context,no,no,no
6502,0aaa76206517,DoProperDetection,GAME/LARAFIRE.C,40,ANGLE,combat-camera-context,no,no,no
6503,0aaa76206517,DoProperDetection,GAME/LARAFIRE.C,40,ANGLE,combat-camera-context,no,no,no
6504,0aaa76206517,DoProperDetection,GAME/LARAFIRE.C,40,ANGLE,combat-camera-context,no,no,no
6505,0aaa76206517,DoProperDetection,GAME/LARAFIRE.C,40,ANGLE,combat-camera-context,no,no,no
6506,0aaa76206517,DoProperDetection,GAME/LARAFIRE.C,41,ANGLE,combat-camera-context,no,no,no
6507,0aaa76206517,DoProperDetection,GAME/LARAFIRE.C,41,ANGLE,combat-camera-context,no,no,no
6508,0aaa76206517,DoProperDetection,GAME/LARAFIRE.C,41,ANGLE,combat-camera-context,no,no,no
6509,0aaa76206517,DoProperDetection,GAME/LARAFIRE.C,41,ANGLE,combat-camera-context,no,no,no
6510,0aaa76206517,DoProperDetection,GAME/LARAFIRE.C,41,ANGLE,combat-camera-context,no,no,no
6511,0aaa76206517,DoProperDetection,GAME/LARAFIRE.C,41,ANGLE,combat-camera-context,no,no,no
6512,0aaa76206517,DoProperDetection,GAME/LARAFIRE.C,42,ANGLE,combat-camera-context,no,no,no
6513,0aaa76206517,DoProperDetection,GAME/LARAFIRE.C,42,ANGLE,combat-camera-context,no,no,no
6514,0aaa76206517,DoProperDetection,GAME/LARAFIRE.C,42,ANGLE,combat-camera-context,no,no,no
6515,0aaa76206517,DoProperDetection,GAME/LARAFIRE.C,42,ANGLE,combat-camera-context,no,no,no
6516,0aaa76206517,DoProperDetection,GAME/LARAFIRE.C,42,ANGLE,combat-camera-context,no,no,no
6517,0aaa76206517,DoProperDetection,GAME/LARAFIRE.C,42,ANGLE,combat-camera-context,no,no,no
6518,0aaa76206517,DoProperDetection,GAME/LARAFIRE.C,42,ANGLE,combat-camera-context,no,no,no
6519,0aaa76206517,DoProperDetection,GAME/LARAFIRE.C,42,ANGLE,combat-camera-context,no,no,no
6520,0aaa76206517,DoProperDetection,GAME/LARAFIRE.C,43,ANGLE,combat-camera-context,no,no,no
6521,0aaa76206517,DoProperDetection,GAME/LARAFIRE.C,43,ANGLE,combat-camera-context,no,no,no
6522,0aaa76206517,DoProperDetection,GAME/LARAFIRE.C,43,ANGLE,combat-camera-context,no,no,no
6523,0aaa76206517,DoProperDetection,GAME/LARAFIRE.C,43,ANGLE,combat-camera-context,no,no,no
6524,0aaa76206517,DoProperDetection,GAME/LARAFIRE.C,43,ANGLE,combat-camera-context,no,no,no
6525,0aaa76206517,DoProperDetection,GAME/LARAFIRE.C,43,ANGLE,combat-camera-context,no,no,no
6526,0aaa76206517,DoProperDetection,GAME/LARAFIRE.C,44,ANGLE,combat-camera-context,no,no,no
6527,0aaa76206517,DoProperDetection,GAME/LARAFIRE.C,44,ANGLE,combat-camera-context,no,no,no
6528,0aaa76206517,DoProperDetection,GAME/LARAFIRE.C,44,ANGLE,combat-camera-context,no,no,no
6529,0aaa76206517,DoProperDetection,GAME/LARAFIRE.C,44,ANGLE,combat-camera-context,no,no,no
6530,0aaa76206517,DoProperDetection,GAME/LARAFIRE.C,44,ANGLE,combat-camera-context,no,no,no
6531,0aaa76206517,DoProperDetection,GAME/LARAFIRE.C,44,ANGLE,combat-camera-context,no,no,no
6532,0aaa76206517,DoProperDetection,GAME/LARAFIRE.C,45,ANGLE,combat-camera-context,no,no,no
6533,0aaa76206517,DoProperDetection,GAME/LARAFIRE.C,45,ANGLE,combat-camera-context,no,no,no
6534,0aaa76206517,DoProperDetection,GAME/LARAFIRE.C,45,ANGLE,combat-camera-context,no,no,no
6535,0aaa76206517,DoProperDetection,GAME/LARAFIRE.C,45,ANGLE,combat-camera-context,no,no,no
6536,0aaa76206517,DoProperDetection,GAME/LARAFIRE.C,45,ANGLE,combat-camera-context,no,no,no
6537,0aaa76206517,DoProperDetection,GAME/LARAFIRE.C,45,ANGLE,combat-camera-context,no,no,no
6538,0aaa76206517,DoProperDetection,GAME/LARAFIRE.C,46,ANGLE,combat-camera-context,no,no,no
6539,0aaa76206517,DoProperDetection,GAME/LARAFIRE.C,46,ANGLE,combat-camera-context,no,no,no
6540,0aaa76206517,DoProperDetection,GAME/LARAFIRE.C,46,ANGLE,combat-camera-context,no,no,no
6541,0aaa76206517,DoProperDetection,GAME/LARAFIRE.C,46,ANGLE,combat-camera-context,no,no,no
6542,0aaa76206517,DoProperDetection,GAME/LARAFIRE.C,46,ANGLE,combat-camera-context,no,no,no
6543,0aaa76206517,DoProperDetection,GAME/LARAFIRE.C,46,ANGLE,combat-camera-context,no,no,no
6544,0aaa76206517,DoProperDetection,GAME/LARAFIRE.C,47,ANGLE,combat-camera-context,no,no,no
6545,0aaa76206517,DoProperDetection,GAME/LARAFIRE.C,47,ANGLE,combat-camera-context,no,no,no
6546,0aaa76206517,DoProperDetection,GAME/LARAFIRE.C,47,ANGLE,combat-camera-context,no,no,no
6547,0aaa76206517,DoProperDetection,GAME/LARAFIRE.C,47,ANGLE,combat-camera-context,no,no,no
6548,0aaa76206517,DoProperDetection,GAME/LARAFIRE.C,47,ANGLE,combat-camera-context,no,no,no
6549,0aaa76206517,DoProperDetection,GAME/LARAFIRE.C,47,ANGLE,combat-camera-context,no,no,no
6550,0aaa76206517,DoProperDetection,GAME/LARAFIRE.C,47,ANGLE,combat-camera-context,no,no,no
6551,0aaa76206517,DoProperDetection,GAME/LARAFIRE.C,47,ANGLE,combat-camera-context,no,no,no
6552,0aaa76206517,DoProperDetection,GAME/LARAFIRE.C,47,ANGLE,combat-camera-context,no,no,no
6553,0aaa76206517,DoProperDetection,GAME/LARAFIRE.C,47,ANGLE,combat-camera-context,no,no,no
6554,0aaa76206517,DoProperDetection,GAME/LARAFIRE.C,47,ANGLE,combat-camera-context,no,no,no
6555,0aaa76206517,DoProperDetection,GAME/LARAFIRE.C,47,ANGLE,combat-camera-context,no,no,no
6556,0aaa76206517,DoProperDetection,GAME/LARAFIRE.C,48,ANGLE,combat-camera-context,no,no,no
6557,0aaa76206517,DoProperDetection,GAME/LARAFIRE.C,48,ANGLE,combat-camera-context,no,no,no
6558,0aaa76206517,DoProperDetection,GAME/LARAFIRE.C,48,ANGLE,combat-camera-context,no,no,no
6559,0aaa76206517,DoProperDetection,GAME/LARAFIRE.C,48,ANGLE,combat-camera-context,no,no,no
6560,0aaa76206517,DoProperDetection,GAME/LARAFIRE.C,48,ANGLE,combat-camera-context,no,no,no
6561,0aaa76206517,DoProperDetection,GAME/LARAFIRE.C,48,ANGLE,combat-camera-context,no,no,no
6562,0aaa76206517,DoProperDetection,GAME/LARAFIRE.C,51,get_current_ammo_pointer,combat-camera-context,no,no,no
6563,0aaa76206517,DoProperDetection,GAME/LARAFIRE.C,99,DoProperDetection,combat-camera-context,no,no,no
6564,0aaa76206517,DoProperDetection,GAME/LARAFIRE.C,101,UNIMPLEMENTED,combat-camera-context,no,no,no
6565,0aaa76206517,DoProperDetection,GAME/LARAFIRE.C,104,WeaponObjectMesh,combat-camera-context,no,no,no
6566,0aaa76206517,DoProperDetection,GAME/LARAFIRE.C,123,WeaponObject,combat-camera-context,no,no,no
6567,0aaa76206517,DoProperDetection,GAME/LARAFIRE.C,142,HitTarget,combat-camera-context,no,no,no
6568,0aaa76206517,DoProperDetection,GAME/LARAFIRE.C,158,DoBloodSplat,combat-camera-context,no,no,no
6569,0aaa76206517,DoProperDetection,GAME/LARAFIRE.C,158,GetRandomControl,combat-camera-context,no,no,no
6570,0aaa76206517,DoProperDetection,GAME/LARAFIRE.C,163,TriggerRicochetSpark,combat-camera-context,no,no,no
6571,0aaa76206517,DoProperDetection,GAME/LARAFIRE.C,167,TriggerRicochetSpark,combat-camera-context,no,no,no
6572,0aaa76206517,DoProperDetection,GAME/LARAFIRE.C,168,SoundEffect,combat-camera-context,no,no,no
6573,0aaa76206517,DoProperDetection,GAME/LARAFIRE.C,185,FireWeapon,combat-camera-context,no,no,no
6574,0aaa76206517,DoProperDetection,GAME/LARAFIRE.C,187,UNIMPLEMENTED,combat-camera-context,no,no,no
6575,0aaa76206517,DoProperDetection,GAME/LARAFIRE.C,191,AimWeapon,combat-camera-context,no,no,no
6576,0aaa76206517,DoProperDetection,GAME/LARAFIRE.C,193,UNIMPLEMENTED,combat-camera-context,no,no,no
6577,0aaa76206517,DoProperDetection,GAME/LARAFIRE.C,196,find_target_point,combat-camera-context,no,no,no
6578,0aaa76206517,DoProperDetection,GAME/LARAFIRE.C,198,UNIMPLEMENTED,combat-camera-context,no,no,no
6579,0aaa76206517,DoProperDetection,GAME/LARAFIRE.C,201,LaraGetNewTarget,combat-camera-context,no,no,no
6580,0aaa76206517,DoProperDetection,GAME/LARAFIRE.C,203,UNIMPLEMENTED,combat-camera-context,no,no,no
6581,0aaa76206517,DoProperDetection,GAME/LARAFIRE.C,206,LaraTargetInfo,combat-camera-context,no,no,no
6582,0aaa76206517,DoProperDetection,GAME/LARAFIRE.C,208,UNIMPLEMENTED,combat-camera-context,no,no,no
6583,0aaa76206517,DoProperDetection,GAME/LARAFIRE.C,211,InitialiseNewWeapon,combat-camera-context,no,no,no
6584,0aaa76206517,DoProperDetection,GAME/LARAFIRE.C,235,draw_pistol_meshes,combat-camera-context,no,no,no
6585,0aaa76206517,DoProperDetection,GAME/LARAFIRE.C,241,WeaponObject,combat-camera-context,no,no,no
6586,0aaa76206517,DoProperDetection,GAME/LARAFIRE.C,243,draw_shotgun_meshes,combat-camera-context,no,no,no
6587,0aaa76206517,DoProperDetection,GAME/LARAFIRE.C,249,draw_flare_meshes,combat-camera-context,no,no,no
6588,0aaa76206517,DoProperDetection,GAME/LARAFIRE.C,258,CheckForHoldingState,combat-camera-context,no,no,no
6589,0aaa76206517,DoProperDetection,GAME/LARAFIRE.C,273,LaraGun,combat-camera-context,no,no,no
6590,0aaa76206517,DoProperDetection,GAME/LARAFIRE.C,292,DoFlameTorch,combat-camera-context,no,no,no
6591,0aaa76206517,DoProperDetection,GAME/LARAFIRE.C,387,CreateFlare,combat-camera-context,no,no,no
6592,0aaa76206517,DoProperDetection,GAME/LARAFIRE.C,388,undraw_flare_meshes,combat-camera-context,no,no,no
6593,0aaa76206517,DoProperDetection,GAME/LARAFIRE.C,395,InitialiseNewWeapon,combat-camera-context,no,no,no
6594,0aaa76206517,DoProperDetection,GAME/LARAFIRE.C,469,CheckForHoldingState,combat-camera-context,no,no,no
6595,0aaa76206517,DoProperDetection,GAME/LARAFIRE.C,502,DoFlareInHand,combat-camera-context,no,no,no
6596,0aaa76206517,DoProperDetection,GAME/LARAFIRE.C,503,set_flare_arm,combat-camera-context,no,no,no
6597,0aaa76206517,DoProperDetection,GAME/LARAFIRE.C,524,CheckForHoldingState,combat-camera-context,no,no,no
6598,0aaa76206517,DoProperDetection,GAME/LARAFIRE.C,525,DoFlareInHand,combat-camera-context,no,no,no
6599,0aaa76206517,DoProperDetection,GAME/LARAFIRE.C,526,set_flare_arm,combat-camera-context,no,no,no
6600,0aaa76206517,DoProperDetection,GAME/LARAFIRE.C,556,draw_pistols,combat-camera-context,no,no,no
6601,0aaa76206517,DoProperDetection,GAME/LARAFIRE.C,568,draw_shotgun,combat-camera-context,no,no,no
6602,0aaa76206517,DoProperDetection,GAME/LARAFIRE.C,573,draw_flare,combat-camera-context,no,no,no
6603,0aaa76206517,DoProperDetection,GAME/LARAFIRE.C,599,undraw_pistols,combat-camera-context,no,no,no
6604,0aaa76206517,DoProperDetection,GAME/LARAFIRE.C,605,undraw_shotgun,combat-camera-context,no,no,no
6605,0aaa76206517,DoProperDetection,GAME/LARAFIRE.C,609,undraw_flare,combat-camera-context,no,no,no
6606,0aaa76206517,DoProperDetection,GAME/LARAFIRE.C,633,get_current_ammo_pointer,combat-camera-context,no,no,no
6607,0aaa76206517,DoProperDetection,GAME/LARAFIRE.C,654,PistolHandler,combat-camera-context,no,no,no
6608,0aaa76206517,DoProperDetection,GAME/LARAFIRE.C,661,RifleHandler,combat-camera-context,no,no,no
6609,0aaa76206517,ControlBodyPart,GAME/MISSILE.C,22,ControlBodyPart,combat-camera-context,no,no,no
6610,0aaa76206517,ControlBodyPart,GAME/MISSILE.C,42,GetRandomControl,combat-camera-context,no,no,no
6611,0aaa76206517,ControlBodyPart,GAME/MISSILE.C,43,GetRandomControl,combat-camera-context,no,no,no
6612,0aaa76206517,ControlBodyPart,GAME/MISSILE.C,47,GetRandomControl,combat-camera-context,no,no,no
6613,0aaa76206517,ControlBodyPart,GAME/MISSILE.C,48,GetRandomControl,combat-camera-context,no,no,no
6614,0aaa76206517,ControlBodyPart,GAME/MISSILE.C,56,COS,combat-camera-context,no,no,no
6615,0aaa76206517,ControlBodyPart,GAME/MISSILE.C,57,SIN,combat-camera-context,no,no,no
6616,0aaa76206517,ControlBodyPart,GAME/MISSILE.C,61,GetFloor,combat-camera-context,no,no,no
6617,0aaa76206517,ControlBodyPart,GAME/MISSILE.C,64,GetCeiling,combat-camera-context,no,no,no
6618,0aaa76206517,ControlBodyPart,GAME/MISSILE.C,72,GetHeight,combat-camera-context,no,no,no
6619,0aaa76206517,ControlBodyPart,GAME/MISSILE.C,82,ExplodeFX,combat-camera-context,no,no,no
6620,0aaa76206517,ControlBodyPart,GAME/MISSILE.C,84,ExplodeFX,combat-camera-context,no,no,no
6621,0aaa76206517,ControlBodyPart,GAME/MISSILE.C,86,KillEffect,combat-camera-context,no,no,no
6622,0aaa76206517,ControlBodyPart,GAME/MISSILE.C,89,SoundEffect,combat-camera-context,no,no,no
6623,0aaa76206517,ControlBodyPart,GAME/MISSILE.C,103,ANGLE,combat-camera-context,no,no,no
6624,0aaa76206517,ControlBodyPart,GAME/MISSILE.C,109,ABS,combat-camera-context,no,no,no
6625,0aaa76206517,ControlBodyPart,GAME/MISSILE.C,116,KillEffect,combat-camera-context,no,no,no
6626,0aaa76206517,ControlBodyPart,GAME/MISSILE.C,120,GetRandomControl,combat-camera-context,no,no,no
6627,0aaa76206517,ControlBodyPart,GAME/MISSILE.C,122,DoBloodSplat,combat-camera-context,no,no,no
6628,0aaa76206517,ControlBodyPart,GAME/MISSILE.C,123,GetRandomControl,combat-camera-context,no,no,no
6629,0aaa76206517,ControlBodyPart,GAME/MISSILE.C,124,GetRandomControl,combat-camera-context,no,no,no
6630,0aaa76206517,ControlBodyPart,GAME/MISSILE.C,125,GetRandomControl,combat-camera-context,no,no,no
6631,0aaa76206517,ControlBodyPart,GAME/MISSILE.C,126,GetRandomControl,combat-camera-context,no,no,no
6632,0aaa76206517,ControlBodyPart,GAME/MISSILE.C,131,EffectNewRoom,combat-camera-context,no,no,no
6633,0aaa76206517,ControlBodyPart,GAME/MISSILE.C,134,ExplodeFX,combat-camera-context,no,no,no
6634,0aaa76206517,ControlBodyPart,GAME/MISSILE.C,149,ShatterObject,combat-camera-context,no,no,no
6635,0aaa76206517,GetCollisionInfo,SPEC_PSXPC_N/COLLIDE_S.C,14,UpdateSky,combat-camera-context,no,no,no
6636,0aaa76206517,GetCollisionInfo,SPEC_PSXPC_N/COLLIDE_S.C,53,UpdateLaraRoom,combat-camera-context,no,no,no
6637,0aaa76206517,GetCollisionInfo,SPEC_PSXPC_N/COLLIDE_S.C,58,GetHeight,combat-camera-context,no,no,no
6638,0aaa76206517,GetCollisionInfo,SPEC_PSXPC_N/COLLIDE_S.C,58,GetFloor,combat-camera-context,no,no,no
6639,0aaa76206517,GetCollisionInfo,SPEC_PSXPC_N/COLLIDE_S.C,61,ItemNewRoom,combat-camera-context,no,no,no
6640,0aaa76206517,GetCollisionInfo,SPEC_PSXPC_N/COLLIDE_S.C,65,ItemNewRoom,combat-camera-context,no,no,no
6641,0aaa76206517,GetCollisionInfo,SPEC_PSXPC_N/COLLIDE_S.C,154,FindGridShift,combat-camera-context,no,no,no
6642,0aaa76206517,GetCollisionInfo,SPEC_PSXPC_N/COLLIDE_S.C,175,CollideStaticObjects,combat-camera-context,no,no,no
6643,0aaa76206517,GetCollisionInfo,SPEC_PSXPC_N/COLLIDE_S.C,354,GetFloor,combat-camera-context,no,no,no
6644,0aaa76206517,GetCollisionInfo,SPEC_PSXPC_N/COLLIDE_S.C,355,GetHeight,combat-camera-context,no,no,no
6645,0aaa76206517,GetCollisionInfo,SPEC_PSXPC_N/COLLIDE_S.C,364,GetCeiling,combat-camera-context,no,no,no
6646,0aaa76206517,GetCollisionInfo,SPEC_PSXPC_N/COLLIDE_S.C,400,GetTiltType,combat-camera-context,no,no,no
6647,0aaa76206517,GetCollisionInfo,SPEC_PSXPC_N/COLLIDE_S.C,408,CheckNoColFloorTriangle,combat-camera-context,no,no,no
6648,0aaa76206517,GetCollisionInfo,SPEC_PSXPC_N/COLLIDE_S.C,475,GetCollisionInfo,combat-camera-context,no,no,no
6649,0aaa76206517,GetCollisionInfo,SPEC_PSXPC_N/COLLIDE_S.C,524,GetFloor,combat-camera-context,no,no,no
6650,0aaa76206517,GetCollisionInfo,SPEC_PSXPC_N/COLLIDE_S.C,525,GetHeight,combat-camera-context,no,no,no
6651,0aaa76206517,GetCollisionInfo,SPEC_PSXPC_N/COLLIDE_S.C,532,GetCeiling,combat-camera-context,no,no,no
6652,0aaa76206517,GetCollisionInfo,SPEC_PSXPC_N/COLLIDE_S.C,547,GetTiltType,combat-camera-context,no,no,no
6653,0aaa76206517,GetCollisionInfo,SPEC_PSXPC_N/COLLIDE_S.C,566,SIN,combat-camera-context,no,no,no
6654,0aaa76206517,GetCollisionInfo,SPEC_PSXPC_N/COLLIDE_S.C,576,COS,combat-camera-context,no,no,no
6655,0aaa76206517,GetCollisionInfo,SPEC_PSXPC_N/COLLIDE_S.C,586,SIN,combat-camera-context,no,no,no
6656,0aaa76206517,GetCollisionInfo,SPEC_PSXPC_N/COLLIDE_S.C,596,COS,combat-camera-context,no,no,no
6657,0aaa76206517,GetCollisionInfo,SPEC_PSXPC_N/COLLIDE_S.C,618,GetFloor,combat-camera-context,no,no,no
6658,0aaa76206517,GetCollisionInfo,SPEC_PSXPC_N/COLLIDE_S.C,619,GetHeight,combat-camera-context,no,no,no
6659,0aaa76206517,GetCollisionInfo,SPEC_PSXPC_N/COLLIDE_S.C,626,GetCeiling,combat-camera-context,no,no,no
6660,0aaa76206517,GetCollisionInfo,SPEC_PSXPC_N/COLLIDE_S.C,640,GetFloor,combat-camera-context,no,no,no
6661,0aaa76206517,GetCollisionInfo,SPEC_PSXPC_N/COLLIDE_S.C,644,GetHeight,combat-camera-context,no,no,no
6662,0aaa76206517,GetCollisionInfo,SPEC_PSXPC_N/COLLIDE_S.C,728,CollideStaticObjects,combat-camera-context,no,no,no
6663,0aaa76206517,GetCollisionInfo,SPEC_PSXPC_N/COLLIDE_S.C,792,FindGridShift,combat-camera-context,no,no,no
6664,0aaa76206517,GetCollisionInfo,SPEC_PSXPC_N/COLLIDE_S.C,799,FindGridShift,combat-camera-context,no,no,no
6665,0aaa76206517,GetCollisionInfo,SPEC_PSXPC_N/COLLIDE_S.C,808,FindGridShift,combat-camera-context,no,no,no
6666,0aaa76206517,GetCollisionInfo,SPEC_PSXPC_N/COLLIDE_S.C,815,FindGridShift,combat-camera-context,no,no,no
6667,0aaa76206517,GetCollisionInfo,SPEC_PSXPC_N/COLLIDE_S.C,854,FindGridShift,combat-camera-context,no,no,no
6668,0aaa76206517,GetCollisionInfo,SPEC_PSXPC_N/COLLIDE_S.C,861,FindGridShift,combat-camera-context,no,no,no
6669,0aaa76206517,GetCollisionInfo,SPEC_PSXPC_N/COLLIDE_S.C,868,FindGridShift,combat-camera-context,no,no,no
6670,0aaa76206517,GetCollisionInfo,SPEC_PSXPC_N/COLLIDE_S.C,876,FindGridShift,combat-camera-context,no,no,no
6671,0aaa76206517,GetCollisionInfo,SPEC_PSXPC_N/COLLIDE_S.C,903,FindGridShift,combat-camera-context,no,no,no
6672,0aaa76206517,GetCollisionInfo,SPEC_PSXPC_N/COLLIDE_S.C,910,FindGridShift,combat-camera-context,no,no,no
6673,0aaa76206517,GetCollisionInfo,SPEC_PSXPC_N/COLLIDE_S.C,917,FindGridShift,combat-camera-context,no,no,no
6674,0aaa76206517,GetCollisionInfo,SPEC_PSXPC_N/COLLIDE_S.C,924,FindGridShift,combat-camera-context,no,no,no
